#
# There is insufficient memory for the Java Runtime Environment to continue.
# Native memory allocation (mmap) failed to map 379584512 bytes. Error detail: G1 virtual space
# Possible reasons:
#   The system is out of physical RAM or swap space
#   This process is running with CompressedOops enabled, and the Java Heap may be blocking the growth of the native heap
# Possible solutions:
#   Reduce memory load on the system
#   Increase physical memory or swap space
#   Check if swap backing store is full
#   Decrease Java heap size (-Xmx/-Xms)
#   Decrease number of Java threads
#   Decrease Java thread stack sizes (-Xss)
#   Set larger code cache with -XX:ReservedCodeCacheSize=
#   JVM is running with Zero Based Compressed Oops mode in which the Java heap is
#     placed in the first 32GB address space. The Java Heap base address is the
#     maximum limit for the native heap growth. Please use -XX:HeapBaseMinAddress
#     to set the Java Heap base and to place the Java Heap above 32GB virtual address.
# This output file may be truncated or incomplete.
#
#  Out of Memory Error (os_windows.cpp:3926), pid=7704, tid=6196
#
# JRE version: OpenJDK Runtime Environment (21.0.10) (build 21.0.10+-14961533-b1163.108)
# Java VM: OpenJDK 64-Bit Server VM (21.0.10+-14961533-b1163.108, mixed mode, tiered, compressed oops, compressed class ptrs, g1 gc, windows-amd64)
# No core dump will be written. Minidumps are not enabled by default on client versions of Windows
#

---------------  S U M M A R Y ------------

Command Line: --add-opens=java.base/java.lang=ALL-UNNAMED --add-opens=java.base/java.lang.invoke=ALL-UNNAMED --add-opens=java.base/java.util=ALL-UNNAMED --add-opens=java.prefs/java.util.prefs=ALL-UNNAMED --add-exports=jdk.compiler/com.sun.tools.javac.api=ALL-UNNAMED --add-exports=jdk.compiler/com.sun.tools.javac.util=ALL-UNNAMED --add-opens=java.base/java.util=ALL-UNNAMED --add-opens=java.prefs/java.util.prefs=ALL-UNNAMED --add-opens=java.base/java.nio.charset=ALL-UNNAMED --add-opens=java.base/java.net=ALL-UNNAMED --add-opens=java.base/java.util.concurrent.atomic=ALL-UNNAMED --add-opens=java.xml/javax.xml.namespace=ALL-UNNAMED -XX:MaxMetaspaceSize=512m -XX:+UseG1GC -Xmx4096m -Dfile.encoding=UTF-8 -Duser.country=NI -Duser.language=es -Duser.variant -javaagent:C:\Users\Cronos\.gradle\wrapper\dists\gradle-8.13-bin\5xuhj0ry160q40clulazy9h7d\gradle-8.13\lib\agents\gradle-instrumentation-agent-8.13.jar org.gradle.launcher.daemon.bootstrap.GradleDaemon 8.13

Host: Intel(R) N100, 4 cores, 7G,  Windows 11 , 64 bit Build 26100 (10.0.26100.8875)
Time: Thu Aug  6 14:13:16 2026 Hora estándar, América Central elapsed time: 3952.639627 seconds (0d 1h 5m 52s)

---------------  T H R E A D  ---------------

Current thread (0x00000166f2344e10):  VMThread "VM Thread"          [id=6196, stack(0x0000004593600000,0x0000004593700000) (1024K)]

Stack: [0x0000004593600000,0x0000004593700000]
Native frames: (J=compiled Java code, j=interpreted, Vv=VM code, C=native code)
V  [jvm.dll+0x6d78a9]
V  [jvm.dll+0x8665b3]
V  [jvm.dll+0x868bde]
V  [jvm.dll+0x8692c3]
V  [jvm.dll+0x280ee6]
V  [jvm.dll+0x6d4165]
V  [jvm.dll+0x6c77fa]
V  [jvm.dll+0x358f4b]
V  [jvm.dll+0x360bc6]
V  [jvm.dll+0x3b2ea6]
V  [jvm.dll+0x3b3178]
V  [jvm.dll+0x32b65c]
V  [jvm.dll+0x32b6e7]
V  [jvm.dll+0x3715cc]
V  [jvm.dll+0x36fd7e]
V  [jvm.dll+0x32adb1]
V  [jvm.dll+0x36f480]
V  [jvm.dll+0x86f048]
V  [jvm.dll+0x870394]
V  [jvm.dll+0x8708d0]
V  [jvm.dll+0x870b63]
V  [jvm.dll+0x80fd28]
V  [jvm.dll+0x6d60fd]
C  [ucrtbase.dll+0x2cd30]
C  [KERNEL32.DLL+0x2e957]
C  [ntdll.dll+0xaad6c]

VM_Operation (0x00000045975fbd60): G1CollectForAllocation, mode: safepoint, requested by thread 0x00000166febf0d80


---------------  P R O C E S S  ---------------

Threads class SMR info:
_java_thread_list=0x00000166fd665b80, length=101, elements={
0x00000166d6c5ad00, 0x00000166f24f1f50, 0x00000166f24f5530, 0x00000166f2510640,
0x00000166f251bf60, 0x00000166f251c9c0, 0x00000166f251d420, 0x00000166f251de80,
0x00000166f252e6b0, 0x00000166f254aa00, 0x00000166f2828c80, 0x00000166f80b0730,
0x00000166f82a94b0, 0x00000166f92e4800, 0x00000166f988e950, 0x00000166f988efe0,
0x00000166f988bb60, 0x00000166f8275450, 0x00000166f8273a10, 0x00000166f8274730,
0x00000166f8273380, 0x00000166f8276800, 0x00000166f8276e90, 0x00000166f82740a0,
0x00000166fb48d270, 0x00000166fe33bee0, 0x00000166fe33a4a0, 0x00000166fe339e10,
0x00000166fe33ecd0, 0x00000166fe33d920, 0x00000166fe340da0, 0x00000166fe343b90,
0x00000166fe342e70, 0x00000166fd381db0, 0x00000166fd383160, 0x00000166fd380370,
0x00000166fd383e80, 0x00000166fd380a00, 0x00000166fd384510, 0x00000166fd381090,
0x00000166fd387300, 0x00000166fd384ba0, 0x00000166fd385f50, 0x000001668b01e6a0,
0x000001668b01cc60, 0x000001668b01ed30, 0x000001668b01fa50, 0x000001668b01e010,
0x000001668b01c5d0, 0x000001668b021490, 0x000001668b021b20, 0x000001668b022ed0,
0x000001668b023560, 0x000001668b0200e0, 0x000001668b024280, 0x000001668b025630,
0x000001668b028420, 0x000001668b028ab0, 0x000001668b02a4f0, 0x000001668b029e60,
0x00000166f725d610, 0x00000166f725e9c0, 0x00000166f725f050, 0x00000166f725bbd0,
0x00000166f725f6e0, 0x00000166f7260400, 0x00000166f725cf80, 0x00000166f7260a90,
0x00000166febf06f0, 0x00000166febf0d80, 0x00000166febed900, 0x00000166febf4f20,
0x00000166febf1aa0, 0x00000166febf83a0, 0x000001668acd0620, 0x000001668acc9690,
0x000001668acc82e0, 0x000001668acc9d20, 0x000001668acca3b0, 0x000001668acc8970,
0x000001668accb0d0, 0x000001668accb760, 0x000001668accc480, 0x000001668accd830,
0x000001668acce550, 0x000001668accf900, 0x000001668accff90, 0x000001668acccb10,
0x000001668acd3aa0, 0x000001668acd3410, 0x000001668acd26f0, 0x000001668acd2d80,
0x000001668acd4130, 0x000001668acc7c50, 0x000001668acc9000, 0x0000016690342e50,
0x0000016690340060, 0x0000016690341aa0, 0x0000016690342130, 0x00000166903427c0,
0x00000166903434e0
}

Java Threads: ( => current thread )
  0x00000166d6c5ad00 JavaThread "main"                              [_thread_blocked, id=12152, stack(0x0000004592f00000,0x0000004593000000) (1024K)]
  0x00000166f24f1f50 JavaThread "Common-Cleaner"             daemon [_thread_blocked, id=10972, stack(0x0000004593700000,0x0000004593800000) (1024K)]
  0x00000166f24f5530 JavaThread "Reference Handler"          daemon [_thread_blocked, id=1108, stack(0x0000004593800000,0x0000004593900000) (1024K)]
  0x00000166f2510640 JavaThread "Finalizer"                  daemon [_thread_blocked, id=11300, stack(0x0000004593900000,0x0000004593a00000) (1024K)]
  0x00000166f251bf60 JavaThread "Signal Dispatcher"          daemon [_thread_blocked, id=11220, stack(0x0000004593a00000,0x0000004593b00000) (1024K)]
  0x00000166f251c9c0 JavaThread "Attach Listener"            daemon [_thread_blocked, id=14200, stack(0x0000004593b00000,0x0000004593c00000) (1024K)]
  0x00000166f251d420 JavaThread "Service Thread"             daemon [_thread_blocked, id=12032, stack(0x0000004593c00000,0x0000004593d00000) (1024K)]
  0x00000166f251de80 JavaThread "Monitor Deflation Thread"   daemon [_thread_blocked, id=10976, stack(0x0000004593d00000,0x0000004593e00000) (1024K)]
  0x00000166f252e6b0 JavaThread "C2 CompilerThread0"         daemon [_thread_blocked, id=3232, stack(0x0000004593e00000,0x0000004593f00000) (1024K)]
  0x00000166f254aa00 JavaThread "C1 CompilerThread0"         daemon [_thread_blocked, id=10744, stack(0x0000004593f00000,0x0000004594000000) (1024K)]
  0x00000166f2828c80 JavaThread "Notification Thread"        daemon [_thread_blocked, id=3536, stack(0x0000004594000000,0x0000004594100000) (1024K)]
  0x00000166f80b0730 JavaThread "Daemon health stats"               [_thread_blocked, id=6336, stack(0x0000004594500000,0x0000004594600000) (1024K)]
  0x00000166f82a94b0 JavaThread "Incoming local TCP Connector on port 58461"        [_thread_in_native, id=10296, stack(0x0000004594600000,0x0000004594700000) (1024K)]
  0x00000166f92e4800 JavaThread "Daemon periodic checks"            [_thread_blocked, id=9964, stack(0x0000004594700000,0x0000004594800000) (1024K)]
  0x00000166f988e950 JavaThread "Cache worker for journal cache (C:\Users\Cronos\.gradle\caches\journal-1)"        [_thread_blocked, id=10628, stack(0x0000004594f00000,0x0000004595000000) (1024K)]
  0x00000166f988efe0 JavaThread "File lock request listener"        [_thread_in_native, id=8708, stack(0x0000004595000000,0x0000004595100000) (1024K)]
  0x00000166f988bb60 JavaThread "Cache worker for file hash cache (C:\Users\Cronos\.gradle\caches\8.13\fileHashes)"        [_thread_blocked, id=1740, stack(0x0000004595100000,0x0000004595200000) (1024K)]
  0x00000166f8275450 JavaThread "File watcher server"        daemon [_thread_blocked, id=12308, stack(0x0000004595300000,0x0000004595400000) (1024K)]
  0x00000166f8273a10 JavaThread "File watcher consumer"      daemon [_thread_blocked, id=2924, stack(0x0000004595400000,0x0000004595500000) (1024K)]
  0x00000166f8274730 JavaThread "jar transforms"                    [_thread_blocked, id=11008, stack(0x0000004595500000,0x0000004595600000) (1024K)]
  0x00000166f8273380 JavaThread "jar transforms Thread 2"           [_thread_blocked, id=12372, stack(0x0000004595600000,0x0000004595700000) (1024K)]
  0x00000166f8276800 JavaThread "jar transforms Thread 3"           [_thread_blocked, id=7812, stack(0x0000004595700000,0x0000004595800000) (1024K)]
  0x00000166f8276e90 JavaThread "jar transforms Thread 4"           [_thread_blocked, id=4356, stack(0x0000004595800000,0x0000004595900000) (1024K)]
  0x00000166f82740a0 JavaThread "Cache worker for file content cache (C:\Users\Cronos\.gradle\caches\8.13\fileContent)"        [_thread_blocked, id=11536, stack(0x0000004595a00000,0x0000004595b00000) (1024K)]
  0x00000166fb48d270 JavaThread "Memory manager"                    [_thread_blocked, id=4388, stack(0x0000004597000000,0x0000004597100000) (1024K)]
  0x00000166fe33bee0 JavaThread "Java2D Disposer"            daemon [_thread_blocked, id=8760, stack(0x0000004599700000,0x0000004599800000) (1024K)]
  0x00000166fe33a4a0 JavaThread "AWT-Windows"                daemon [_thread_in_native, id=5720, stack(0x0000004599900000,0x0000004599a00000) (1024K)]
  0x00000166fe339e10 JavaThread "DefaultDispatcher-worker-1" daemon [_thread_blocked, id=12564, stack(0x0000004599b00000,0x0000004599c00000) (1024K)]
  0x00000166fe33ecd0 JavaThread "DefaultDispatcher-worker-2" daemon [_thread_blocked, id=4640, stack(0x0000004599c00000,0x0000004599d00000) (1024K)]
  0x00000166fe33d920 JavaThread "DefaultDispatcher-worker-3" daemon [_thread_blocked, id=8104, stack(0x0000004599d00000,0x0000004599e00000) (1024K)]
  0x00000166fe340da0 JavaThread "DefaultDispatcher-worker-4" daemon [_thread_blocked, id=13380, stack(0x0000004599e00000,0x0000004599f00000) (1024K)]
  0x00000166fe343b90 JavaThread "Periodic tasks thread"      daemon [_thread_blocked, id=14084, stack(0x0000004599800000,0x0000004599900000) (1024K)]
  0x00000166fe342e70 JavaThread "ApplicationImpl pooled thread 1"        [_thread_blocked, id=4456, stack(0x0000004599a00000,0x0000004599b00000) (1024K)]
  0x00000166fd381db0 JavaThread "Daemon Thread 2"                   [_thread_blocked, id=13900, stack(0x0000004592c00000,0x0000004592d00000) (1024K)]
  0x00000166fd383160 JavaThread "Handler for socket connection from /127.0.0.1:58461 to /127.0.0.1:55311"        [_thread_in_native, id=6416, stack(0x0000004592d00000,0x0000004592e00000) (1024K)]
  0x00000166fd380370 JavaThread "Cancel handler"                    [_thread_blocked, id=8640, stack(0x0000004592e00000,0x0000004592f00000) (1024K)]
  0x00000166fd383e80 JavaThread "Daemon worker Thread 2"            [_thread_blocked, id=9236, stack(0x0000004594100000,0x0000004594200000) (1024K)]
  0x00000166fd380a00 JavaThread "Asynchronous log dispatcher for DefaultDaemonConnection: socket connection from /127.0.0.1:58461 to /127.0.0.1:55311"        [_thread_blocked, id=10624, stack(0x0000004594800000,0x0000004594900000) (1024K)]
  0x00000166fd384510 JavaThread "Stdin handler"                     [_thread_blocked, id=3268, stack(0x0000004594900000,0x0000004594a00000) (1024K)]
  0x00000166fd381090 JavaThread "Daemon client event forwarder"        [_thread_blocked, id=6300, stack(0x0000004594a00000,0x0000004594b00000) (1024K)]
  0x00000166fd387300 JavaThread "Cache worker for file hash cache (C:\Users\Cronos\Desktop\Ultra-Adminstrador\android\.gradle\8.13\fileHashes)"        [_thread_blocked, id=5364, stack(0x0000004594b00000,0x0000004594c00000) (1024K)]
  0x00000166fd384ba0 JavaThread "Cache worker for Build Output Cleanup Cache (C:\Users\Cronos\Desktop\Ultra-Adminstrador\android\.gradle\buildOutputCleanup)"        [_thread_blocked, id=768, stack(0x0000004594c00000,0x0000004594d00000) (1024K)]
  0x00000166fd385f50 JavaThread "Cache worker for checksums cache (C:\Users\Cronos\Desktop\Ultra-Adminstrador\android\.gradle\8.13\checksums)"        [_thread_blocked, id=6080, stack(0x0000004594d00000,0x0000004594e00000) (1024K)]
  0x000001668b01e6a0 JavaThread "Cache worker for cache directory md-supplier (C:\Users\Cronos\.gradle\caches\8.13\md-supplier)"        [_thread_blocked, id=13676, stack(0x0000004594e00000,0x0000004594f00000) (1024K)]
  0x000001668b01cc60 JavaThread "Cache worker for cache directory md-rule (C:\Users\Cronos\.gradle\caches\8.13\md-rule)"        [_thread_blocked, id=11444, stack(0x0000004595200000,0x0000004595300000) (1024K)]
  0x000001668b01ed30 JavaThread "Unconstrained build operations"        [_thread_blocked, id=5040, stack(0x0000004595900000,0x0000004595a00000) (1024K)]
  0x000001668b01fa50 JavaThread "Unconstrained build operations Thread 2"        [_thread_blocked, id=1836, stack(0x0000004595b00000,0x0000004595c00000) (1024K)]
  0x000001668b01e010 JavaThread "Unconstrained build operations Thread 3"        [_thread_blocked, id=5348, stack(0x0000004595c00000,0x0000004595d00000) (1024K)]
  0x000001668b01c5d0 JavaThread "Unconstrained build operations Thread 4"        [_thread_blocked, id=6064, stack(0x0000004595d00000,0x0000004595e00000) (1024K)]
  0x000001668b021490 JavaThread "Unconstrained build operations Thread 5"        [_thread_blocked, id=11856, stack(0x0000004595e00000,0x0000004595f00000) (1024K)]
  0x000001668b021b20 JavaThread "Unconstrained build operations Thread 6"        [_thread_blocked, id=2448, stack(0x0000004595f00000,0x0000004596000000) (1024K)]
  0x000001668b022ed0 JavaThread "Unconstrained build operations Thread 7"        [_thread_blocked, id=12732, stack(0x0000004596000000,0x0000004596100000) (1024K)]
  0x000001668b023560 JavaThread "Unconstrained build operations Thread 8"        [_thread_blocked, id=12896, stack(0x0000004596100000,0x0000004596200000) (1024K)]
  0x000001668b0200e0 JavaThread "Unconstrained build operations Thread 9"        [_thread_blocked, id=12640, stack(0x0000004596200000,0x0000004596300000) (1024K)]
  0x000001668b024280 JavaThread "Unconstrained build operations Thread 10"        [_thread_blocked, id=11296, stack(0x0000004596300000,0x0000004596400000) (1024K)]
  0x000001668b025630 JavaThread "Unconstrained build operations Thread 11"        [_thread_blocked, id=13940, stack(0x0000004596400000,0x0000004596500000) (1024K)]
  0x000001668b028420 JavaThread "Unconstrained build operations Thread 12"        [_thread_blocked, id=14204, stack(0x0000004596500000,0x0000004596600000) (1024K)]
  0x000001668b028ab0 JavaThread "build event listener"              [_thread_blocked, id=10852, stack(0x0000004596600000,0x0000004596700000) (1024K)]
  0x000001668b02a4f0 JavaThread "build event listener"              [_thread_blocked, id=10840, stack(0x0000004596700000,0x0000004596800000) (1024K)]
  0x000001668b029e60 JavaThread "Problems report writer"            [_thread_blocked, id=4852, stack(0x0000004596800000,0x0000004596900000) (1024K)]
  0x00000166f725d610 JavaThread "included builds"                   [_thread_blocked, id=3284, stack(0x0000004596900000,0x0000004596a00000) (1024K)]
  0x00000166f725e9c0 JavaThread "Execution worker"                  [_thread_blocked, id=13928, stack(0x0000004596a00000,0x0000004596b00000) (1024K)]
  0x00000166f725f050 JavaThread "Execution worker Thread 2"         [_thread_blocked, id=10560, stack(0x0000004596b00000,0x0000004596c00000) (1024K)]
  0x00000166f725bbd0 JavaThread "Execution worker Thread 3"         [_thread_blocked, id=14064, stack(0x0000004596c00000,0x0000004596d00000) (1024K)]
  0x00000166f725f6e0 JavaThread "Cache worker for execution history cache (C:\Users\Cronos\Desktop\Ultra-Adminstrador\android\.gradle\8.13\executionHistory)"        [_thread_blocked, id=13000, stack(0x0000004596d00000,0x0000004596e00000) (1024K)]
  0x00000166f7260400 JavaThread "Unconstrained build operations Thread 13"        [_thread_blocked, id=13980, stack(0x0000004596e00000,0x0000004596f00000) (1024K)]
  0x00000166f725cf80 JavaThread "Unconstrained build operations Thread 14"        [_thread_blocked, id=10556, stack(0x0000004596f00000,0x0000004597000000) (1024K)]
  0x00000166f7260a90 JavaThread "Unconstrained build operations Thread 15"        [_thread_blocked, id=12788, stack(0x0000004597100000,0x0000004597200000) (1024K)]
  0x00000166febf06f0 JavaThread "WorkerExecutor Queue Thread 3"        [_thread_blocked, id=12712, stack(0x0000004597400000,0x0000004597500000) (1024K)]
  0x00000166febf0d80 JavaThread "WorkerExecutor Queue Thread 4"        [_thread_blocked, id=11204, stack(0x0000004597500000,0x0000004597600000) (1024K)]
  0x00000166febed900 JavaThread "Unconstrained build operations Thread 16"        [_thread_blocked, id=13696, stack(0x0000004597600000,0x0000004597700000) (1024K)]
  0x00000166febf4f20 JavaThread "Unconstrained build operations Thread 17"        [_thread_blocked, id=13708, stack(0x0000004597700000,0x0000004597800000) (1024K)]
  0x00000166febf1aa0 JavaThread "Unconstrained build operations Thread 18"        [_thread_blocked, id=6016, stack(0x0000004597800000,0x0000004597900000) (1024K)]
  0x00000166febf83a0 JavaThread "Unconstrained build operations Thread 19"        [_thread_blocked, id=4064, stack(0x0000004597900000,0x0000004597a00000) (1024K)]
  0x000001668acd0620 JavaThread "pool-10-thread-1"                  [_thread_blocked, id=10248, stack(0x0000004597b00000,0x0000004597c00000) (1024K)]
  0x000001668acc9690 JavaThread "WorkerExecutor Queue Thread 5"        [_thread_blocked, id=12728, stack(0x0000004597c00000,0x0000004597d00000) (1024K)]
  0x000001668acc82e0 JavaThread "stderr"                            [_thread_in_native, id=10724, stack(0x0000004597200000,0x0000004597300000) (1024K)]
  0x000001668acc9d20 JavaThread "stdout"                            [_thread_in_native, id=2748, stack(0x0000004597a00000,0x0000004597b00000) (1024K)]
  0x000001668acca3b0 JavaThread "stderr"                            [_thread_in_native, id=12296, stack(0x0000004597d00000,0x0000004597e00000) (1024K)]
  0x000001668acc8970 JavaThread "stdout"                            [_thread_in_native, id=268, stack(0x0000004597e00000,0x0000004597f00000) (1024K)]
  0x000001668accb0d0 JavaThread "Unconstrained build operations Thread 20"        [_thread_blocked, id=14016, stack(0x0000004597f00000,0x0000004598000000) (1024K)]
  0x000001668accb760 JavaThread "Unconstrained build operations Thread 21"        [_thread_blocked, id=1852, stack(0x0000004598000000,0x0000004598100000) (1024K)]
  0x000001668accc480 JavaThread "Unconstrained build operations Thread 22"        [_thread_blocked, id=6844, stack(0x0000004598100000,0x0000004598200000) (1024K)]
  0x000001668accd830 JavaThread "RMI Scheduler(0)"           daemon [_thread_blocked, id=4712, stack(0x0000004598200000,0x0000004598300000) (1024K)]
  0x000001668acce550 JavaThread "RMI GC Daemon"              daemon [_thread_blocked, id=5796, stack(0x0000004598400000,0x0000004598500000) (1024K)]
  0x000001668accf900 JavaThread "RMI TCP Accept-0"           daemon [_thread_in_native, id=13332, stack(0x0000004598600000,0x0000004598700000) (1024K)]
  0x000001668accff90 JavaThread "RMI Reaper"                        [_thread_blocked, id=4816, stack(0x0000004598700000,0x0000004598800000) (1024K)]
  0x000001668acccb10 JavaThread "RMI TCP Connection(idle)"   daemon [_thread_blocked, id=12060, stack(0x0000004598800000,0x0000004598900000) (1024K)]
  0x000001668acd3aa0 JavaThread "RMI TCP Connection(idle)"   daemon [_thread_blocked, id=8456, stack(0x0000004598900000,0x0000004598a00000) (1024K)]
  0x000001668acd3410 JavaThread "Cache worker for Java compile cache (C:\Users\Cronos\.gradle\caches\8.13\javaCompile)"        [_thread_blocked, id=3436, stack(0x0000004598a00000,0x0000004598b00000) (1024K)]
  0x000001668acd26f0 JavaThread "Build operations"                  [_thread_blocked, id=7524, stack(0x0000004598b00000,0x0000004598c00000) (1024K)]
  0x000001668acd2d80 JavaThread "Build operations Thread 2"         [_thread_blocked, id=4196, stack(0x0000004598c00000,0x0000004598d00000) (1024K)]
  0x000001668acd4130 JavaThread "Build operations Thread 3"         [_thread_blocked, id=13896, stack(0x0000004598d00000,0x0000004598e00000) (1024K)]
  0x000001668acc7c50 JavaThread "Build operations Thread 4"         [_thread_blocked, id=10796, stack(0x0000004598300000,0x0000004598400000) (1024K)]
  0x000001668acc9000 JavaThread "WorkerExecutor Queue Thread 6"        [_thread_blocked, id=12604, stack(0x0000004598500000,0x0000004598600000) (1024K)]
  0x0000016690342e50 JavaThread "Unconstrained build operations Thread 23"        [_thread_blocked, id=13404, stack(0x0000004597300000,0x0000004597400000) (1024K)]
  0x0000016690340060 JavaThread "Unconstrained build operations Thread 24"        [_thread_blocked, id=4336, stack(0x0000004598e00000,0x0000004598f00000) (1024K)]
  0x0000016690341aa0 JavaThread "Unconstrained build operations Thread 25"        [_thread_blocked, id=2700, stack(0x0000004598f00000,0x0000004599000000) (1024K)]
  0x0000016690342130 JavaThread "ForkJoinPool.commonPool-worker-4" daemon [_thread_blocked, id=5940, stack(0x0000004599000000,0x0000004599100000) (1024K)]
  0x00000166903427c0 JavaThread "ForkJoinPool.commonPool-worker-5" daemon [_thread_blocked, id=11492, stack(0x0000004599100000,0x0000004599200000) (1024K)]
  0x00000166903434e0 JavaThread "ForkJoinPool.commonPool-worker-6" daemon [_thread_blocked, id=14284, stack(0x0000004599200000,0x0000004599300000) (1024K)]
Total: 101

Other Threads:
=>0x00000166f2344e10 VMThread "VM Thread"                           [id=6196, stack(0x0000004593600000,0x0000004593700000) (1024K)]
  0x00000166f22def00 WatcherThread "VM Periodic Task Thread"        [id=9520, stack(0x0000004593500000,0x0000004593600000) (1024K)]
  0x00000166d6cc4260 WorkerThread "GC Thread#0"                     [id=6980, stack(0x0000004593000000,0x0000004593100000) (1024K)]
  0x00000166f74d9c10 WorkerThread "GC Thread#1"                     [id=6224, stack(0x0000004594200000,0x0000004594300000) (1024K)]
  0x00000166f72ba8f0 WorkerThread "GC Thread#2"                     [id=6792, stack(0x0000004594300000,0x0000004594400000) (1024K)]
  0x00000166f7b76160 WorkerThread "GC Thread#3"                     [id=2672, stack(0x0000004594400000,0x0000004594500000) (1024K)]
  0x00000166d6cd5160 ConcurrentGCThread "G1 Main Marker"            [id=10820, stack(0x0000004593100000,0x0000004593200000) (1024K)]
  0x00000166d6cd5b80 WorkerThread "G1 Conc#0"                       [id=5284, stack(0x0000004593200000,0x0000004593300000) (1024K)]
  0x00000166f21b1670 ConcurrentGCThread "G1 Refine#0"               [id=14056, stack(0x0000004593300000,0x0000004593400000) (1024K)]
  0x00000166f21b2b10 ConcurrentGCThread "G1 Service"                [id=7508, stack(0x0000004593400000,0x0000004593500000) (1024K)]
Total: 10

Threads with active compile tasks:
C2 CompilerThread0  3955894 41078   !   4       java.io.ObjectOutputStream::writeObject0 (620 bytes)
Total: 1

VM state: at safepoint (normal execution)

VM Mutex/Monitor currently owned by a thread:  ([mutex/lock_event])
[0x00007ff9c61e86d0] Threads_lock - owner thread: 0x00000166f2344e10
[0x00007ff9c61e87d0] Heap_lock - owner thread: 0x00000166febf0d80

Heap address: 0x0000000700000000, size: 4096 MB, Compressed Oops mode: Zero based, Oop shift amount: 3

CDS archive(s) not mapped
Compressed class space mapped at: 0x0000000800000000-0x000000081a000000, reserved size: 436207616
Narrow klass base: 0x0000000800000000, Narrow klass shift: 0, Narrow klass range: 0x1a000000

GC Precious Log:
 CardTable entry size: 512
 Card Set container configuration: InlinePtr #cards 4 size 8 Array Of Cards #cards 16 size 48 Howl #buckets 8 coarsen threshold 3686 Howl Bitmap #cards 512 size 80 coarsen threshold 460 Card regions per heap region 1 cards per card region 4096
 CPUs: 4 total, 4 available
 Memory: 7966M
 Large Page Support: Disabled
 NUMA Support: Disabled
 Compressed Oops: Enabled (Zero based)
 Heap Region Size: 2M
 Heap Min Capacity: 8M
 Heap Initial Capacity: 126M
 Heap Max Capacity: 4G
 Pre-touch: Disabled
 Parallel Workers: 4
 Concurrent Workers: 1
 Concurrent Refinement Workers: 4
 Periodic GC: Disabled

Heap:
 garbage-first heap   total 1652736K, used 317070K [0x0000000700000000, 0x0000000800000000)
  region size 2048K, 3 young (6144K), 3 survivors (6144K)
 Metaspace       used 286907K, committed 288960K, reserved 688128K
  class space    used 37242K, committed 38272K, reserved 425984K

Heap Regions: E=young(eden), S=young(survivor), O=old, HS=humongous(starts), HC=humongous(continues), CS=collection set, F=free, TAMS=top-at-mark-start, PB=parsable bottom
|   0|0x0000000700000000, 0x0000000700200000, 0x0000000700200000|100%|HS|  |TAMS 0x0000000700000000| PB 0x0000000700000000| Complete 
|   1|0x0000000700200000, 0x0000000700400000, 0x0000000700400000|100%|HC|  |TAMS 0x0000000700200000| PB 0x0000000700200000| Complete 
|   2|0x0000000700400000, 0x0000000700600000, 0x0000000700600000|100%| O|  |TAMS 0x0000000700400000| PB 0x0000000700400000| Untracked 
|   3|0x0000000700600000, 0x0000000700800000, 0x0000000700800000|100%| O|  |TAMS 0x0000000700600000| PB 0x0000000700600000| Untracked 
|   4|0x0000000700800000, 0x0000000700a00000, 0x0000000700a00000|100%| O|  |TAMS 0x0000000700800000| PB 0x0000000700800000| Untracked 
|   5|0x0000000700a00000, 0x0000000700c00000, 0x0000000700c00000|100%| O|  |TAMS 0x0000000700a00000| PB 0x0000000700a00000| Untracked 
|   6|0x0000000700c00000, 0x0000000700e00000, 0x0000000700e00000|100%| O|  |TAMS 0x0000000700c00000| PB 0x0000000700c00000| Untracked 
|   7|0x0000000700e00000, 0x0000000701000000, 0x0000000701000000|100%| O|  |TAMS 0x0000000700e00000| PB 0x0000000700e00000| Untracked 
|   8|0x0000000701000000, 0x0000000701200000, 0x0000000701200000|100%| O|  |TAMS 0x0000000701000000| PB 0x0000000701000000| Untracked 
|   9|0x0000000701200000, 0x0000000701400000, 0x0000000701400000|100%| O|  |TAMS 0x0000000701200000| PB 0x0000000701200000| Untracked 
|  10|0x0000000701400000, 0x0000000701600000, 0x0000000701600000|100%| O|  |TAMS 0x0000000701400000| PB 0x0000000701400000| Untracked 
|  11|0x0000000701600000, 0x0000000701800000, 0x0000000701800000|100%| O|  |TAMS 0x0000000701600000| PB 0x0000000701600000| Untracked 
|  12|0x0000000701800000, 0x0000000701a00000, 0x0000000701a00000|100%|HS|  |TAMS 0x0000000701800000| PB 0x0000000701800000| Complete 
|  13|0x0000000701a00000, 0x0000000701c00000, 0x0000000701c00000|100%|HC|  |TAMS 0x0000000701a00000| PB 0x0000000701a00000| Complete 
|  14|0x0000000701c00000, 0x0000000701e00000, 0x0000000701e00000|100%|HC|  |TAMS 0x0000000701c00000| PB 0x0000000701c00000| Complete 
|  15|0x0000000701e00000, 0x0000000702000000, 0x0000000702000000|100%|HS|  |TAMS 0x0000000701e00000| PB 0x0000000701e00000| Complete 
|  16|0x0000000702000000, 0x0000000702200000, 0x0000000702200000|100%|HC|  |TAMS 0x0000000702000000| PB 0x0000000702000000| Complete 
|  17|0x0000000702200000, 0x0000000702400000, 0x0000000702400000|100%|HC|  |TAMS 0x0000000702200000| PB 0x0000000702200000| Complete 
|  18|0x0000000702400000, 0x0000000702600000, 0x0000000702600000|100%| O|  |TAMS 0x0000000702400000| PB 0x0000000702400000| Untracked 
|  19|0x0000000702600000, 0x0000000702800000, 0x0000000702800000|100%| O|  |TAMS 0x0000000702600000| PB 0x0000000702600000| Untracked 
|  20|0x0000000702800000, 0x0000000702a00000, 0x0000000702a00000|100%| O|  |TAMS 0x0000000702800000| PB 0x0000000702800000| Untracked 
|  21|0x0000000702a00000, 0x0000000702c00000, 0x0000000702c00000|100%| O|  |TAMS 0x0000000702a00000| PB 0x0000000702a00000| Untracked 
|  22|0x0000000702c00000, 0x0000000702e00000, 0x0000000702e00000|100%| O|  |TAMS 0x0000000702c00000| PB 0x0000000702c00000| Untracked 
|  23|0x0000000702e00000, 0x0000000703000000, 0x0000000703000000|100%| O|  |TAMS 0x0000000702e00000| PB 0x0000000702e00000| Untracked 
|  24|0x0000000703000000, 0x0000000703200000, 0x0000000703200000|100%| O|  |TAMS 0x0000000703000000| PB 0x0000000703000000| Untracked 
|  25|0x0000000703200000, 0x0000000703400000, 0x0000000703400000|100%| O|  |TAMS 0x0000000703200000| PB 0x0000000703200000| Untracked 
|  26|0x0000000703400000, 0x0000000703600000, 0x0000000703600000|100%| O|  |TAMS 0x0000000703400000| PB 0x0000000703400000| Untracked 
|  27|0x0000000703600000, 0x0000000703800000, 0x0000000703800000|100%| O|  |TAMS 0x0000000703600000| PB 0x0000000703600000| Untracked 
|  28|0x0000000703800000, 0x0000000703a00000, 0x0000000703a00000|100%| O|  |TAMS 0x0000000703800000| PB 0x0000000703800000| Untracked 
|  29|0x0000000703a00000, 0x0000000703c00000, 0x0000000703c00000|100%|HS|  |TAMS 0x0000000703a00000| PB 0x0000000703a00000| Complete 
|  30|0x0000000703c00000, 0x0000000703e00000, 0x0000000703e00000|100%| O|  |TAMS 0x0000000703c00000| PB 0x0000000703c00000| Untracked 
|  31|0x0000000703e00000, 0x0000000704000000, 0x0000000704000000|100%| O|  |TAMS 0x0000000703e00000| PB 0x0000000703e00000| Untracked 
|  32|0x0000000704000000, 0x0000000704200000, 0x0000000704200000|100%| O|  |TAMS 0x0000000704000000| PB 0x0000000704000000| Untracked 
|  33|0x0000000704200000, 0x0000000704400000, 0x0000000704400000|100%| O|  |TAMS 0x0000000704200000| PB 0x0000000704200000| Untracked 
|  34|0x0000000704400000, 0x0000000704600000, 0x0000000704600000|100%| O|  |TAMS 0x0000000704400000| PB 0x0000000704400000| Untracked 
|  35|0x0000000704600000, 0x0000000704800000, 0x0000000704800000|100%| O|  |TAMS 0x0000000704600000| PB 0x0000000704600000| Untracked 
|  36|0x0000000704800000, 0x0000000704a00000, 0x0000000704a00000|100%| O|  |TAMS 0x0000000704800000| PB 0x0000000704800000| Untracked 
|  37|0x0000000704a00000, 0x0000000704c00000, 0x0000000704c00000|100%|HS|  |TAMS 0x0000000704a00000| PB 0x0000000704a00000| Complete 
|  38|0x0000000704c00000, 0x0000000704e00000, 0x0000000704e00000|100%|HS|  |TAMS 0x0000000704c00000| PB 0x0000000704c00000| Complete 
|  39|0x0000000704e00000, 0x0000000705000000, 0x0000000705000000|100%|HC|  |TAMS 0x0000000704e00000| PB 0x0000000704e00000| Complete 
|  40|0x0000000705000000, 0x0000000705200000, 0x0000000705200000|100%| O|  |TAMS 0x0000000705000000| PB 0x0000000705000000| Untracked 
|  41|0x0000000705200000, 0x0000000705400000, 0x0000000705400000|100%| O|  |TAMS 0x0000000705200000| PB 0x0000000705200000| Untracked 
|  42|0x0000000705400000, 0x0000000705600000, 0x0000000705600000|100%| O|  |TAMS 0x0000000705400000| PB 0x0000000705400000| Untracked 
|  43|0x0000000705600000, 0x0000000705800000, 0x0000000705800000|100%| O|  |TAMS 0x0000000705600000| PB 0x0000000705600000| Untracked 
|  44|0x0000000705800000, 0x0000000705a00000, 0x0000000705a00000|100%| O|  |TAMS 0x0000000705800000| PB 0x0000000705800000| Untracked 
|  45|0x0000000705a00000, 0x0000000705c00000, 0x0000000705c00000|100%| O|  |TAMS 0x0000000705a00000| PB 0x0000000705a00000| Untracked 
|  46|0x0000000705c00000, 0x0000000705e00000, 0x0000000705e00000|100%| O|  |TAMS 0x0000000705c00000| PB 0x0000000705c00000| Untracked 
|  47|0x0000000705e00000, 0x0000000706000000, 0x0000000706000000|100%| O|  |TAMS 0x0000000705e00000| PB 0x0000000705e00000| Untracked 
|  48|0x0000000706000000, 0x0000000706200000, 0x0000000706200000|100%|HS|  |TAMS 0x0000000706000000| PB 0x0000000706000000| Complete 
|  49|0x0000000706200000, 0x0000000706400000, 0x0000000706400000|100%|HC|  |TAMS 0x0000000706200000| PB 0x0000000706200000| Complete 
|  50|0x0000000706400000, 0x0000000706600000, 0x0000000706600000|100%| O|  |TAMS 0x0000000706400000| PB 0x0000000706400000| Untracked 
|  51|0x0000000706600000, 0x0000000706800000, 0x0000000706800000|100%| O|  |TAMS 0x0000000706600000| PB 0x0000000706600000| Untracked 
|  52|0x0000000706800000, 0x0000000706a00000, 0x0000000706a00000|100%| O|  |TAMS 0x0000000706800000| PB 0x0000000706800000| Untracked 
|  53|0x0000000706a00000, 0x0000000706c00000, 0x0000000706c00000|100%| O|  |TAMS 0x0000000706a00000| PB 0x0000000706a00000| Untracked 
|  54|0x0000000706c00000, 0x0000000706e00000, 0x0000000706e00000|100%| O|  |TAMS 0x0000000706c00000| PB 0x0000000706c00000| Untracked 
|  55|0x0000000706e00000, 0x0000000707000000, 0x0000000707000000|100%| O|  |TAMS 0x0000000706e00000| PB 0x0000000706e00000| Untracked 
|  56|0x0000000707000000, 0x0000000707200000, 0x0000000707200000|100%| O|  |TAMS 0x0000000707000000| PB 0x0000000707000000| Untracked 
|  57|0x0000000707200000, 0x0000000707400000, 0x0000000707400000|100%| O|  |TAMS 0x0000000707200000| PB 0x0000000707200000| Untracked 
|  58|0x0000000707400000, 0x0000000707600000, 0x0000000707600000|100%| O|  |TAMS 0x0000000707400000| PB 0x0000000707400000| Untracked 
|  59|0x0000000707600000, 0x0000000707800000, 0x0000000707800000|100%| O|  |TAMS 0x0000000707600000| PB 0x0000000707600000| Untracked 
|  60|0x0000000707800000, 0x0000000707a00000, 0x0000000707a00000|100%| O|  |TAMS 0x0000000707800000| PB 0x0000000707800000| Untracked 
|  61|0x0000000707a00000, 0x0000000707c00000, 0x0000000707c00000|100%| O|  |TAMS 0x0000000707a00000| PB 0x0000000707a00000| Untracked 
|  62|0x0000000707c00000, 0x0000000707e00000, 0x0000000707e00000|100%| O|  |TAMS 0x0000000707c00000| PB 0x0000000707c00000| Untracked 
|  63|0x0000000707e00000, 0x0000000708000000, 0x0000000708000000|100%| O|  |TAMS 0x0000000707e00000| PB 0x0000000707e00000| Untracked 
|  64|0x0000000708000000, 0x0000000708200000, 0x0000000708200000|100%| O|  |TAMS 0x0000000708000000| PB 0x0000000708000000| Untracked 
|  65|0x0000000708200000, 0x0000000708400000, 0x0000000708400000|100%| O|  |TAMS 0x0000000708200000| PB 0x0000000708200000| Untracked 
|  66|0x0000000708400000, 0x0000000708600000, 0x0000000708600000|100%| O|  |TAMS 0x0000000708400000| PB 0x0000000708400000| Untracked 
|  67|0x0000000708600000, 0x0000000708800000, 0x0000000708800000|100%| O|  |TAMS 0x0000000708600000| PB 0x0000000708600000| Untracked 
|  68|0x0000000708800000, 0x0000000708a00000, 0x0000000708a00000|100%| O|Cm|TAMS 0x0000000708800000| PB 0x0000000708800000| Complete 
|  69|0x0000000708a00000, 0x0000000708c00000, 0x0000000708c00000|100%| O|Cm|TAMS 0x0000000708a00000| PB 0x0000000708a00000| Complete 
|  70|0x0000000708c00000, 0x0000000708e00000, 0x0000000708e00000|100%| O|  |TAMS 0x0000000708c00000| PB 0x0000000708c00000| Untracked 
|  71|0x0000000708e00000, 0x0000000709000000, 0x0000000709000000|100%| O|  |TAMS 0x0000000708e00000| PB 0x0000000708e00000| Untracked 
|  72|0x0000000709000000, 0x0000000709200000, 0x0000000709200000|100%| O|  |TAMS 0x0000000709000000| PB 0x0000000709000000| Untracked 
|  73|0x0000000709200000, 0x0000000709400000, 0x0000000709400000|100%| O|  |TAMS 0x0000000709200000| PB 0x0000000709200000| Untracked 
|  74|0x0000000709400000, 0x0000000709600000, 0x0000000709600000|100%| O|  |TAMS 0x0000000709400000| PB 0x0000000709400000| Untracked 
|  75|0x0000000709600000, 0x0000000709800000, 0x0000000709800000|100%| O|  |TAMS 0x0000000709600000| PB 0x0000000709600000| Untracked 
|  76|0x0000000709800000, 0x0000000709a00000, 0x0000000709a00000|100%| O|Cm|TAMS 0x0000000709800000| PB 0x0000000709800000| Complete 
|  77|0x0000000709a00000, 0x0000000709ba3bf8, 0x0000000709c00000| 81%| O|  |TAMS 0x0000000709a00000| PB 0x0000000709a00000| Untracked 
|  78|0x0000000709c00000, 0x0000000709e00000, 0x0000000709e00000|100%| O|  |TAMS 0x0000000709c00000| PB 0x0000000709c00000| Untracked 
|  79|0x0000000709e00000, 0x000000070a000000, 0x000000070a000000|100%| O|  |TAMS 0x0000000709e00000| PB 0x0000000709e00000| Untracked 
|  80|0x000000070a000000, 0x000000070a200000, 0x000000070a200000|100%| O|Cm|TAMS 0x000000070a000000| PB 0x000000070a000000| Complete 
|  81|0x000000070a200000, 0x000000070a400000, 0x000000070a400000|100%| O|Cm|TAMS 0x000000070a200000| PB 0x000000070a200000| Complete 
|  82|0x000000070a400000, 0x000000070a600000, 0x000000070a600000|100%| O|  |TAMS 0x000000070a400000| PB 0x000000070a400000| Untracked 
|  83|0x000000070a600000, 0x000000070a800000, 0x000000070a800000|100%| O|  |TAMS 0x000000070a600000| PB 0x000000070a600000| Untracked 
|  84|0x000000070a800000, 0x000000070aa00000, 0x000000070aa00000|100%| O|  |TAMS 0x000000070a800000| PB 0x000000070a800000| Untracked 
|  85|0x000000070aa00000, 0x000000070ac00000, 0x000000070ac00000|100%| O|  |TAMS 0x000000070aa00000| PB 0x000000070aa00000| Untracked 
|  86|0x000000070ac00000, 0x000000070ae00000, 0x000000070ae00000|100%| O|  |TAMS 0x000000070ac00000| PB 0x000000070ac00000| Untracked 
|  87|0x000000070ae00000, 0x000000070b000000, 0x000000070b000000|100%|HS|  |TAMS 0x000000070ae00000| PB 0x000000070ae00000| Complete 
|  88|0x000000070b000000, 0x000000070b200000, 0x000000070b200000|100%|HC|  |TAMS 0x000000070b000000| PB 0x000000070b000000| Complete 
|  89|0x000000070b200000, 0x000000070b400000, 0x000000070b400000|100%|HS|  |TAMS 0x000000070b200000| PB 0x000000070b200000| Complete 
|  90|0x000000070b400000, 0x000000070b600000, 0x000000070b600000|100%|HC|  |TAMS 0x000000070b400000| PB 0x000000070b400000| Complete 
|  91|0x000000070b600000, 0x000000070b600000, 0x000000070b800000|  0%| F|  |TAMS 0x000000070b600000| PB 0x000000070b600000| Untracked 
|  92|0x000000070b800000, 0x000000070ba00000, 0x000000070ba00000|100%| O|  |TAMS 0x000000070b800000| PB 0x000000070b800000| Untracked 
|  93|0x000000070ba00000, 0x000000070ba00000, 0x000000070bc00000|  0%| F|  |TAMS 0x000000070ba00000| PB 0x000000070ba00000| Untracked 
|  94|0x000000070bc00000, 0x000000070bc00000, 0x000000070be00000|  0%| F|  |TAMS 0x000000070bc00000| PB 0x000000070bc00000| Untracked 
|  95|0x000000070be00000, 0x000000070c000000, 0x000000070c000000|100%| O|  |TAMS 0x000000070be00000| PB 0x000000070be00000| Untracked 
|  96|0x000000070c000000, 0x000000070c200000, 0x000000070c200000|100%| O|  |TAMS 0x000000070c000000| PB 0x000000070c000000| Untracked 
|  97|0x000000070c200000, 0x000000070c200000, 0x000000070c400000|  0%| F|  |TAMS 0x000000070c200000| PB 0x000000070c200000| Untracked 
|  98|0x000000070c400000, 0x000000070c400000, 0x000000070c600000|  0%| F|  |TAMS 0x000000070c400000| PB 0x000000070c400000| Untracked 
|  99|0x000000070c600000, 0x000000070c600000, 0x000000070c800000|  0%| F|  |TAMS 0x000000070c600000| PB 0x000000070c600000| Untracked 
| 100|0x000000070c800000, 0x000000070c800000, 0x000000070ca00000|  0%| F|  |TAMS 0x000000070c800000| PB 0x000000070c800000| Untracked 
| 101|0x000000070ca00000, 0x000000070cc00000, 0x000000070cc00000|100%| O|  |TAMS 0x000000070ca00000| PB 0x000000070ca00000| Untracked 
| 102|0x000000070cc00000, 0x000000070ce00000, 0x000000070ce00000|100%| O|  |TAMS 0x000000070cc00000| PB 0x000000070cc00000| Untracked 
| 103|0x000000070ce00000, 0x000000070d000000, 0x000000070d000000|100%| O|  |TAMS 0x000000070ce00000| PB 0x000000070ce00000| Untracked 
| 104|0x000000070d000000, 0x000000070d200000, 0x000000070d200000|100%| O|  |TAMS 0x000000070d000000| PB 0x000000070d000000| Untracked 
| 105|0x000000070d200000, 0x000000070d400000, 0x000000070d400000|100%| O|  |TAMS 0x000000070d200000| PB 0x000000070d200000| Untracked 
| 106|0x000000070d400000, 0x000000070d600000, 0x000000070d600000|100%| O|Cm|TAMS 0x000000070d400000| PB 0x000000070d400000| Complete 
| 107|0x000000070d600000, 0x000000070d800000, 0x000000070d800000|100%| O|  |TAMS 0x000000070d600000| PB 0x000000070d600000| Untracked 
| 108|0x000000070d800000, 0x000000070da00000, 0x000000070da00000|100%| O|  |TAMS 0x000000070d800000| PB 0x000000070d800000| Untracked 
| 109|0x000000070da00000, 0x000000070dc00000, 0x000000070dc00000|100%| O|  |TAMS 0x000000070da00000| PB 0x000000070da00000| Untracked 
| 110|0x000000070dc00000, 0x000000070de00000, 0x000000070de00000|100%| O|  |TAMS 0x000000070dc00000| PB 0x000000070dc00000| Untracked 
| 111|0x000000070de00000, 0x000000070de00000, 0x000000070e000000|  0%| F|  |TAMS 0x000000070de00000| PB 0x000000070de00000| Untracked 
| 112|0x000000070e000000, 0x000000070e200000, 0x000000070e200000|100%| O|  |TAMS 0x000000070e000000| PB 0x000000070e000000| Untracked 
| 113|0x000000070e200000, 0x000000070e400000, 0x000000070e400000|100%| O|Cm|TAMS 0x000000070e200000| PB 0x000000070e200000| Complete 
| 114|0x000000070e400000, 0x000000070e600000, 0x000000070e600000|100%| O|Cm|TAMS 0x000000070e400000| PB 0x000000070e400000| Complete 
| 115|0x000000070e600000, 0x000000070e600000, 0x000000070e800000|  0%| F|  |TAMS 0x000000070e600000| PB 0x000000070e600000| Untracked 
| 116|0x000000070e800000, 0x000000070ea00000, 0x000000070ea00000|100%| O|Cm|TAMS 0x000000070e800000| PB 0x000000070e800000| Complete 
| 117|0x000000070ea00000, 0x000000070ea00000, 0x000000070ec00000|  0%| F|  |TAMS 0x000000070ea00000| PB 0x000000070ea00000| Untracked 
| 118|0x000000070ec00000, 0x000000070ee00000, 0x000000070ee00000|100%| O|Cm|TAMS 0x000000070ec00000| PB 0x000000070ec00000| Complete 
| 119|0x000000070ee00000, 0x000000070f000000, 0x000000070f000000|100%| O|  |TAMS 0x000000070ee00000| PB 0x000000070ee00000| Untracked 
| 120|0x000000070f000000, 0x000000070f200000, 0x000000070f200000|100%| O|Cm|TAMS 0x000000070f000000| PB 0x000000070f000000| Complete 
| 121|0x000000070f200000, 0x000000070f200000, 0x000000070f400000|  0%| F|  |TAMS 0x000000070f200000| PB 0x000000070f200000| Untracked 
| 122|0x000000070f400000, 0x000000070f600000, 0x000000070f600000|100%| O|  |TAMS 0x000000070f400000| PB 0x000000070f400000| Untracked 
| 123|0x000000070f600000, 0x000000070f800000, 0x000000070f800000|100%| O|Cm|TAMS 0x000000070f600000| PB 0x000000070f600000| Complete 
| 124|0x000000070f800000, 0x000000070fa00000, 0x000000070fa00000|100%| O|  |TAMS 0x000000070f800000| PB 0x000000070f800000| Untracked 
| 125|0x000000070fa00000, 0x000000070fc00000, 0x000000070fc00000|100%| O|Cm|TAMS 0x000000070fa00000| PB 0x000000070fa00000| Complete 
| 126|0x000000070fc00000, 0x000000070fe00000, 0x000000070fe00000|100%| O|Cm|TAMS 0x000000070fc00000| PB 0x000000070fc00000| Complete 
| 127|0x000000070fe00000, 0x0000000710000000, 0x0000000710000000|100%| O|Cm|TAMS 0x000000070fe00000| PB 0x000000070fe00000| Complete 
| 128|0x0000000710000000, 0x0000000710200000, 0x0000000710200000|100%| O|  |TAMS 0x0000000710000000| PB 0x0000000710000000| Untracked 
| 129|0x0000000710200000, 0x0000000710200000, 0x0000000710400000|  0%| F|  |TAMS 0x0000000710200000| PB 0x0000000710200000| Untracked 
| 130|0x0000000710400000, 0x0000000710400000, 0x0000000710600000|  0%| F|  |TAMS 0x0000000710400000| PB 0x0000000710400000| Untracked 
| 131|0x0000000710600000, 0x0000000710600000, 0x0000000710800000|  0%| F|  |TAMS 0x0000000710600000| PB 0x0000000710600000| Untracked 
| 132|0x0000000710800000, 0x0000000710800000, 0x0000000710a00000|  0%| F|  |TAMS 0x0000000710800000| PB 0x0000000710800000| Untracked 
| 133|0x0000000710a00000, 0x0000000710c00000, 0x0000000710c00000|100%| O|  |TAMS 0x0000000710a00000| PB 0x0000000710a00000| Untracked 
| 134|0x0000000710c00000, 0x0000000710c00000, 0x0000000710e00000|  0%| F|  |TAMS 0x0000000710c00000| PB 0x0000000710c00000| Untracked 
| 135|0x0000000710e00000, 0x0000000711000000, 0x0000000711000000|100%| O|  |TAMS 0x0000000710e00000| PB 0x0000000710e00000| Untracked 
| 136|0x0000000711000000, 0x0000000711200000, 0x0000000711200000|100%| O|  |TAMS 0x0000000711000000| PB 0x0000000711000000| Untracked 
| 137|0x0000000711200000, 0x0000000711400000, 0x0000000711400000|100%| O|  |TAMS 0x0000000711200000| PB 0x0000000711200000| Untracked 
| 138|0x0000000711400000, 0x0000000711600000, 0x0000000711600000|100%| O|Cm|TAMS 0x0000000711400000| PB 0x0000000711400000| Complete 
| 139|0x0000000711600000, 0x0000000711800000, 0x0000000711800000|100%| O|  |TAMS 0x0000000711600000| PB 0x0000000711600000| Untracked 
| 140|0x0000000711800000, 0x0000000711800000, 0x0000000711a00000|  0%| F|  |TAMS 0x0000000711800000| PB 0x0000000711800000| Untracked 
| 141|0x0000000711a00000, 0x0000000711c00000, 0x0000000711c00000|100%| O|  |TAMS 0x0000000711a00000| PB 0x0000000711a00000| Untracked 
| 142|0x0000000711c00000, 0x0000000711e00000, 0x0000000711e00000|100%| O|  |TAMS 0x0000000711c00000| PB 0x0000000711c00000| Untracked 
| 143|0x0000000711e00000, 0x0000000712000000, 0x0000000712000000|100%| O|  |TAMS 0x0000000711e00000| PB 0x0000000711e00000| Untracked 
| 144|0x0000000712000000, 0x0000000712200000, 0x0000000712200000|100%| O|  |TAMS 0x0000000712000000| PB 0x0000000712000000| Untracked 
| 145|0x0000000712200000, 0x0000000712400000, 0x0000000712400000|100%| O|  |TAMS 0x0000000712200000| PB 0x0000000712200000| Untracked 
| 146|0x0000000712400000, 0x0000000712600000, 0x0000000712600000|100%| O|  |TAMS 0x0000000712400000| PB 0x0000000712400000| Untracked 
| 147|0x0000000712600000, 0x0000000712800000, 0x0000000712800000|100%| O|  |TAMS 0x0000000712600000| PB 0x0000000712600000| Untracked 
| 148|0x0000000712800000, 0x0000000712a00000, 0x0000000712a00000|100%| O|  |TAMS 0x0000000712800000| PB 0x0000000712800000| Untracked 
| 149|0x0000000712a00000, 0x0000000712c00000, 0x0000000712c00000|100%| O|  |TAMS 0x0000000712a00000| PB 0x0000000712a00000| Untracked 
| 150|0x0000000712c00000, 0x0000000712e00000, 0x0000000712e00000|100%| O|Cm|TAMS 0x0000000712c00000| PB 0x0000000712c00000| Complete 
| 151|0x0000000712e00000, 0x0000000713000000, 0x0000000713000000|100%| O|Cm|TAMS 0x0000000712e00000| PB 0x0000000712e00000| Complete 
| 152|0x0000000713000000, 0x0000000713000000, 0x0000000713200000|  0%| F|  |TAMS 0x0000000713000000| PB 0x0000000713000000| Untracked 
| 153|0x0000000713200000, 0x0000000713200000, 0x0000000713400000|  0%| F|  |TAMS 0x0000000713200000| PB 0x0000000713200000| Untracked 
| 154|0x0000000713400000, 0x0000000713400000, 0x0000000713600000|  0%| F|  |TAMS 0x0000000713400000| PB 0x0000000713400000| Untracked 
| 155|0x0000000713600000, 0x0000000713600000, 0x0000000713800000|  0%| F|  |TAMS 0x0000000713600000| PB 0x0000000713600000| Untracked 
| 156|0x0000000713800000, 0x0000000713800000, 0x0000000713a00000|  0%| F|  |TAMS 0x0000000713800000| PB 0x0000000713800000| Untracked 
| 157|0x0000000713a00000, 0x0000000713a00000, 0x0000000713c00000|  0%| F|  |TAMS 0x0000000713a00000| PB 0x0000000713a00000| Untracked 
| 158|0x0000000713c00000, 0x0000000713c00000, 0x0000000713e00000|  0%| F|  |TAMS 0x0000000713c00000| PB 0x0000000713c00000| Untracked 
| 159|0x0000000713e00000, 0x0000000713e00000, 0x0000000714000000|  0%| F|  |TAMS 0x0000000713e00000| PB 0x0000000713e00000| Untracked 
| 160|0x0000000714000000, 0x0000000714000000, 0x0000000714200000|  0%| F|  |TAMS 0x0000000714000000| PB 0x0000000714000000| Untracked 
| 161|0x0000000714200000, 0x0000000714200000, 0x0000000714400000|  0%| F|  |TAMS 0x0000000714200000| PB 0x0000000714200000| Untracked 
| 162|0x0000000714400000, 0x0000000714400000, 0x0000000714600000|  0%| F|  |TAMS 0x0000000714400000| PB 0x0000000714400000| Untracked 
| 163|0x0000000714600000, 0x0000000714600000, 0x0000000714800000|  0%| F|  |TAMS 0x0000000714600000| PB 0x0000000714600000| Untracked 
| 164|0x0000000714800000, 0x0000000714800000, 0x0000000714a00000|  0%| F|  |TAMS 0x0000000714800000| PB 0x0000000714800000| Untracked 
| 165|0x0000000714a00000, 0x0000000714a00000, 0x0000000714c00000|  0%| F|  |TAMS 0x0000000714a00000| PB 0x0000000714a00000| Untracked 
| 166|0x0000000714c00000, 0x0000000714c00000, 0x0000000714e00000|  0%| F|  |TAMS 0x0000000714c00000| PB 0x0000000714c00000| Untracked 
| 167|0x0000000714e00000, 0x0000000715000000, 0x0000000715000000|100%|HS|  |TAMS 0x0000000714e00000| PB 0x0000000714e00000| Complete 
| 168|0x0000000715000000, 0x0000000715200000, 0x0000000715200000|100%| O|  |TAMS 0x0000000715000000| PB 0x0000000715000000| Untracked 
| 169|0x0000000715200000, 0x0000000715400000, 0x0000000715400000|100%| O|  |TAMS 0x0000000715200000| PB 0x0000000715200000| Untracked 
| 170|0x0000000715400000, 0x0000000715600000, 0x0000000715600000|100%| O|  |TAMS 0x0000000715400000| PB 0x0000000715400000| Untracked 
| 171|0x0000000715600000, 0x0000000715800000, 0x0000000715800000|100%| O|  |TAMS 0x0000000715600000| PB 0x0000000715600000| Untracked 
| 172|0x0000000715800000, 0x0000000715800000, 0x0000000715a00000|  0%| F|  |TAMS 0x0000000715800000| PB 0x0000000715800000| Untracked 
| 173|0x0000000715a00000, 0x0000000715a00000, 0x0000000715c00000|  0%| F|  |TAMS 0x0000000715a00000| PB 0x0000000715a00000| Untracked 
| 174|0x0000000715c00000, 0x0000000715c00000, 0x0000000715e00000|  0%| F|  |TAMS 0x0000000715c00000| PB 0x0000000715c00000| Untracked 
| 175|0x0000000715e00000, 0x0000000715e00000, 0x0000000716000000|  0%| F|  |TAMS 0x0000000715e00000| PB 0x0000000715e00000| Untracked 
| 176|0x0000000716000000, 0x0000000716000000, 0x0000000716200000|  0%| F|  |TAMS 0x0000000716000000| PB 0x0000000716000000| Untracked 
| 177|0x0000000716200000, 0x0000000716200000, 0x0000000716400000|  0%| F|  |TAMS 0x0000000716200000| PB 0x0000000716200000| Untracked 
| 178|0x0000000716400000, 0x0000000716400000, 0x0000000716600000|  0%| F|  |TAMS 0x0000000716400000| PB 0x0000000716400000| Untracked 
| 179|0x0000000716600000, 0x0000000716600000, 0x0000000716800000|  0%| F|  |TAMS 0x0000000716600000| PB 0x0000000716600000| Untracked 
| 180|0x0000000716800000, 0x0000000716800000, 0x0000000716a00000|  0%| F|  |TAMS 0x0000000716800000| PB 0x0000000716800000| Untracked 
| 181|0x0000000716a00000, 0x0000000716a00000, 0x0000000716c00000|  0%| F|  |TAMS 0x0000000716a00000| PB 0x0000000716a00000| Untracked 
| 182|0x0000000716c00000, 0x0000000716c00000, 0x0000000716e00000|  0%| F|  |TAMS 0x0000000716c00000| PB 0x0000000716c00000| Untracked 
| 183|0x0000000716e00000, 0x0000000716e00000, 0x0000000717000000|  0%| F|  |TAMS 0x0000000716e00000| PB 0x0000000716e00000| Untracked 
| 184|0x0000000717000000, 0x0000000717000000, 0x0000000717200000|  0%| F|  |TAMS 0x0000000717000000| PB 0x0000000717000000| Untracked 
| 185|0x0000000717200000, 0x0000000717200000, 0x0000000717400000|  0%| F|  |TAMS 0x0000000717200000| PB 0x0000000717200000| Untracked 
| 186|0x0000000717400000, 0x0000000717400000, 0x0000000717600000|  0%| F|  |TAMS 0x0000000717400000| PB 0x0000000717400000| Untracked 
| 187|0x0000000717600000, 0x0000000717600000, 0x0000000717800000|  0%| F|  |TAMS 0x0000000717600000| PB 0x0000000717600000| Untracked 
| 188|0x0000000717800000, 0x0000000717800000, 0x0000000717a00000|  0%| F|  |TAMS 0x0000000717800000| PB 0x0000000717800000| Untracked 
| 189|0x0000000717a00000, 0x0000000717a00000, 0x0000000717c00000|  0%| F|  |TAMS 0x0000000717a00000| PB 0x0000000717a00000| Untracked 
| 190|0x0000000717c00000, 0x0000000717c00000, 0x0000000717e00000|  0%| F|  |TAMS 0x0000000717c00000| PB 0x0000000717c00000| Untracked 
| 191|0x0000000717e00000, 0x0000000717e00000, 0x0000000718000000|  0%| F|  |TAMS 0x0000000717e00000| PB 0x0000000717e00000| Untracked 
| 192|0x0000000718000000, 0x0000000718000000, 0x0000000718200000|  0%| F|  |TAMS 0x0000000718000000| PB 0x0000000718000000| Untracked 
| 193|0x0000000718200000, 0x0000000718200000, 0x0000000718400000|  0%| F|  |TAMS 0x0000000718200000| PB 0x0000000718200000| Untracked 
| 194|0x0000000718400000, 0x0000000718400000, 0x0000000718600000|  0%| F|  |TAMS 0x0000000718400000| PB 0x0000000718400000| Untracked 
| 195|0x0000000718600000, 0x0000000718600000, 0x0000000718800000|  0%| F|  |TAMS 0x0000000718600000| PB 0x0000000718600000| Untracked 
| 196|0x0000000718800000, 0x0000000718800000, 0x0000000718a00000|  0%| F|  |TAMS 0x0000000718800000| PB 0x0000000718800000| Untracked 
| 197|0x0000000718a00000, 0x0000000718a00000, 0x0000000718c00000|  0%| F|  |TAMS 0x0000000718a00000| PB 0x0000000718a00000| Untracked 
| 198|0x0000000718c00000, 0x0000000718c00000, 0x0000000718e00000|  0%| F|  |TAMS 0x0000000718c00000| PB 0x0000000718c00000| Untracked 
| 199|0x0000000718e00000, 0x0000000718e00000, 0x0000000719000000|  0%| F|  |TAMS 0x0000000718e00000| PB 0x0000000718e00000| Untracked 
| 200|0x0000000719000000, 0x0000000719000000, 0x0000000719200000|  0%| F|  |TAMS 0x0000000719000000| PB 0x0000000719000000| Untracked 
| 201|0x0000000719200000, 0x0000000719200000, 0x0000000719400000|  0%| F|  |TAMS 0x0000000719200000| PB 0x0000000719200000| Untracked 
| 202|0x0000000719400000, 0x0000000719400000, 0x0000000719600000|  0%| F|  |TAMS 0x0000000719400000| PB 0x0000000719400000| Untracked 
| 203|0x0000000719600000, 0x0000000719600000, 0x0000000719800000|  0%| F|  |TAMS 0x0000000719600000| PB 0x0000000719600000| Untracked 
| 204|0x0000000719800000, 0x0000000719800000, 0x0000000719a00000|  0%| F|  |TAMS 0x0000000719800000| PB 0x0000000719800000| Untracked 
| 205|0x0000000719a00000, 0x0000000719a00000, 0x0000000719c00000|  0%| F|  |TAMS 0x0000000719a00000| PB 0x0000000719a00000| Untracked 
| 206|0x0000000719c00000, 0x0000000719c00000, 0x0000000719e00000|  0%| F|  |TAMS 0x0000000719c00000| PB 0x0000000719c00000| Untracked 
| 207|0x0000000719e00000, 0x0000000719e00000, 0x000000071a000000|  0%| F|  |TAMS 0x0000000719e00000| PB 0x0000000719e00000| Untracked 
| 208|0x000000071a000000, 0x000000071a000000, 0x000000071a200000|  0%| F|  |TAMS 0x000000071a000000| PB 0x000000071a000000| Untracked 
| 209|0x000000071a200000, 0x000000071a200000, 0x000000071a400000|  0%| F|  |TAMS 0x000000071a200000| PB 0x000000071a200000| Untracked 
| 210|0x000000071a400000, 0x000000071a400000, 0x000000071a600000|  0%| F|  |TAMS 0x000000071a400000| PB 0x000000071a400000| Untracked 
| 211|0x000000071a600000, 0x000000071a600000, 0x000000071a800000|  0%| F|  |TAMS 0x000000071a600000| PB 0x000000071a600000| Untracked 
| 212|0x000000071a800000, 0x000000071a800000, 0x000000071aa00000|  0%| F|  |TAMS 0x000000071a800000| PB 0x000000071a800000| Untracked 
| 213|0x000000071aa00000, 0x000000071aa00000, 0x000000071ac00000|  0%| F|  |TAMS 0x000000071aa00000| PB 0x000000071aa00000| Untracked 
| 214|0x000000071ac00000, 0x000000071ac00000, 0x000000071ae00000|  0%| F|  |TAMS 0x000000071ac00000| PB 0x000000071ac00000| Untracked 
| 215|0x000000071ae00000, 0x000000071ae00000, 0x000000071b000000|  0%| F|  |TAMS 0x000000071ae00000| PB 0x000000071ae00000| Untracked 
| 216|0x000000071b000000, 0x000000071b000000, 0x000000071b200000|  0%| F|  |TAMS 0x000000071b000000| PB 0x000000071b000000| Untracked 
| 217|0x000000071b200000, 0x000000071b200000, 0x000000071b400000|  0%| F|  |TAMS 0x000000071b200000| PB 0x000000071b200000| Untracked 
| 218|0x000000071b400000, 0x000000071b400000, 0x000000071b600000|  0%| F|  |TAMS 0x000000071b400000| PB 0x000000071b400000| Untracked 
| 219|0x000000071b600000, 0x000000071b600000, 0x000000071b800000|  0%| F|  |TAMS 0x000000071b600000| PB 0x000000071b600000| Untracked 
| 220|0x000000071b800000, 0x000000071b800000, 0x000000071ba00000|  0%| F|  |TAMS 0x000000071b800000| PB 0x000000071b800000| Untracked 
| 221|0x000000071ba00000, 0x000000071ba00000, 0x000000071bc00000|  0%| F|  |TAMS 0x000000071ba00000| PB 0x000000071ba00000| Untracked 
| 222|0x000000071bc00000, 0x000000071bc00000, 0x000000071be00000|  0%| F|  |TAMS 0x000000071bc00000| PB 0x000000071bc00000| Untracked 
| 223|0x000000071be00000, 0x000000071be00000, 0x000000071c000000|  0%| F|  |TAMS 0x000000071be00000| PB 0x000000071be00000| Untracked 
| 224|0x000000071c000000, 0x000000071c000000, 0x000000071c200000|  0%| F|  |TAMS 0x000000071c000000| PB 0x000000071c000000| Untracked 
| 225|0x000000071c200000, 0x000000071c200000, 0x000000071c400000|  0%| F|  |TAMS 0x000000071c200000| PB 0x000000071c200000| Untracked 
| 226|0x000000071c400000, 0x000000071c400000, 0x000000071c600000|  0%| F|  |TAMS 0x000000071c400000| PB 0x000000071c400000| Untracked 
| 227|0x000000071c600000, 0x000000071c600000, 0x000000071c800000|  0%| F|  |TAMS 0x000000071c600000| PB 0x000000071c600000| Untracked 
| 228|0x000000071c800000, 0x000000071c800000, 0x000000071ca00000|  0%| F|  |TAMS 0x000000071c800000| PB 0x000000071c800000| Untracked 
| 229|0x000000071ca00000, 0x000000071ca00000, 0x000000071cc00000|  0%| F|  |TAMS 0x000000071ca00000| PB 0x000000071ca00000| Untracked 
| 230|0x000000071cc00000, 0x000000071cc00000, 0x000000071ce00000|  0%| F|  |TAMS 0x000000071cc00000| PB 0x000000071cc00000| Untracked 
| 231|0x000000071ce00000, 0x000000071ce00000, 0x000000071d000000|  0%| F|  |TAMS 0x000000071ce00000| PB 0x000000071ce00000| Untracked 
| 232|0x000000071d000000, 0x000000071d000000, 0x000000071d200000|  0%| F|  |TAMS 0x000000071d000000| PB 0x000000071d000000| Untracked 
| 233|0x000000071d200000, 0x000000071d200000, 0x000000071d400000|  0%| F|  |TAMS 0x000000071d200000| PB 0x000000071d200000| Untracked 
| 234|0x000000071d400000, 0x000000071d400000, 0x000000071d600000|  0%| F|  |TAMS 0x000000071d400000| PB 0x000000071d400000| Untracked 
| 235|0x000000071d600000, 0x000000071d600000, 0x000000071d800000|  0%| F|  |TAMS 0x000000071d600000| PB 0x000000071d600000| Untracked 
| 236|0x000000071d800000, 0x000000071d800000, 0x000000071da00000|  0%| F|  |TAMS 0x000000071d800000| PB 0x000000071d800000| Untracked 
| 237|0x000000071da00000, 0x000000071da00000, 0x000000071dc00000|  0%| F|  |TAMS 0x000000071da00000| PB 0x000000071da00000| Untracked 
| 238|0x000000071dc00000, 0x000000071dc00000, 0x000000071de00000|  0%| F|  |TAMS 0x000000071dc00000| PB 0x000000071dc00000| Untracked 
| 239|0x000000071de00000, 0x000000071de00000, 0x000000071e000000|  0%| F|  |TAMS 0x000000071de00000| PB 0x000000071de00000| Untracked 
| 240|0x000000071e000000, 0x000000071e000000, 0x000000071e200000|  0%| F|  |TAMS 0x000000071e000000| PB 0x000000071e000000| Untracked 
| 241|0x000000071e200000, 0x000000071e200000, 0x000000071e400000|  0%| F|  |TAMS 0x000000071e200000| PB 0x000000071e200000| Untracked 
| 242|0x000000071e400000, 0x000000071e400000, 0x000000071e600000|  0%| F|  |TAMS 0x000000071e400000| PB 0x000000071e400000| Untracked 
| 243|0x000000071e600000, 0x000000071e600000, 0x000000071e800000|  0%| F|  |TAMS 0x000000071e600000| PB 0x000000071e600000| Untracked 
| 244|0x000000071e800000, 0x000000071e800000, 0x000000071ea00000|  0%| F|  |TAMS 0x000000071e800000| PB 0x000000071e800000| Untracked 
| 245|0x000000071ea00000, 0x000000071ea00000, 0x000000071ec00000|  0%| F|  |TAMS 0x000000071ea00000| PB 0x000000071ea00000| Untracked 
| 246|0x000000071ec00000, 0x000000071ec00000, 0x000000071ee00000|  0%| F|  |TAMS 0x000000071ec00000| PB 0x000000071ec00000| Untracked 
| 247|0x000000071ee00000, 0x000000071ee00000, 0x000000071f000000|  0%| F|  |TAMS 0x000000071ee00000| PB 0x000000071ee00000| Untracked 
| 248|0x000000071f000000, 0x000000071f000000, 0x000000071f200000|  0%| F|  |TAMS 0x000000071f000000| PB 0x000000071f000000| Untracked 
| 249|0x000000071f200000, 0x000000071f200000, 0x000000071f400000|  0%| F|  |TAMS 0x000000071f200000| PB 0x000000071f200000| Untracked 
| 250|0x000000071f400000, 0x000000071f400000, 0x000000071f600000|  0%| F|  |TAMS 0x000000071f400000| PB 0x000000071f400000| Untracked 
| 251|0x000000071f600000, 0x000000071f600000, 0x000000071f800000|  0%| F|  |TAMS 0x000000071f600000| PB 0x000000071f600000| Untracked 
| 252|0x000000071f800000, 0x000000071f800000, 0x000000071fa00000|  0%| F|  |TAMS 0x000000071f800000| PB 0x000000071f800000| Untracked 
| 253|0x000000071fa00000, 0x000000071fa00000, 0x000000071fc00000|  0%| F|  |TAMS 0x000000071fa00000| PB 0x000000071fa00000| Untracked 
| 254|0x000000071fc00000, 0x000000071fc00000, 0x000000071fe00000|  0%| F|  |TAMS 0x000000071fc00000| PB 0x000000071fc00000| Untracked 
| 255|0x000000071fe00000, 0x000000071fe00000, 0x0000000720000000|  0%| F|  |TAMS 0x000000071fe00000| PB 0x000000071fe00000| Untracked 
| 256|0x0000000720000000, 0x0000000720000000, 0x0000000720200000|  0%| F|  |TAMS 0x0000000720000000| PB 0x0000000720000000| Untracked 
| 257|0x0000000720200000, 0x0000000720200000, 0x0000000720400000|  0%| F|  |TAMS 0x0000000720200000| PB 0x0000000720200000| Untracked 
| 258|0x0000000720400000, 0x0000000720400000, 0x0000000720600000|  0%| F|  |TAMS 0x0000000720400000| PB 0x0000000720400000| Untracked 
| 259|0x0000000720600000, 0x0000000720600000, 0x0000000720800000|  0%| F|  |TAMS 0x0000000720600000| PB 0x0000000720600000| Untracked 
| 260|0x0000000720800000, 0x0000000720800000, 0x0000000720a00000|  0%| F|  |TAMS 0x0000000720800000| PB 0x0000000720800000| Untracked 
| 261|0x0000000720a00000, 0x0000000720a00000, 0x0000000720c00000|  0%| F|  |TAMS 0x0000000720a00000| PB 0x0000000720a00000| Untracked 
| 262|0x0000000720c00000, 0x0000000720c00000, 0x0000000720e00000|  0%| F|  |TAMS 0x0000000720c00000| PB 0x0000000720c00000| Untracked 
| 263|0x0000000720e00000, 0x0000000720e00000, 0x0000000721000000|  0%| F|  |TAMS 0x0000000720e00000| PB 0x0000000720e00000| Untracked 
| 264|0x0000000721000000, 0x0000000721000000, 0x0000000721200000|  0%| F|  |TAMS 0x0000000721000000| PB 0x0000000721000000| Untracked 
| 265|0x0000000721200000, 0x0000000721200000, 0x0000000721400000|  0%| F|  |TAMS 0x0000000721200000| PB 0x0000000721200000| Untracked 
| 266|0x0000000721400000, 0x0000000721400000, 0x0000000721600000|  0%| F|  |TAMS 0x0000000721400000| PB 0x0000000721400000| Untracked 
| 267|0x0000000721600000, 0x0000000721600000, 0x0000000721800000|  0%| F|  |TAMS 0x0000000721600000| PB 0x0000000721600000| Untracked 
| 268|0x0000000721800000, 0x0000000721800000, 0x0000000721a00000|  0%| F|  |TAMS 0x0000000721800000| PB 0x0000000721800000| Untracked 
| 269|0x0000000721a00000, 0x0000000721a00000, 0x0000000721c00000|  0%| F|  |TAMS 0x0000000721a00000| PB 0x0000000721a00000| Untracked 
| 270|0x0000000721c00000, 0x0000000721c00000, 0x0000000721e00000|  0%| F|  |TAMS 0x0000000721c00000| PB 0x0000000721c00000| Untracked 
| 271|0x0000000721e00000, 0x0000000721e00000, 0x0000000722000000|  0%| F|  |TAMS 0x0000000721e00000| PB 0x0000000721e00000| Untracked 
| 272|0x0000000722000000, 0x0000000722000000, 0x0000000722200000|  0%| F|  |TAMS 0x0000000722000000| PB 0x0000000722000000| Untracked 
| 273|0x0000000722200000, 0x0000000722200000, 0x0000000722400000|  0%| F|  |TAMS 0x0000000722200000| PB 0x0000000722200000| Untracked 
| 274|0x0000000722400000, 0x0000000722400000, 0x0000000722600000|  0%| F|  |TAMS 0x0000000722400000| PB 0x0000000722400000| Untracked 
| 275|0x0000000722600000, 0x0000000722600000, 0x0000000722800000|  0%| F|  |TAMS 0x0000000722600000| PB 0x0000000722600000| Untracked 
| 276|0x0000000722800000, 0x0000000722800000, 0x0000000722a00000|  0%| F|  |TAMS 0x0000000722800000| PB 0x0000000722800000| Untracked 
| 277|0x0000000722a00000, 0x0000000722a00000, 0x0000000722c00000|  0%| F|  |TAMS 0x0000000722a00000| PB 0x0000000722a00000| Untracked 
| 278|0x0000000722c00000, 0x0000000722c00000, 0x0000000722e00000|  0%| F|  |TAMS 0x0000000722c00000| PB 0x0000000722c00000| Untracked 
| 279|0x0000000722e00000, 0x0000000722e00000, 0x0000000723000000|  0%| F|  |TAMS 0x0000000722e00000| PB 0x0000000722e00000| Untracked 
| 280|0x0000000723000000, 0x0000000723000000, 0x0000000723200000|  0%| F|  |TAMS 0x0000000723000000| PB 0x0000000723000000| Untracked 
| 281|0x0000000723200000, 0x0000000723200000, 0x0000000723400000|  0%| F|  |TAMS 0x0000000723200000| PB 0x0000000723200000| Untracked 
| 282|0x0000000723400000, 0x0000000723400000, 0x0000000723600000|  0%| F|  |TAMS 0x0000000723400000| PB 0x0000000723400000| Untracked 
| 283|0x0000000723600000, 0x0000000723600000, 0x0000000723800000|  0%| F|  |TAMS 0x0000000723600000| PB 0x0000000723600000| Untracked 
| 284|0x0000000723800000, 0x0000000723800000, 0x0000000723a00000|  0%| F|  |TAMS 0x0000000723800000| PB 0x0000000723800000| Untracked 
| 285|0x0000000723a00000, 0x0000000723a00000, 0x0000000723c00000|  0%| F|  |TAMS 0x0000000723a00000| PB 0x0000000723a00000| Untracked 
| 286|0x0000000723c00000, 0x0000000723c00000, 0x0000000723e00000|  0%| F|  |TAMS 0x0000000723c00000| PB 0x0000000723c00000| Untracked 
| 287|0x0000000723e00000, 0x0000000723e00000, 0x0000000724000000|  0%| F|  |TAMS 0x0000000723e00000| PB 0x0000000723e00000| Untracked 
| 288|0x0000000724000000, 0x0000000724000000, 0x0000000724200000|  0%| F|  |TAMS 0x0000000724000000| PB 0x0000000724000000| Untracked 
| 289|0x0000000724200000, 0x0000000724200000, 0x0000000724400000|  0%| F|  |TAMS 0x0000000724200000| PB 0x0000000724200000| Untracked 
| 290|0x0000000724400000, 0x0000000724400000, 0x0000000724600000|  0%| F|  |TAMS 0x0000000724400000| PB 0x0000000724400000| Untracked 
| 291|0x0000000724600000, 0x0000000724600000, 0x0000000724800000|  0%| F|  |TAMS 0x0000000724600000| PB 0x0000000724600000| Untracked 
| 292|0x0000000724800000, 0x0000000724800000, 0x0000000724a00000|  0%| F|  |TAMS 0x0000000724800000| PB 0x0000000724800000| Untracked 
| 293|0x0000000724a00000, 0x0000000724a00000, 0x0000000724c00000|  0%| F|  |TAMS 0x0000000724a00000| PB 0x0000000724a00000| Untracked 
| 294|0x0000000724c00000, 0x0000000724c00000, 0x0000000724e00000|  0%| F|  |TAMS 0x0000000724c00000| PB 0x0000000724c00000| Untracked 
| 295|0x0000000724e00000, 0x0000000724e00000, 0x0000000725000000|  0%| F|  |TAMS 0x0000000724e00000| PB 0x0000000724e00000| Untracked 
| 296|0x0000000725000000, 0x0000000725000000, 0x0000000725200000|  0%| F|  |TAMS 0x0000000725000000| PB 0x0000000725000000| Untracked 
| 297|0x0000000725200000, 0x0000000725200000, 0x0000000725400000|  0%| F|  |TAMS 0x0000000725200000| PB 0x0000000725200000| Untracked 
| 298|0x0000000725400000, 0x0000000725400000, 0x0000000725600000|  0%| F|  |TAMS 0x0000000725400000| PB 0x0000000725400000| Untracked 
| 299|0x0000000725600000, 0x0000000725600000, 0x0000000725800000|  0%| F|  |TAMS 0x0000000725600000| PB 0x0000000725600000| Untracked 
| 300|0x0000000725800000, 0x0000000725800000, 0x0000000725a00000|  0%| F|  |TAMS 0x0000000725800000| PB 0x0000000725800000| Untracked 
| 301|0x0000000725a00000, 0x0000000725a00000, 0x0000000725c00000|  0%| F|  |TAMS 0x0000000725a00000| PB 0x0000000725a00000| Untracked 
| 302|0x0000000725c00000, 0x0000000725c00000, 0x0000000725e00000|  0%| F|  |TAMS 0x0000000725c00000| PB 0x0000000725c00000| Untracked 
| 303|0x0000000725e00000, 0x0000000725e00000, 0x0000000726000000|  0%| F|  |TAMS 0x0000000725e00000| PB 0x0000000725e00000| Untracked 
| 304|0x0000000726000000, 0x0000000726000000, 0x0000000726200000|  0%| F|  |TAMS 0x0000000726000000| PB 0x0000000726000000| Untracked 
| 305|0x0000000726200000, 0x0000000726200000, 0x0000000726400000|  0%| F|  |TAMS 0x0000000726200000| PB 0x0000000726200000| Untracked 
| 306|0x0000000726400000, 0x0000000726400000, 0x0000000726600000|  0%| F|  |TAMS 0x0000000726400000| PB 0x0000000726400000| Untracked 
| 307|0x0000000726600000, 0x0000000726600000, 0x0000000726800000|  0%| F|  |TAMS 0x0000000726600000| PB 0x0000000726600000| Untracked 
| 308|0x0000000726800000, 0x0000000726800000, 0x0000000726a00000|  0%| F|  |TAMS 0x0000000726800000| PB 0x0000000726800000| Untracked 
| 309|0x0000000726a00000, 0x0000000726a00000, 0x0000000726c00000|  0%| F|  |TAMS 0x0000000726a00000| PB 0x0000000726a00000| Untracked 
| 310|0x0000000726c00000, 0x0000000726c00000, 0x0000000726e00000|  0%| F|  |TAMS 0x0000000726c00000| PB 0x0000000726c00000| Untracked 
| 311|0x0000000726e00000, 0x0000000726e00000, 0x0000000727000000|  0%| F|  |TAMS 0x0000000726e00000| PB 0x0000000726e00000| Untracked 
| 312|0x0000000727000000, 0x0000000727000000, 0x0000000727200000|  0%| F|  |TAMS 0x0000000727000000| PB 0x0000000727000000| Untracked 
| 313|0x0000000727200000, 0x0000000727200000, 0x0000000727400000|  0%| F|  |TAMS 0x0000000727200000| PB 0x0000000727200000| Untracked 
| 314|0x0000000727400000, 0x0000000727400000, 0x0000000727600000|  0%| F|  |TAMS 0x0000000727400000| PB 0x0000000727400000| Untracked 
| 315|0x0000000727600000, 0x0000000727600000, 0x0000000727800000|  0%| F|  |TAMS 0x0000000727600000| PB 0x0000000727600000| Untracked 
| 316|0x0000000727800000, 0x0000000727800000, 0x0000000727a00000|  0%| F|  |TAMS 0x0000000727800000| PB 0x0000000727800000| Untracked 
| 317|0x0000000727a00000, 0x0000000727a00000, 0x0000000727c00000|  0%| F|  |TAMS 0x0000000727a00000| PB 0x0000000727a00000| Untracked 
| 318|0x0000000727c00000, 0x0000000727c00000, 0x0000000727e00000|  0%| F|  |TAMS 0x0000000727c00000| PB 0x0000000727c00000| Untracked 
| 319|0x0000000727e00000, 0x0000000727e00000, 0x0000000728000000|  0%| F|  |TAMS 0x0000000727e00000| PB 0x0000000727e00000| Untracked 
| 320|0x0000000728000000, 0x0000000728000000, 0x0000000728200000|  0%| F|  |TAMS 0x0000000728000000| PB 0x0000000728000000| Untracked 
| 321|0x0000000728200000, 0x0000000728200000, 0x0000000728400000|  0%| F|  |TAMS 0x0000000728200000| PB 0x0000000728200000| Untracked 
| 322|0x0000000728400000, 0x0000000728400000, 0x0000000728600000|  0%| F|  |TAMS 0x0000000728400000| PB 0x0000000728400000| Untracked 
| 323|0x0000000728600000, 0x0000000728600000, 0x0000000728800000|  0%| F|  |TAMS 0x0000000728600000| PB 0x0000000728600000| Untracked 
| 324|0x0000000728800000, 0x0000000728800000, 0x0000000728a00000|  0%| F|  |TAMS 0x0000000728800000| PB 0x0000000728800000| Untracked 
| 325|0x0000000728a00000, 0x0000000728a00000, 0x0000000728c00000|  0%| F|  |TAMS 0x0000000728a00000| PB 0x0000000728a00000| Untracked 
| 326|0x0000000728c00000, 0x0000000728c00000, 0x0000000728e00000|  0%| F|  |TAMS 0x0000000728c00000| PB 0x0000000728c00000| Untracked 
| 327|0x0000000728e00000, 0x0000000728e00000, 0x0000000729000000|  0%| F|  |TAMS 0x0000000728e00000| PB 0x0000000728e00000| Untracked 
| 328|0x0000000729000000, 0x0000000729000000, 0x0000000729200000|  0%| F|  |TAMS 0x0000000729000000| PB 0x0000000729000000| Untracked 
| 329|0x0000000729200000, 0x0000000729200000, 0x0000000729400000|  0%| F|  |TAMS 0x0000000729200000| PB 0x0000000729200000| Untracked 
| 330|0x0000000729400000, 0x0000000729400000, 0x0000000729600000|  0%| F|  |TAMS 0x0000000729400000| PB 0x0000000729400000| Untracked 
| 331|0x0000000729600000, 0x0000000729600000, 0x0000000729800000|  0%| F|  |TAMS 0x0000000729600000| PB 0x0000000729600000| Untracked 
| 332|0x0000000729800000, 0x0000000729800000, 0x0000000729a00000|  0%| F|  |TAMS 0x0000000729800000| PB 0x0000000729800000| Untracked 
| 333|0x0000000729a00000, 0x0000000729a00000, 0x0000000729c00000|  0%| F|  |TAMS 0x0000000729a00000| PB 0x0000000729a00000| Untracked 
| 334|0x0000000729c00000, 0x0000000729c00000, 0x0000000729e00000|  0%| F|  |TAMS 0x0000000729c00000| PB 0x0000000729c00000| Untracked 
| 335|0x0000000729e00000, 0x0000000729e00000, 0x000000072a000000|  0%| F|  |TAMS 0x0000000729e00000| PB 0x0000000729e00000| Untracked 
| 336|0x000000072a000000, 0x000000072a000000, 0x000000072a200000|  0%| F|  |TAMS 0x000000072a000000| PB 0x000000072a000000| Untracked 
| 337|0x000000072a200000, 0x000000072a200000, 0x000000072a400000|  0%| F|  |TAMS 0x000000072a200000| PB 0x000000072a200000| Untracked 
| 338|0x000000072a400000, 0x000000072a400000, 0x000000072a600000|  0%| F|  |TAMS 0x000000072a400000| PB 0x000000072a400000| Untracked 
| 339|0x000000072a600000, 0x000000072a600000, 0x000000072a800000|  0%| F|  |TAMS 0x000000072a600000| PB 0x000000072a600000| Untracked 
| 340|0x000000072a800000, 0x000000072a800000, 0x000000072aa00000|  0%| F|  |TAMS 0x000000072a800000| PB 0x000000072a800000| Untracked 
| 341|0x000000072aa00000, 0x000000072aa00000, 0x000000072ac00000|  0%| F|  |TAMS 0x000000072aa00000| PB 0x000000072aa00000| Untracked 
| 342|0x000000072ac00000, 0x000000072ac00000, 0x000000072ae00000|  0%| F|  |TAMS 0x000000072ac00000| PB 0x000000072ac00000| Untracked 
| 343|0x000000072ae00000, 0x000000072ae00000, 0x000000072b000000|  0%| F|  |TAMS 0x000000072ae00000| PB 0x000000072ae00000| Untracked 
| 344|0x000000072b000000, 0x000000072b000000, 0x000000072b200000|  0%| F|  |TAMS 0x000000072b000000| PB 0x000000072b000000| Untracked 
| 345|0x000000072b200000, 0x000000072b200000, 0x000000072b400000|  0%| F|  |TAMS 0x000000072b200000| PB 0x000000072b200000| Untracked 
| 346|0x000000072b400000, 0x000000072b400000, 0x000000072b600000|  0%| F|  |TAMS 0x000000072b400000| PB 0x000000072b400000| Untracked 
| 347|0x000000072b600000, 0x000000072b600000, 0x000000072b800000|  0%| F|  |TAMS 0x000000072b600000| PB 0x000000072b600000| Untracked 
| 348|0x000000072b800000, 0x000000072b800000, 0x000000072ba00000|  0%| F|  |TAMS 0x000000072b800000| PB 0x000000072b800000| Untracked 
| 349|0x000000072ba00000, 0x000000072ba00000, 0x000000072bc00000|  0%| F|  |TAMS 0x000000072ba00000| PB 0x000000072ba00000| Untracked 
| 350|0x000000072bc00000, 0x000000072bc00000, 0x000000072be00000|  0%| F|  |TAMS 0x000000072bc00000| PB 0x000000072bc00000| Untracked 
| 351|0x000000072be00000, 0x000000072be00000, 0x000000072c000000|  0%| F|  |TAMS 0x000000072be00000| PB 0x000000072be00000| Untracked 
| 352|0x000000072c000000, 0x000000072c000000, 0x000000072c200000|  0%| F|  |TAMS 0x000000072c000000| PB 0x000000072c000000| Untracked 
| 353|0x000000072c200000, 0x000000072c200000, 0x000000072c400000|  0%| F|  |TAMS 0x000000072c200000| PB 0x000000072c200000| Untracked 
| 354|0x000000072c400000, 0x000000072c400000, 0x000000072c600000|  0%| F|  |TAMS 0x000000072c400000| PB 0x000000072c400000| Untracked 
| 355|0x000000072c600000, 0x000000072c600000, 0x000000072c800000|  0%| F|  |TAMS 0x000000072c600000| PB 0x000000072c600000| Untracked 
| 356|0x000000072c800000, 0x000000072c800000, 0x000000072ca00000|  0%| F|  |TAMS 0x000000072c800000| PB 0x000000072c800000| Untracked 
| 357|0x000000072ca00000, 0x000000072ca00000, 0x000000072cc00000|  0%| F|  |TAMS 0x000000072ca00000| PB 0x000000072ca00000| Untracked 
| 358|0x000000072cc00000, 0x000000072cc00000, 0x000000072ce00000|  0%| F|  |TAMS 0x000000072cc00000| PB 0x000000072cc00000| Untracked 
| 359|0x000000072ce00000, 0x000000072ce00000, 0x000000072d000000|  0%| F|  |TAMS 0x000000072ce00000| PB 0x000000072ce00000| Untracked 
| 360|0x000000072d000000, 0x000000072d000000, 0x000000072d200000|  0%| F|  |TAMS 0x000000072d000000| PB 0x000000072d000000| Untracked 
| 361|0x000000072d200000, 0x000000072d200000, 0x000000072d400000|  0%| F|  |TAMS 0x000000072d200000| PB 0x000000072d200000| Untracked 
| 362|0x000000072d400000, 0x000000072d400000, 0x000000072d600000|  0%| F|  |TAMS 0x000000072d400000| PB 0x000000072d400000| Untracked 
| 363|0x000000072d600000, 0x000000072d600000, 0x000000072d800000|  0%| F|  |TAMS 0x000000072d600000| PB 0x000000072d600000| Untracked 
| 364|0x000000072d800000, 0x000000072d800000, 0x000000072da00000|  0%| F|  |TAMS 0x000000072d800000| PB 0x000000072d800000| Untracked 
| 365|0x000000072da00000, 0x000000072da00000, 0x000000072dc00000|  0%| F|  |TAMS 0x000000072da00000| PB 0x000000072da00000| Untracked 
| 366|0x000000072dc00000, 0x000000072dc00000, 0x000000072de00000|  0%| F|  |TAMS 0x000000072dc00000| PB 0x000000072dc00000| Untracked 
| 367|0x000000072de00000, 0x000000072de00000, 0x000000072e000000|  0%| F|  |TAMS 0x000000072de00000| PB 0x000000072de00000| Untracked 
| 368|0x000000072e000000, 0x000000072e000000, 0x000000072e200000|  0%| F|  |TAMS 0x000000072e000000| PB 0x000000072e000000| Untracked 
| 369|0x000000072e200000, 0x000000072e200000, 0x000000072e400000|  0%| F|  |TAMS 0x000000072e200000| PB 0x000000072e200000| Untracked 
| 370|0x000000072e400000, 0x000000072e400000, 0x000000072e600000|  0%| F|  |TAMS 0x000000072e400000| PB 0x000000072e400000| Untracked 
| 371|0x000000072e600000, 0x000000072e600000, 0x000000072e800000|  0%| F|  |TAMS 0x000000072e600000| PB 0x000000072e600000| Untracked 
| 372|0x000000072e800000, 0x000000072e800000, 0x000000072ea00000|  0%| F|  |TAMS 0x000000072e800000| PB 0x000000072e800000| Untracked 
| 373|0x000000072ea00000, 0x000000072ea00000, 0x000000072ec00000|  0%| F|  |TAMS 0x000000072ea00000| PB 0x000000072ea00000| Untracked 
| 374|0x000000072ec00000, 0x000000072ec00000, 0x000000072ee00000|  0%| F|  |TAMS 0x000000072ec00000| PB 0x000000072ec00000| Untracked 
| 375|0x000000072ee00000, 0x000000072ee00000, 0x000000072f000000|  0%| F|  |TAMS 0x000000072ee00000| PB 0x000000072ee00000| Untracked 
| 376|0x000000072f000000, 0x000000072f000000, 0x000000072f200000|  0%| F|  |TAMS 0x000000072f000000| PB 0x000000072f000000| Untracked 
| 377|0x000000072f200000, 0x000000072f200000, 0x000000072f400000|  0%| F|  |TAMS 0x000000072f200000| PB 0x000000072f200000| Untracked 
| 378|0x000000072f400000, 0x000000072f400000, 0x000000072f600000|  0%| F|  |TAMS 0x000000072f400000| PB 0x000000072f400000| Untracked 
| 379|0x000000072f600000, 0x000000072f600000, 0x000000072f800000|  0%| F|  |TAMS 0x000000072f600000| PB 0x000000072f600000| Untracked 
| 380|0x000000072f800000, 0x000000072f800000, 0x000000072fa00000|  0%| F|  |TAMS 0x000000072f800000| PB 0x000000072f800000| Untracked 
| 381|0x000000072fa00000, 0x000000072fa00000, 0x000000072fc00000|  0%| F|  |TAMS 0x000000072fa00000| PB 0x000000072fa00000| Untracked 
| 382|0x000000072fc00000, 0x000000072fc00000, 0x000000072fe00000|  0%| F|  |TAMS 0x000000072fc00000| PB 0x000000072fc00000| Untracked 
| 383|0x000000072fe00000, 0x000000072fe00000, 0x0000000730000000|  0%| F|  |TAMS 0x000000072fe00000| PB 0x000000072fe00000| Untracked 
| 384|0x0000000730000000, 0x0000000730000000, 0x0000000730200000|  0%| F|  |TAMS 0x0000000730000000| PB 0x0000000730000000| Untracked 
| 385|0x0000000730200000, 0x0000000730200000, 0x0000000730400000|  0%| F|  |TAMS 0x0000000730200000| PB 0x0000000730200000| Untracked 
| 386|0x0000000730400000, 0x0000000730400000, 0x0000000730600000|  0%| F|  |TAMS 0x0000000730400000| PB 0x0000000730400000| Untracked 
| 387|0x0000000730600000, 0x0000000730600000, 0x0000000730800000|  0%| F|  |TAMS 0x0000000730600000| PB 0x0000000730600000| Untracked 
| 388|0x0000000730800000, 0x0000000730800000, 0x0000000730a00000|  0%| F|  |TAMS 0x0000000730800000| PB 0x0000000730800000| Untracked 
| 389|0x0000000730a00000, 0x0000000730a00000, 0x0000000730c00000|  0%| F|  |TAMS 0x0000000730a00000| PB 0x0000000730a00000| Untracked 
| 390|0x0000000730c00000, 0x0000000730c00000, 0x0000000730e00000|  0%| F|  |TAMS 0x0000000730c00000| PB 0x0000000730c00000| Untracked 
| 391|0x0000000730e00000, 0x0000000730e00000, 0x0000000731000000|  0%| F|  |TAMS 0x0000000730e00000| PB 0x0000000730e00000| Untracked 
| 392|0x0000000731000000, 0x0000000731000000, 0x0000000731200000|  0%| F|  |TAMS 0x0000000731000000| PB 0x0000000731000000| Untracked 
| 393|0x0000000731200000, 0x0000000731200000, 0x0000000731400000|  0%| F|  |TAMS 0x0000000731200000| PB 0x0000000731200000| Untracked 
| 394|0x0000000731400000, 0x0000000731400000, 0x0000000731600000|  0%| F|  |TAMS 0x0000000731400000| PB 0x0000000731400000| Untracked 
| 395|0x0000000731600000, 0x0000000731600000, 0x0000000731800000|  0%| F|  |TAMS 0x0000000731600000| PB 0x0000000731600000| Untracked 
| 396|0x0000000731800000, 0x0000000731800000, 0x0000000731a00000|  0%| F|  |TAMS 0x0000000731800000| PB 0x0000000731800000| Untracked 
| 397|0x0000000731a00000, 0x0000000731a00000, 0x0000000731c00000|  0%| F|  |TAMS 0x0000000731a00000| PB 0x0000000731a00000| Untracked 
| 398|0x0000000731c00000, 0x0000000731c00000, 0x0000000731e00000|  0%| F|  |TAMS 0x0000000731c00000| PB 0x0000000731c00000| Untracked 
| 399|0x0000000731e00000, 0x0000000731e00000, 0x0000000732000000|  0%| F|  |TAMS 0x0000000731e00000| PB 0x0000000731e00000| Untracked 
| 400|0x0000000732000000, 0x0000000732000000, 0x0000000732200000|  0%| F|  |TAMS 0x0000000732000000| PB 0x0000000732000000| Untracked 
| 401|0x0000000732200000, 0x0000000732200000, 0x0000000732400000|  0%| F|  |TAMS 0x0000000732200000| PB 0x0000000732200000| Untracked 
| 402|0x0000000732400000, 0x0000000732400000, 0x0000000732600000|  0%| F|  |TAMS 0x0000000732400000| PB 0x0000000732400000| Untracked 
| 403|0x0000000732600000, 0x0000000732600000, 0x0000000732800000|  0%| F|  |TAMS 0x0000000732600000| PB 0x0000000732600000| Untracked 
| 404|0x0000000732800000, 0x0000000732800000, 0x0000000732a00000|  0%| F|  |TAMS 0x0000000732800000| PB 0x0000000732800000| Untracked 
| 405|0x0000000732a00000, 0x0000000732a00000, 0x0000000732c00000|  0%| F|  |TAMS 0x0000000732a00000| PB 0x0000000732a00000| Untracked 
| 406|0x0000000732c00000, 0x0000000732c00000, 0x0000000732e00000|  0%| F|  |TAMS 0x0000000732c00000| PB 0x0000000732c00000| Untracked 
| 407|0x0000000732e00000, 0x0000000732e00000, 0x0000000733000000|  0%| F|  |TAMS 0x0000000732e00000| PB 0x0000000732e00000| Untracked 
| 408|0x0000000733000000, 0x0000000733000000, 0x0000000733200000|  0%| F|  |TAMS 0x0000000733000000| PB 0x0000000733000000| Untracked 
| 409|0x0000000733200000, 0x0000000733200000, 0x0000000733400000|  0%| F|  |TAMS 0x0000000733200000| PB 0x0000000733200000| Untracked 
| 410|0x0000000733400000, 0x0000000733400000, 0x0000000733600000|  0%| F|  |TAMS 0x0000000733400000| PB 0x0000000733400000| Untracked 
| 411|0x0000000733600000, 0x0000000733600000, 0x0000000733800000|  0%| F|  |TAMS 0x0000000733600000| PB 0x0000000733600000| Untracked 
| 412|0x0000000733800000, 0x0000000733800000, 0x0000000733a00000|  0%| F|  |TAMS 0x0000000733800000| PB 0x0000000733800000| Untracked 
| 413|0x0000000733a00000, 0x0000000733a00000, 0x0000000733c00000|  0%| F|  |TAMS 0x0000000733a00000| PB 0x0000000733a00000| Untracked 
| 414|0x0000000733c00000, 0x0000000733c00000, 0x0000000733e00000|  0%| F|  |TAMS 0x0000000733c00000| PB 0x0000000733c00000| Untracked 
| 415|0x0000000733e00000, 0x0000000733e00000, 0x0000000734000000|  0%| F|  |TAMS 0x0000000733e00000| PB 0x0000000733e00000| Untracked 
| 416|0x0000000734000000, 0x0000000734000000, 0x0000000734200000|  0%| F|  |TAMS 0x0000000734000000| PB 0x0000000734000000| Untracked 
| 417|0x0000000734200000, 0x0000000734200000, 0x0000000734400000|  0%| F|  |TAMS 0x0000000734200000| PB 0x0000000734200000| Untracked 
| 418|0x0000000734400000, 0x0000000734400000, 0x0000000734600000|  0%| F|  |TAMS 0x0000000734400000| PB 0x0000000734400000| Untracked 
| 419|0x0000000734600000, 0x0000000734600000, 0x0000000734800000|  0%| F|  |TAMS 0x0000000734600000| PB 0x0000000734600000| Untracked 
| 420|0x0000000734800000, 0x0000000734800000, 0x0000000734a00000|  0%| F|  |TAMS 0x0000000734800000| PB 0x0000000734800000| Untracked 
| 421|0x0000000734a00000, 0x0000000734a00000, 0x0000000734c00000|  0%| F|  |TAMS 0x0000000734a00000| PB 0x0000000734a00000| Untracked 
| 422|0x0000000734c00000, 0x0000000734c00000, 0x0000000734e00000|  0%| F|  |TAMS 0x0000000734c00000| PB 0x0000000734c00000| Untracked 
| 423|0x0000000734e00000, 0x0000000734e00000, 0x0000000735000000|  0%| F|  |TAMS 0x0000000734e00000| PB 0x0000000734e00000| Untracked 
| 424|0x0000000735000000, 0x0000000735000000, 0x0000000735200000|  0%| F|  |TAMS 0x0000000735000000| PB 0x0000000735000000| Untracked 
| 425|0x0000000735200000, 0x0000000735200000, 0x0000000735400000|  0%| F|  |TAMS 0x0000000735200000| PB 0x0000000735200000| Untracked 
| 426|0x0000000735400000, 0x0000000735400000, 0x0000000735600000|  0%| F|  |TAMS 0x0000000735400000| PB 0x0000000735400000| Untracked 
| 427|0x0000000735600000, 0x0000000735600000, 0x0000000735800000|  0%| F|  |TAMS 0x0000000735600000| PB 0x0000000735600000| Untracked 
| 428|0x0000000735800000, 0x0000000735800000, 0x0000000735a00000|  0%| F|  |TAMS 0x0000000735800000| PB 0x0000000735800000| Untracked 
| 429|0x0000000735a00000, 0x0000000735a00000, 0x0000000735c00000|  0%| F|  |TAMS 0x0000000735a00000| PB 0x0000000735a00000| Untracked 
| 430|0x0000000735c00000, 0x0000000735c00000, 0x0000000735e00000|  0%| F|  |TAMS 0x0000000735c00000| PB 0x0000000735c00000| Untracked 
| 431|0x0000000735e00000, 0x0000000735e00000, 0x0000000736000000|  0%| F|  |TAMS 0x0000000735e00000| PB 0x0000000735e00000| Untracked 
| 432|0x0000000736000000, 0x0000000736000000, 0x0000000736200000|  0%| F|  |TAMS 0x0000000736000000| PB 0x0000000736000000| Untracked 
| 433|0x0000000736200000, 0x0000000736200000, 0x0000000736400000|  0%| F|  |TAMS 0x0000000736200000| PB 0x0000000736200000| Untracked 
| 434|0x0000000736400000, 0x0000000736400000, 0x0000000736600000|  0%| F|  |TAMS 0x0000000736400000| PB 0x0000000736400000| Untracked 
| 435|0x0000000736600000, 0x0000000736600000, 0x0000000736800000|  0%| F|  |TAMS 0x0000000736600000| PB 0x0000000736600000| Untracked 
| 436|0x0000000736800000, 0x0000000736800000, 0x0000000736a00000|  0%| F|  |TAMS 0x0000000736800000| PB 0x0000000736800000| Untracked 
| 437|0x0000000736a00000, 0x0000000736a00000, 0x0000000736c00000|  0%| F|  |TAMS 0x0000000736a00000| PB 0x0000000736a00000| Untracked 
| 438|0x0000000736c00000, 0x0000000736c00000, 0x0000000736e00000|  0%| F|  |TAMS 0x0000000736c00000| PB 0x0000000736c00000| Untracked 
| 439|0x0000000736e00000, 0x0000000736e00000, 0x0000000737000000|  0%| F|  |TAMS 0x0000000736e00000| PB 0x0000000736e00000| Untracked 
| 440|0x0000000737000000, 0x0000000737000000, 0x0000000737200000|  0%| F|  |TAMS 0x0000000737000000| PB 0x0000000737000000| Untracked 
| 441|0x0000000737200000, 0x0000000737200000, 0x0000000737400000|  0%| F|  |TAMS 0x0000000737200000| PB 0x0000000737200000| Untracked 
| 442|0x0000000737400000, 0x0000000737400000, 0x0000000737600000|  0%| F|  |TAMS 0x0000000737400000| PB 0x0000000737400000| Untracked 
| 443|0x0000000737600000, 0x0000000737600000, 0x0000000737800000|  0%| F|  |TAMS 0x0000000737600000| PB 0x0000000737600000| Untracked 
| 444|0x0000000737800000, 0x0000000737800000, 0x0000000737a00000|  0%| F|  |TAMS 0x0000000737800000| PB 0x0000000737800000| Untracked 
| 445|0x0000000737a00000, 0x0000000737a00000, 0x0000000737c00000|  0%| F|  |TAMS 0x0000000737a00000| PB 0x0000000737a00000| Untracked 
| 446|0x0000000737c00000, 0x0000000737c00000, 0x0000000737e00000|  0%| F|  |TAMS 0x0000000737c00000| PB 0x0000000737c00000| Untracked 
| 447|0x0000000737e00000, 0x0000000737e00000, 0x0000000738000000|  0%| F|  |TAMS 0x0000000737e00000| PB 0x0000000737e00000| Untracked 
| 448|0x0000000738000000, 0x0000000738000000, 0x0000000738200000|  0%| F|  |TAMS 0x0000000738000000| PB 0x0000000738000000| Untracked 
| 449|0x0000000738200000, 0x0000000738200000, 0x0000000738400000|  0%| F|  |TAMS 0x0000000738200000| PB 0x0000000738200000| Untracked 
| 450|0x0000000738400000, 0x0000000738400000, 0x0000000738600000|  0%| F|  |TAMS 0x0000000738400000| PB 0x0000000738400000| Untracked 
| 451|0x0000000738600000, 0x0000000738600000, 0x0000000738800000|  0%| F|  |TAMS 0x0000000738600000| PB 0x0000000738600000| Untracked 
| 452|0x0000000738800000, 0x0000000738800000, 0x0000000738a00000|  0%| F|  |TAMS 0x0000000738800000| PB 0x0000000738800000| Untracked 
| 453|0x0000000738a00000, 0x0000000738a00000, 0x0000000738c00000|  0%| F|  |TAMS 0x0000000738a00000| PB 0x0000000738a00000| Untracked 
| 454|0x0000000738c00000, 0x0000000738c00000, 0x0000000738e00000|  0%| F|  |TAMS 0x0000000738c00000| PB 0x0000000738c00000| Untracked 
| 455|0x0000000738e00000, 0x0000000738e00000, 0x0000000739000000|  0%| F|  |TAMS 0x0000000738e00000| PB 0x0000000738e00000| Untracked 
| 456|0x0000000739000000, 0x0000000739000000, 0x0000000739200000|  0%| F|  |TAMS 0x0000000739000000| PB 0x0000000739000000| Untracked 
| 457|0x0000000739200000, 0x0000000739200000, 0x0000000739400000|  0%| F|  |TAMS 0x0000000739200000| PB 0x0000000739200000| Untracked 
| 458|0x0000000739400000, 0x0000000739400000, 0x0000000739600000|  0%| F|  |TAMS 0x0000000739400000| PB 0x0000000739400000| Untracked 
| 459|0x0000000739600000, 0x0000000739600000, 0x0000000739800000|  0%| F|  |TAMS 0x0000000739600000| PB 0x0000000739600000| Untracked 
| 460|0x0000000739800000, 0x0000000739800000, 0x0000000739a00000|  0%| F|  |TAMS 0x0000000739800000| PB 0x0000000739800000| Untracked 
| 461|0x0000000739a00000, 0x0000000739a00000, 0x0000000739c00000|  0%| F|  |TAMS 0x0000000739a00000| PB 0x0000000739a00000| Untracked 
| 462|0x0000000739c00000, 0x0000000739c00000, 0x0000000739e00000|  0%| F|  |TAMS 0x0000000739c00000| PB 0x0000000739c00000| Untracked 
| 463|0x0000000739e00000, 0x0000000739e00000, 0x000000073a000000|  0%| F|  |TAMS 0x0000000739e00000| PB 0x0000000739e00000| Untracked 
| 464|0x000000073a000000, 0x000000073a000000, 0x000000073a200000|  0%| F|  |TAMS 0x000000073a000000| PB 0x000000073a000000| Untracked 
| 465|0x000000073a200000, 0x000000073a200000, 0x000000073a400000|  0%| F|  |TAMS 0x000000073a200000| PB 0x000000073a200000| Untracked 
| 466|0x000000073a400000, 0x000000073a400000, 0x000000073a600000|  0%| F|  |TAMS 0x000000073a400000| PB 0x000000073a400000| Untracked 
| 467|0x000000073a600000, 0x000000073a600000, 0x000000073a800000|  0%| F|  |TAMS 0x000000073a600000| PB 0x000000073a600000| Untracked 
| 468|0x000000073a800000, 0x000000073a800000, 0x000000073aa00000|  0%| F|  |TAMS 0x000000073a800000| PB 0x000000073a800000| Untracked 
| 469|0x000000073aa00000, 0x000000073aa00000, 0x000000073ac00000|  0%| F|  |TAMS 0x000000073aa00000| PB 0x000000073aa00000| Untracked 
| 470|0x000000073ac00000, 0x000000073ac00000, 0x000000073ae00000|  0%| F|  |TAMS 0x000000073ac00000| PB 0x000000073ac00000| Untracked 
| 471|0x000000073ae00000, 0x000000073ae00000, 0x000000073b000000|  0%| F|  |TAMS 0x000000073ae00000| PB 0x000000073ae00000| Untracked 
| 472|0x000000073b000000, 0x000000073b000000, 0x000000073b200000|  0%| F|  |TAMS 0x000000073b000000| PB 0x000000073b000000| Untracked 
| 473|0x000000073b200000, 0x000000073b200000, 0x000000073b400000|  0%| F|  |TAMS 0x000000073b200000| PB 0x000000073b200000| Untracked 
| 474|0x000000073b400000, 0x000000073b400000, 0x000000073b600000|  0%| F|  |TAMS 0x000000073b400000| PB 0x000000073b400000| Untracked 
| 475|0x000000073b600000, 0x000000073b600000, 0x000000073b800000|  0%| F|  |TAMS 0x000000073b600000| PB 0x000000073b600000| Untracked 
| 476|0x000000073b800000, 0x000000073b800000, 0x000000073ba00000|  0%| F|  |TAMS 0x000000073b800000| PB 0x000000073b800000| Untracked 
| 477|0x000000073ba00000, 0x000000073ba00000, 0x000000073bc00000|  0%| F|  |TAMS 0x000000073ba00000| PB 0x000000073ba00000| Untracked 
| 478|0x000000073bc00000, 0x000000073bc00000, 0x000000073be00000|  0%| F|  |TAMS 0x000000073bc00000| PB 0x000000073bc00000| Untracked 
| 479|0x000000073be00000, 0x000000073be00000, 0x000000073c000000|  0%| F|  |TAMS 0x000000073be00000| PB 0x000000073be00000| Untracked 
| 480|0x000000073c000000, 0x000000073c000000, 0x000000073c200000|  0%| F|  |TAMS 0x000000073c000000| PB 0x000000073c000000| Untracked 
| 481|0x000000073c200000, 0x000000073c200000, 0x000000073c400000|  0%| F|  |TAMS 0x000000073c200000| PB 0x000000073c200000| Untracked 
| 482|0x000000073c400000, 0x000000073c400000, 0x000000073c600000|  0%| F|  |TAMS 0x000000073c400000| PB 0x000000073c400000| Untracked 
| 483|0x000000073c600000, 0x000000073c600000, 0x000000073c800000|  0%| F|  |TAMS 0x000000073c600000| PB 0x000000073c600000| Untracked 
| 484|0x000000073c800000, 0x000000073c800000, 0x000000073ca00000|  0%| F|  |TAMS 0x000000073c800000| PB 0x000000073c800000| Untracked 
| 485|0x000000073ca00000, 0x000000073ca00000, 0x000000073cc00000|  0%| F|  |TAMS 0x000000073ca00000| PB 0x000000073ca00000| Untracked 
| 486|0x000000073cc00000, 0x000000073cc00000, 0x000000073ce00000|  0%| F|  |TAMS 0x000000073cc00000| PB 0x000000073cc00000| Untracked 
| 487|0x000000073ce00000, 0x000000073ce00000, 0x000000073d000000|  0%| F|  |TAMS 0x000000073ce00000| PB 0x000000073ce00000| Untracked 
| 488|0x000000073d000000, 0x000000073d000000, 0x000000073d200000|  0%| F|  |TAMS 0x000000073d000000| PB 0x000000073d000000| Untracked 
| 489|0x000000073d200000, 0x000000073d200000, 0x000000073d400000|  0%| F|  |TAMS 0x000000073d200000| PB 0x000000073d200000| Untracked 
| 490|0x000000073d400000, 0x000000073d400000, 0x000000073d600000|  0%| F|  |TAMS 0x000000073d400000| PB 0x000000073d400000| Untracked 
| 491|0x000000073d600000, 0x000000073d600000, 0x000000073d800000|  0%| F|  |TAMS 0x000000073d600000| PB 0x000000073d600000| Untracked 
| 492|0x000000073d800000, 0x000000073d800000, 0x000000073da00000|  0%| F|  |TAMS 0x000000073d800000| PB 0x000000073d800000| Untracked 
| 493|0x000000073da00000, 0x000000073da00000, 0x000000073dc00000|  0%| F|  |TAMS 0x000000073da00000| PB 0x000000073da00000| Untracked 
| 494|0x000000073dc00000, 0x000000073dc00000, 0x000000073de00000|  0%| F|  |TAMS 0x000000073dc00000| PB 0x000000073dc00000| Untracked 
| 495|0x000000073de00000, 0x000000073de00000, 0x000000073e000000|  0%| F|  |TAMS 0x000000073de00000| PB 0x000000073de00000| Untracked 
| 496|0x000000073e000000, 0x000000073e000000, 0x000000073e200000|  0%| F|  |TAMS 0x000000073e000000| PB 0x000000073e000000| Untracked 
| 497|0x000000073e200000, 0x000000073e200000, 0x000000073e400000|  0%| F|  |TAMS 0x000000073e200000| PB 0x000000073e200000| Untracked 
| 498|0x000000073e400000, 0x000000073e400000, 0x000000073e600000|  0%| F|  |TAMS 0x000000073e400000| PB 0x000000073e400000| Untracked 
| 499|0x000000073e600000, 0x000000073e600000, 0x000000073e800000|  0%| F|  |TAMS 0x000000073e600000| PB 0x000000073e600000| Untracked 
| 500|0x000000073e800000, 0x000000073e800000, 0x000000073ea00000|  0%| F|  |TAMS 0x000000073e800000| PB 0x000000073e800000| Untracked 
| 501|0x000000073ea00000, 0x000000073ea00000, 0x000000073ec00000|  0%| F|  |TAMS 0x000000073ea00000| PB 0x000000073ea00000| Untracked 
| 502|0x000000073ec00000, 0x000000073ec00000, 0x000000073ee00000|  0%| F|  |TAMS 0x000000073ec00000| PB 0x000000073ec00000| Untracked 
| 503|0x000000073ee00000, 0x000000073ee00000, 0x000000073f000000|  0%| F|  |TAMS 0x000000073ee00000| PB 0x000000073ee00000| Untracked 
| 504|0x000000073f000000, 0x000000073f200000, 0x000000073f200000|100%| S|CS|TAMS 0x000000073f000000| PB 0x000000073f000000| Complete 
| 505|0x000000073f200000, 0x000000073f400000, 0x000000073f400000|100%| S|CS|TAMS 0x000000073f200000| PB 0x000000073f200000| Complete 
| 506|0x000000073f400000, 0x000000073f600000, 0x000000073f600000|100%| S|CS|TAMS 0x000000073f400000| PB 0x000000073f400000| Complete 
| 507|0x000000073f600000, 0x000000073f600000, 0x000000073f800000|  0%| F|  |TAMS 0x000000073f600000| PB 0x000000073f600000| Untracked 
| 508|0x000000073f800000, 0x000000073f800000, 0x000000073fa00000|  0%| F|  |TAMS 0x000000073f800000| PB 0x000000073f800000| Untracked 
| 509|0x000000073fa00000, 0x000000073fa00000, 0x000000073fc00000|  0%| F|  |TAMS 0x000000073fa00000| PB 0x000000073fa00000| Untracked 
| 510|0x000000073fc00000, 0x000000073fc00000, 0x000000073fe00000|  0%| F|  |TAMS 0x000000073fc00000| PB 0x000000073fc00000| Untracked 
| 511|0x000000073fe00000, 0x000000073fe00000, 0x0000000740000000|  0%| F|  |TAMS 0x000000073fe00000| PB 0x000000073fe00000| Untracked 
| 512|0x0000000740000000, 0x0000000740000000, 0x0000000740200000|  0%| F|  |TAMS 0x0000000740000000| PB 0x0000000740000000| Untracked 
| 513|0x0000000740200000, 0x0000000740200000, 0x0000000740400000|  0%| F|  |TAMS 0x0000000740200000| PB 0x0000000740200000| Untracked 
| 514|0x0000000740400000, 0x0000000740400000, 0x0000000740600000|  0%| F|  |TAMS 0x0000000740400000| PB 0x0000000740400000| Untracked 
| 515|0x0000000740600000, 0x0000000740600000, 0x0000000740800000|  0%| F|  |TAMS 0x0000000740600000| PB 0x0000000740600000| Untracked 
| 516|0x0000000740800000, 0x0000000740800000, 0x0000000740a00000|  0%| F|  |TAMS 0x0000000740800000| PB 0x0000000740800000| Untracked 
| 517|0x0000000740a00000, 0x0000000740a00000, 0x0000000740c00000|  0%| F|  |TAMS 0x0000000740a00000| PB 0x0000000740a00000| Untracked 
| 518|0x0000000740c00000, 0x0000000740c00000, 0x0000000740e00000|  0%| F|  |TAMS 0x0000000740c00000| PB 0x0000000740c00000| Untracked 
| 519|0x0000000740e00000, 0x0000000740e00000, 0x0000000741000000|  0%| F|  |TAMS 0x0000000740e00000| PB 0x0000000740e00000| Untracked 
| 520|0x0000000741000000, 0x0000000741000000, 0x0000000741200000|  0%| F|  |TAMS 0x0000000741000000| PB 0x0000000741000000| Untracked 
| 521|0x0000000741200000, 0x0000000741200000, 0x0000000741400000|  0%| F|  |TAMS 0x0000000741200000| PB 0x0000000741200000| Untracked 
| 522|0x0000000741400000, 0x0000000741400000, 0x0000000741600000|  0%| F|  |TAMS 0x0000000741400000| PB 0x0000000741400000| Untracked 
| 523|0x0000000741600000, 0x0000000741600000, 0x0000000741800000|  0%| F|  |TAMS 0x0000000741600000| PB 0x0000000741600000| Untracked 
| 524|0x0000000741800000, 0x0000000741800000, 0x0000000741a00000|  0%| F|  |TAMS 0x0000000741800000| PB 0x0000000741800000| Untracked 
| 525|0x0000000741a00000, 0x0000000741a00000, 0x0000000741c00000|  0%| F|  |TAMS 0x0000000741a00000| PB 0x0000000741a00000| Untracked 
| 526|0x0000000741c00000, 0x0000000741c00000, 0x0000000741e00000|  0%| F|  |TAMS 0x0000000741c00000| PB 0x0000000741c00000| Untracked 
| 527|0x0000000741e00000, 0x0000000741e00000, 0x0000000742000000|  0%| F|  |TAMS 0x0000000741e00000| PB 0x0000000741e00000| Untracked 
| 528|0x0000000742000000, 0x0000000742000000, 0x0000000742200000|  0%| F|  |TAMS 0x0000000742000000| PB 0x0000000742000000| Untracked 
| 529|0x0000000742200000, 0x0000000742200000, 0x0000000742400000|  0%| F|  |TAMS 0x0000000742200000| PB 0x0000000742200000| Untracked 
| 530|0x0000000742400000, 0x0000000742400000, 0x0000000742600000|  0%| F|  |TAMS 0x0000000742400000| PB 0x0000000742400000| Untracked 
| 531|0x0000000742600000, 0x0000000742600000, 0x0000000742800000|  0%| F|  |TAMS 0x0000000742600000| PB 0x0000000742600000| Untracked 
| 532|0x0000000742800000, 0x0000000742800000, 0x0000000742a00000|  0%| F|  |TAMS 0x0000000742800000| PB 0x0000000742800000| Untracked 
| 533|0x0000000742a00000, 0x0000000742a00000, 0x0000000742c00000|  0%| F|  |TAMS 0x0000000742a00000| PB 0x0000000742a00000| Untracked 
| 534|0x0000000742c00000, 0x0000000742c00000, 0x0000000742e00000|  0%| F|  |TAMS 0x0000000742c00000| PB 0x0000000742c00000| Untracked 
| 535|0x0000000742e00000, 0x0000000742e00000, 0x0000000743000000|  0%| F|  |TAMS 0x0000000742e00000| PB 0x0000000742e00000| Untracked 
| 536|0x0000000743000000, 0x0000000743000000, 0x0000000743200000|  0%| F|  |TAMS 0x0000000743000000| PB 0x0000000743000000| Untracked 
| 537|0x0000000743200000, 0x0000000743200000, 0x0000000743400000|  0%| F|  |TAMS 0x0000000743200000| PB 0x0000000743200000| Untracked 
| 538|0x0000000743400000, 0x0000000743400000, 0x0000000743600000|  0%| F|  |TAMS 0x0000000743400000| PB 0x0000000743400000| Untracked 
| 539|0x0000000743600000, 0x0000000743600000, 0x0000000743800000|  0%| F|  |TAMS 0x0000000743600000| PB 0x0000000743600000| Untracked 
| 540|0x0000000743800000, 0x0000000743800000, 0x0000000743a00000|  0%| F|  |TAMS 0x0000000743800000| PB 0x0000000743800000| Untracked 
| 541|0x0000000743a00000, 0x0000000743a00000, 0x0000000743c00000|  0%| F|  |TAMS 0x0000000743a00000| PB 0x0000000743a00000| Untracked 
| 542|0x0000000743c00000, 0x0000000743c00000, 0x0000000743e00000|  0%| F|  |TAMS 0x0000000743c00000| PB 0x0000000743c00000| Untracked 
| 543|0x0000000743e00000, 0x0000000743e00000, 0x0000000744000000|  0%| F|  |TAMS 0x0000000743e00000| PB 0x0000000743e00000| Untracked 
| 544|0x0000000744000000, 0x0000000744000000, 0x0000000744200000|  0%| F|  |TAMS 0x0000000744000000| PB 0x0000000744000000| Untracked 
| 545|0x0000000744200000, 0x0000000744200000, 0x0000000744400000|  0%| F|  |TAMS 0x0000000744200000| PB 0x0000000744200000| Untracked 
| 546|0x0000000744400000, 0x0000000744400000, 0x0000000744600000|  0%| F|  |TAMS 0x0000000744400000| PB 0x0000000744400000| Untracked 
| 547|0x0000000744600000, 0x0000000744600000, 0x0000000744800000|  0%| F|  |TAMS 0x0000000744600000| PB 0x0000000744600000| Untracked 
| 548|0x0000000744800000, 0x0000000744800000, 0x0000000744a00000|  0%| F|  |TAMS 0x0000000744800000| PB 0x0000000744800000| Untracked 
| 549|0x0000000744a00000, 0x0000000744a00000, 0x0000000744c00000|  0%| F|  |TAMS 0x0000000744a00000| PB 0x0000000744a00000| Untracked 
| 550|0x0000000744c00000, 0x0000000744c00000, 0x0000000744e00000|  0%| F|  |TAMS 0x0000000744c00000| PB 0x0000000744c00000| Untracked 
| 551|0x0000000744e00000, 0x0000000744e00000, 0x0000000745000000|  0%| F|  |TAMS 0x0000000744e00000| PB 0x0000000744e00000| Untracked 
| 552|0x0000000745000000, 0x0000000745000000, 0x0000000745200000|  0%| F|  |TAMS 0x0000000745000000| PB 0x0000000745000000| Untracked 
| 553|0x0000000745200000, 0x0000000745200000, 0x0000000745400000|  0%| F|  |TAMS 0x0000000745200000| PB 0x0000000745200000| Untracked 
| 554|0x0000000745400000, 0x0000000745400000, 0x0000000745600000|  0%| F|  |TAMS 0x0000000745400000| PB 0x0000000745400000| Untracked 
| 555|0x0000000745600000, 0x0000000745600000, 0x0000000745800000|  0%| F|  |TAMS 0x0000000745600000| PB 0x0000000745600000| Untracked 
| 556|0x0000000745800000, 0x0000000745800000, 0x0000000745a00000|  0%| F|  |TAMS 0x0000000745800000| PB 0x0000000745800000| Untracked 
| 557|0x0000000745a00000, 0x0000000745a00000, 0x0000000745c00000|  0%| F|  |TAMS 0x0000000745a00000| PB 0x0000000745a00000| Untracked 
| 558|0x0000000745c00000, 0x0000000745c00000, 0x0000000745e00000|  0%| F|  |TAMS 0x0000000745c00000| PB 0x0000000745c00000| Untracked 
| 559|0x0000000745e00000, 0x0000000745e00000, 0x0000000746000000|  0%| F|  |TAMS 0x0000000745e00000| PB 0x0000000745e00000| Untracked 
| 560|0x0000000746000000, 0x0000000746000000, 0x0000000746200000|  0%| F|  |TAMS 0x0000000746000000| PB 0x0000000746000000| Untracked 
| 561|0x0000000746200000, 0x0000000746200000, 0x0000000746400000|  0%| F|  |TAMS 0x0000000746200000| PB 0x0000000746200000| Untracked 
| 562|0x0000000746400000, 0x0000000746400000, 0x0000000746600000|  0%| F|  |TAMS 0x0000000746400000| PB 0x0000000746400000| Untracked 
| 563|0x0000000746600000, 0x0000000746600000, 0x0000000746800000|  0%| F|  |TAMS 0x0000000746600000| PB 0x0000000746600000| Untracked 
| 564|0x0000000746800000, 0x0000000746800000, 0x0000000746a00000|  0%| F|  |TAMS 0x0000000746800000| PB 0x0000000746800000| Untracked 
| 565|0x0000000746a00000, 0x0000000746a00000, 0x0000000746c00000|  0%| F|  |TAMS 0x0000000746a00000| PB 0x0000000746a00000| Untracked 
| 566|0x0000000746c00000, 0x0000000746c00000, 0x0000000746e00000|  0%| F|  |TAMS 0x0000000746c00000| PB 0x0000000746c00000| Untracked 
| 567|0x0000000746e00000, 0x0000000746e00000, 0x0000000747000000|  0%| F|  |TAMS 0x0000000746e00000| PB 0x0000000746e00000| Untracked 
| 568|0x0000000747000000, 0x0000000747000000, 0x0000000747200000|  0%| F|  |TAMS 0x0000000747000000| PB 0x0000000747000000| Untracked 
| 569|0x0000000747200000, 0x0000000747200000, 0x0000000747400000|  0%| F|  |TAMS 0x0000000747200000| PB 0x0000000747200000| Untracked 
| 570|0x0000000747400000, 0x0000000747400000, 0x0000000747600000|  0%| F|  |TAMS 0x0000000747400000| PB 0x0000000747400000| Untracked 
| 571|0x0000000747600000, 0x0000000747600000, 0x0000000747800000|  0%| F|  |TAMS 0x0000000747600000| PB 0x0000000747600000| Untracked 
| 572|0x0000000747800000, 0x0000000747800000, 0x0000000747a00000|  0%| F|  |TAMS 0x0000000747800000| PB 0x0000000747800000| Untracked 
| 573|0x0000000747a00000, 0x0000000747a00000, 0x0000000747c00000|  0%| F|  |TAMS 0x0000000747a00000| PB 0x0000000747a00000| Untracked 
| 574|0x0000000747c00000, 0x0000000747c00000, 0x0000000747e00000|  0%| F|  |TAMS 0x0000000747c00000| PB 0x0000000747c00000| Untracked 
| 575|0x0000000747e00000, 0x0000000747e00000, 0x0000000748000000|  0%| F|  |TAMS 0x0000000747e00000| PB 0x0000000747e00000| Untracked 
| 576|0x0000000748000000, 0x0000000748000000, 0x0000000748200000|  0%| F|  |TAMS 0x0000000748000000| PB 0x0000000748000000| Untracked 
| 577|0x0000000748200000, 0x0000000748200000, 0x0000000748400000|  0%| F|  |TAMS 0x0000000748200000| PB 0x0000000748200000| Untracked 
| 578|0x0000000748400000, 0x0000000748400000, 0x0000000748600000|  0%| F|  |TAMS 0x0000000748400000| PB 0x0000000748400000| Untracked 
| 579|0x0000000748600000, 0x0000000748600000, 0x0000000748800000|  0%| F|  |TAMS 0x0000000748600000| PB 0x0000000748600000| Untracked 
| 580|0x0000000748800000, 0x0000000748800000, 0x0000000748a00000|  0%| F|  |TAMS 0x0000000748800000| PB 0x0000000748800000| Untracked 
| 581|0x0000000748a00000, 0x0000000748a00000, 0x0000000748c00000|  0%| F|  |TAMS 0x0000000748a00000| PB 0x0000000748a00000| Untracked 
| 582|0x0000000748c00000, 0x0000000748c00000, 0x0000000748e00000|  0%| F|  |TAMS 0x0000000748c00000| PB 0x0000000748c00000| Untracked 
| 583|0x0000000748e00000, 0x0000000748e00000, 0x0000000749000000|  0%| F|  |TAMS 0x0000000748e00000| PB 0x0000000748e00000| Untracked 
| 584|0x0000000749000000, 0x0000000749000000, 0x0000000749200000|  0%| F|  |TAMS 0x0000000749000000| PB 0x0000000749000000| Untracked 
| 585|0x0000000749200000, 0x0000000749200000, 0x0000000749400000|  0%| F|  |TAMS 0x0000000749200000| PB 0x0000000749200000| Untracked 
| 586|0x0000000749400000, 0x0000000749400000, 0x0000000749600000|  0%| F|  |TAMS 0x0000000749400000| PB 0x0000000749400000| Untracked 
| 587|0x0000000749600000, 0x0000000749600000, 0x0000000749800000|  0%| F|  |TAMS 0x0000000749600000| PB 0x0000000749600000| Untracked 
| 588|0x0000000749800000, 0x0000000749800000, 0x0000000749a00000|  0%| F|  |TAMS 0x0000000749800000| PB 0x0000000749800000| Untracked 
| 589|0x0000000749a00000, 0x0000000749a00000, 0x0000000749c00000|  0%| F|  |TAMS 0x0000000749a00000| PB 0x0000000749a00000| Untracked 
| 590|0x0000000749c00000, 0x0000000749c00000, 0x0000000749e00000|  0%| F|  |TAMS 0x0000000749c00000| PB 0x0000000749c00000| Untracked 
| 591|0x0000000749e00000, 0x0000000749e00000, 0x000000074a000000|  0%| F|  |TAMS 0x0000000749e00000| PB 0x0000000749e00000| Untracked 
| 592|0x000000074a000000, 0x000000074a000000, 0x000000074a200000|  0%| F|  |TAMS 0x000000074a000000| PB 0x000000074a000000| Untracked 
| 593|0x000000074a200000, 0x000000074a200000, 0x000000074a400000|  0%| F|  |TAMS 0x000000074a200000| PB 0x000000074a200000| Untracked 
| 594|0x000000074a400000, 0x000000074a400000, 0x000000074a600000|  0%| F|  |TAMS 0x000000074a400000| PB 0x000000074a400000| Untracked 
| 595|0x000000074a600000, 0x000000074a600000, 0x000000074a800000|  0%| F|  |TAMS 0x000000074a600000| PB 0x000000074a600000| Untracked 
| 596|0x000000074a800000, 0x000000074a800000, 0x000000074aa00000|  0%| F|  |TAMS 0x000000074a800000| PB 0x000000074a800000| Untracked 
| 597|0x000000074aa00000, 0x000000074aa00000, 0x000000074ac00000|  0%| F|  |TAMS 0x000000074aa00000| PB 0x000000074aa00000| Untracked 
| 598|0x000000074ac00000, 0x000000074ac00000, 0x000000074ae00000|  0%| F|  |TAMS 0x000000074ac00000| PB 0x000000074ac00000| Untracked 
| 599|0x000000074ae00000, 0x000000074ae00000, 0x000000074b000000|  0%| F|  |TAMS 0x000000074ae00000| PB 0x000000074ae00000| Untracked 
| 600|0x000000074b000000, 0x000000074b000000, 0x000000074b200000|  0%| F|  |TAMS 0x000000074b000000| PB 0x000000074b000000| Untracked 
| 601|0x000000074b200000, 0x000000074b200000, 0x000000074b400000|  0%| F|  |TAMS 0x000000074b200000| PB 0x000000074b200000| Untracked 
| 602|0x000000074b400000, 0x000000074b400000, 0x000000074b600000|  0%| F|  |TAMS 0x000000074b400000| PB 0x000000074b400000| Untracked 
| 603|0x000000074b600000, 0x000000074b600000, 0x000000074b800000|  0%| F|  |TAMS 0x000000074b600000| PB 0x000000074b600000| Untracked 
| 604|0x000000074b800000, 0x000000074b800000, 0x000000074ba00000|  0%| F|  |TAMS 0x000000074b800000| PB 0x000000074b800000| Untracked 
| 605|0x000000074ba00000, 0x000000074ba00000, 0x000000074bc00000|  0%| F|  |TAMS 0x000000074ba00000| PB 0x000000074ba00000| Untracked 
| 606|0x000000074bc00000, 0x000000074bc00000, 0x000000074be00000|  0%| F|  |TAMS 0x000000074bc00000| PB 0x000000074bc00000| Untracked 
| 607|0x000000074be00000, 0x000000074be00000, 0x000000074c000000|  0%| F|  |TAMS 0x000000074be00000| PB 0x000000074be00000| Untracked 
| 608|0x000000074c000000, 0x000000074c000000, 0x000000074c200000|  0%| F|  |TAMS 0x000000074c000000| PB 0x000000074c000000| Untracked 
| 609|0x000000074c200000, 0x000000074c200000, 0x000000074c400000|  0%| F|  |TAMS 0x000000074c200000| PB 0x000000074c200000| Untracked 
| 610|0x000000074c400000, 0x000000074c400000, 0x000000074c600000|  0%| F|  |TAMS 0x000000074c400000| PB 0x000000074c400000| Untracked 
| 611|0x000000074c600000, 0x000000074c600000, 0x000000074c800000|  0%| F|  |TAMS 0x000000074c600000| PB 0x000000074c600000| Untracked 
| 612|0x000000074c800000, 0x000000074c800000, 0x000000074ca00000|  0%| F|  |TAMS 0x000000074c800000| PB 0x000000074c800000| Untracked 
| 613|0x000000074ca00000, 0x000000074ca00000, 0x000000074cc00000|  0%| F|  |TAMS 0x000000074ca00000| PB 0x000000074ca00000| Untracked 
| 614|0x000000074cc00000, 0x000000074cc00000, 0x000000074ce00000|  0%| F|  |TAMS 0x000000074cc00000| PB 0x000000074cc00000| Untracked 
| 615|0x000000074ce00000, 0x000000074ce00000, 0x000000074d000000|  0%| F|  |TAMS 0x000000074ce00000| PB 0x000000074ce00000| Untracked 
| 616|0x000000074d000000, 0x000000074d000000, 0x000000074d200000|  0%| F|  |TAMS 0x000000074d000000| PB 0x000000074d000000| Untracked 
| 617|0x000000074d200000, 0x000000074d200000, 0x000000074d400000|  0%| F|  |TAMS 0x000000074d200000| PB 0x000000074d200000| Untracked 
| 618|0x000000074d400000, 0x000000074d400000, 0x000000074d600000|  0%| F|  |TAMS 0x000000074d400000| PB 0x000000074d400000| Untracked 
| 619|0x000000074d600000, 0x000000074d600000, 0x000000074d800000|  0%| F|  |TAMS 0x000000074d600000| PB 0x000000074d600000| Untracked 
| 620|0x000000074d800000, 0x000000074d800000, 0x000000074da00000|  0%| F|  |TAMS 0x000000074d800000| PB 0x000000074d800000| Untracked 
| 621|0x000000074da00000, 0x000000074da00000, 0x000000074dc00000|  0%| F|  |TAMS 0x000000074da00000| PB 0x000000074da00000| Untracked 
| 622|0x000000074dc00000, 0x000000074dc00000, 0x000000074de00000|  0%| F|  |TAMS 0x000000074dc00000| PB 0x000000074dc00000| Untracked 
| 623|0x000000074de00000, 0x000000074de00000, 0x000000074e000000|  0%| F|  |TAMS 0x000000074de00000| PB 0x000000074de00000| Untracked 
| 624|0x000000074e000000, 0x000000074e000000, 0x000000074e200000|  0%| F|  |TAMS 0x000000074e000000| PB 0x000000074e000000| Untracked 
| 625|0x000000074e200000, 0x000000074e200000, 0x000000074e400000|  0%| F|  |TAMS 0x000000074e200000| PB 0x000000074e200000| Untracked 
| 626|0x000000074e400000, 0x000000074e400000, 0x000000074e600000|  0%| F|  |TAMS 0x000000074e400000| PB 0x000000074e400000| Untracked 
| 627|0x000000074e600000, 0x000000074e600000, 0x000000074e800000|  0%| F|  |TAMS 0x000000074e600000| PB 0x000000074e600000| Untracked 
| 628|0x000000074e800000, 0x000000074e800000, 0x000000074ea00000|  0%| F|  |TAMS 0x000000074e800000| PB 0x000000074e800000| Untracked 
| 629|0x000000074ea00000, 0x000000074ea00000, 0x000000074ec00000|  0%| F|  |TAMS 0x000000074ea00000| PB 0x000000074ea00000| Untracked 
| 630|0x000000074ec00000, 0x000000074ec00000, 0x000000074ee00000|  0%| F|  |TAMS 0x000000074ec00000| PB 0x000000074ec00000| Untracked 
| 631|0x000000074ee00000, 0x000000074ee00000, 0x000000074f000000|  0%| F|  |TAMS 0x000000074ee00000| PB 0x000000074ee00000| Untracked 
| 632|0x000000074f000000, 0x000000074f000000, 0x000000074f200000|  0%| F|  |TAMS 0x000000074f000000| PB 0x000000074f000000| Untracked 
| 633|0x000000074f200000, 0x000000074f200000, 0x000000074f400000|  0%| F|  |TAMS 0x000000074f200000| PB 0x000000074f200000| Untracked 
| 634|0x000000074f400000, 0x000000074f400000, 0x000000074f600000|  0%| F|  |TAMS 0x000000074f400000| PB 0x000000074f400000| Untracked 
| 635|0x000000074f600000, 0x000000074f600000, 0x000000074f800000|  0%| F|  |TAMS 0x000000074f600000| PB 0x000000074f600000| Untracked 
| 636|0x000000074f800000, 0x000000074f800000, 0x000000074fa00000|  0%| F|  |TAMS 0x000000074f800000| PB 0x000000074f800000| Untracked 
| 637|0x000000074fa00000, 0x000000074fa00000, 0x000000074fc00000|  0%| F|  |TAMS 0x000000074fa00000| PB 0x000000074fa00000| Untracked 
| 638|0x000000074fc00000, 0x000000074fc00000, 0x000000074fe00000|  0%| F|  |TAMS 0x000000074fc00000| PB 0x000000074fc00000| Untracked 
| 639|0x000000074fe00000, 0x000000074fe00000, 0x0000000750000000|  0%| F|  |TAMS 0x000000074fe00000| PB 0x000000074fe00000| Untracked 
| 640|0x0000000750000000, 0x0000000750000000, 0x0000000750200000|  0%| F|  |TAMS 0x0000000750000000| PB 0x0000000750000000| Untracked 
| 641|0x0000000750200000, 0x0000000750200000, 0x0000000750400000|  0%| F|  |TAMS 0x0000000750200000| PB 0x0000000750200000| Untracked 
| 642|0x0000000750400000, 0x0000000750400000, 0x0000000750600000|  0%| F|  |TAMS 0x0000000750400000| PB 0x0000000750400000| Untracked 
| 643|0x0000000750600000, 0x0000000750600000, 0x0000000750800000|  0%| F|  |TAMS 0x0000000750600000| PB 0x0000000750600000| Untracked 
| 644|0x0000000750800000, 0x0000000750800000, 0x0000000750a00000|  0%| F|  |TAMS 0x0000000750800000| PB 0x0000000750800000| Untracked 
| 645|0x0000000750a00000, 0x0000000750a00000, 0x0000000750c00000|  0%| F|  |TAMS 0x0000000750a00000| PB 0x0000000750a00000| Untracked 
| 646|0x0000000750c00000, 0x0000000750c00000, 0x0000000750e00000|  0%| F|  |TAMS 0x0000000750c00000| PB 0x0000000750c00000| Untracked 
| 647|0x0000000750e00000, 0x0000000750e00000, 0x0000000751000000|  0%| F|  |TAMS 0x0000000750e00000| PB 0x0000000750e00000| Untracked 
| 648|0x0000000751000000, 0x0000000751000000, 0x0000000751200000|  0%| F|  |TAMS 0x0000000751000000| PB 0x0000000751000000| Untracked 
| 649|0x0000000751200000, 0x0000000751200000, 0x0000000751400000|  0%| F|  |TAMS 0x0000000751200000| PB 0x0000000751200000| Untracked 
| 650|0x0000000751400000, 0x0000000751400000, 0x0000000751600000|  0%| F|  |TAMS 0x0000000751400000| PB 0x0000000751400000| Untracked 
| 651|0x0000000751600000, 0x0000000751600000, 0x0000000751800000|  0%| F|  |TAMS 0x0000000751600000| PB 0x0000000751600000| Untracked 
| 652|0x0000000751800000, 0x0000000751800000, 0x0000000751a00000|  0%| F|  |TAMS 0x0000000751800000| PB 0x0000000751800000| Untracked 
| 653|0x0000000751a00000, 0x0000000751a00000, 0x0000000751c00000|  0%| F|  |TAMS 0x0000000751a00000| PB 0x0000000751a00000| Untracked 
| 654|0x0000000751c00000, 0x0000000751c00000, 0x0000000751e00000|  0%| F|  |TAMS 0x0000000751c00000| PB 0x0000000751c00000| Untracked 
| 655|0x0000000751e00000, 0x0000000751e00000, 0x0000000752000000|  0%| F|  |TAMS 0x0000000751e00000| PB 0x0000000751e00000| Untracked 
| 656|0x0000000752000000, 0x0000000752000000, 0x0000000752200000|  0%| F|  |TAMS 0x0000000752000000| PB 0x0000000752000000| Untracked 
| 657|0x0000000752200000, 0x0000000752200000, 0x0000000752400000|  0%| F|  |TAMS 0x0000000752200000| PB 0x0000000752200000| Untracked 
| 658|0x0000000752400000, 0x0000000752400000, 0x0000000752600000|  0%| F|  |TAMS 0x0000000752400000| PB 0x0000000752400000| Untracked 
| 659|0x0000000752600000, 0x0000000752600000, 0x0000000752800000|  0%| F|  |TAMS 0x0000000752600000| PB 0x0000000752600000| Untracked 
| 660|0x0000000752800000, 0x0000000752800000, 0x0000000752a00000|  0%| F|  |TAMS 0x0000000752800000| PB 0x0000000752800000| Untracked 
| 661|0x0000000752a00000, 0x0000000752a00000, 0x0000000752c00000|  0%| F|  |TAMS 0x0000000752a00000| PB 0x0000000752a00000| Untracked 
| 662|0x0000000752c00000, 0x0000000752c00000, 0x0000000752e00000|  0%| F|  |TAMS 0x0000000752c00000| PB 0x0000000752c00000| Untracked 
| 663|0x0000000752e00000, 0x0000000752e00000, 0x0000000753000000|  0%| F|  |TAMS 0x0000000752e00000| PB 0x0000000752e00000| Untracked 
| 664|0x0000000753000000, 0x0000000753000000, 0x0000000753200000|  0%| F|  |TAMS 0x0000000753000000| PB 0x0000000753000000| Untracked 
| 665|0x0000000753200000, 0x0000000753200000, 0x0000000753400000|  0%| F|  |TAMS 0x0000000753200000| PB 0x0000000753200000| Untracked 
| 666|0x0000000753400000, 0x0000000753400000, 0x0000000753600000|  0%| F|  |TAMS 0x0000000753400000| PB 0x0000000753400000| Untracked 
| 667|0x0000000753600000, 0x0000000753600000, 0x0000000753800000|  0%| F|  |TAMS 0x0000000753600000| PB 0x0000000753600000| Untracked 
| 668|0x0000000753800000, 0x0000000753800000, 0x0000000753a00000|  0%| F|  |TAMS 0x0000000753800000| PB 0x0000000753800000| Untracked 
| 669|0x0000000753a00000, 0x0000000753a00000, 0x0000000753c00000|  0%| F|  |TAMS 0x0000000753a00000| PB 0x0000000753a00000| Untracked 
| 670|0x0000000753c00000, 0x0000000753c00000, 0x0000000753e00000|  0%| F|  |TAMS 0x0000000753c00000| PB 0x0000000753c00000| Untracked 
| 671|0x0000000753e00000, 0x0000000753e00000, 0x0000000754000000|  0%| F|  |TAMS 0x0000000753e00000| PB 0x0000000753e00000| Untracked 
| 672|0x0000000754000000, 0x0000000754000000, 0x0000000754200000|  0%| F|  |TAMS 0x0000000754000000| PB 0x0000000754000000| Untracked 
| 673|0x0000000754200000, 0x0000000754200000, 0x0000000754400000|  0%| F|  |TAMS 0x0000000754200000| PB 0x0000000754200000| Untracked 
| 674|0x0000000754400000, 0x0000000754400000, 0x0000000754600000|  0%| F|  |TAMS 0x0000000754400000| PB 0x0000000754400000| Untracked 
| 675|0x0000000754600000, 0x0000000754600000, 0x0000000754800000|  0%| F|  |TAMS 0x0000000754600000| PB 0x0000000754600000| Untracked 
| 676|0x0000000754800000, 0x0000000754800000, 0x0000000754a00000|  0%| F|  |TAMS 0x0000000754800000| PB 0x0000000754800000| Untracked 
| 677|0x0000000754a00000, 0x0000000754a00000, 0x0000000754c00000|  0%| F|  |TAMS 0x0000000754a00000| PB 0x0000000754a00000| Untracked 
| 678|0x0000000754c00000, 0x0000000754c00000, 0x0000000754e00000|  0%| F|  |TAMS 0x0000000754c00000| PB 0x0000000754c00000| Untracked 
| 679|0x0000000754e00000, 0x0000000754e00000, 0x0000000755000000|  0%| F|  |TAMS 0x0000000754e00000| PB 0x0000000754e00000| Untracked 
| 680|0x0000000755000000, 0x0000000755000000, 0x0000000755200000|  0%| F|  |TAMS 0x0000000755000000| PB 0x0000000755000000| Untracked 
| 681|0x0000000755200000, 0x0000000755200000, 0x0000000755400000|  0%| F|  |TAMS 0x0000000755200000| PB 0x0000000755200000| Untracked 
| 682|0x0000000755400000, 0x0000000755400000, 0x0000000755600000|  0%| F|  |TAMS 0x0000000755400000| PB 0x0000000755400000| Untracked 
| 683|0x0000000755600000, 0x0000000755600000, 0x0000000755800000|  0%| F|  |TAMS 0x0000000755600000| PB 0x0000000755600000| Untracked 
| 684|0x0000000755800000, 0x0000000755800000, 0x0000000755a00000|  0%| F|  |TAMS 0x0000000755800000| PB 0x0000000755800000| Untracked 
| 685|0x0000000755a00000, 0x0000000755a00000, 0x0000000755c00000|  0%| F|  |TAMS 0x0000000755a00000| PB 0x0000000755a00000| Untracked 
| 686|0x0000000755c00000, 0x0000000755c00000, 0x0000000755e00000|  0%| F|  |TAMS 0x0000000755c00000| PB 0x0000000755c00000| Untracked 
| 687|0x0000000755e00000, 0x0000000755e00000, 0x0000000756000000|  0%| F|  |TAMS 0x0000000755e00000| PB 0x0000000755e00000| Untracked 
| 688|0x0000000756000000, 0x0000000756000000, 0x0000000756200000|  0%| F|  |TAMS 0x0000000756000000| PB 0x0000000756000000| Untracked 
| 689|0x0000000756200000, 0x0000000756200000, 0x0000000756400000|  0%| F|  |TAMS 0x0000000756200000| PB 0x0000000756200000| Untracked 
| 690|0x0000000756400000, 0x0000000756400000, 0x0000000756600000|  0%| F|  |TAMS 0x0000000756400000| PB 0x0000000756400000| Untracked 
| 691|0x0000000756600000, 0x0000000756600000, 0x0000000756800000|  0%| F|  |TAMS 0x0000000756600000| PB 0x0000000756600000| Untracked 
| 692|0x0000000756800000, 0x0000000756800000, 0x0000000756a00000|  0%| F|  |TAMS 0x0000000756800000| PB 0x0000000756800000| Untracked 
| 693|0x0000000756a00000, 0x0000000756a00000, 0x0000000756c00000|  0%| F|  |TAMS 0x0000000756a00000| PB 0x0000000756a00000| Untracked 
| 694|0x0000000756c00000, 0x0000000756c00000, 0x0000000756e00000|  0%| F|  |TAMS 0x0000000756c00000| PB 0x0000000756c00000| Untracked 
| 695|0x0000000756e00000, 0x0000000756e00000, 0x0000000757000000|  0%| F|  |TAMS 0x0000000756e00000| PB 0x0000000756e00000| Untracked 
| 696|0x0000000757000000, 0x0000000757000000, 0x0000000757200000|  0%| F|  |TAMS 0x0000000757000000| PB 0x0000000757000000| Untracked 
| 697|0x0000000757200000, 0x0000000757200000, 0x0000000757400000|  0%| F|  |TAMS 0x0000000757200000| PB 0x0000000757200000| Untracked 
| 698|0x0000000757400000, 0x0000000757400000, 0x0000000757600000|  0%| F|  |TAMS 0x0000000757400000| PB 0x0000000757400000| Untracked 
| 699|0x0000000757600000, 0x0000000757600000, 0x0000000757800000|  0%| F|  |TAMS 0x0000000757600000| PB 0x0000000757600000| Untracked 
| 700|0x0000000757800000, 0x0000000757800000, 0x0000000757a00000|  0%| F|  |TAMS 0x0000000757800000| PB 0x0000000757800000| Untracked 
| 701|0x0000000757a00000, 0x0000000757a00000, 0x0000000757c00000|  0%| F|  |TAMS 0x0000000757a00000| PB 0x0000000757a00000| Untracked 
| 702|0x0000000757c00000, 0x0000000757c00000, 0x0000000757e00000|  0%| F|  |TAMS 0x0000000757c00000| PB 0x0000000757c00000| Untracked 
| 703|0x0000000757e00000, 0x0000000757e00000, 0x0000000758000000|  0%| F|  |TAMS 0x0000000757e00000| PB 0x0000000757e00000| Untracked 
| 704|0x0000000758000000, 0x0000000758000000, 0x0000000758200000|  0%| F|  |TAMS 0x0000000758000000| PB 0x0000000758000000| Untracked 
| 705|0x0000000758200000, 0x0000000758200000, 0x0000000758400000|  0%| F|  |TAMS 0x0000000758200000| PB 0x0000000758200000| Untracked 
| 706|0x0000000758400000, 0x0000000758400000, 0x0000000758600000|  0%| F|  |TAMS 0x0000000758400000| PB 0x0000000758400000| Untracked 
| 707|0x0000000758600000, 0x0000000758600000, 0x0000000758800000|  0%| F|  |TAMS 0x0000000758600000| PB 0x0000000758600000| Untracked 
| 708|0x0000000758800000, 0x0000000758800000, 0x0000000758a00000|  0%| F|  |TAMS 0x0000000758800000| PB 0x0000000758800000| Untracked 
| 709|0x0000000758a00000, 0x0000000758a00000, 0x0000000758c00000|  0%| F|  |TAMS 0x0000000758a00000| PB 0x0000000758a00000| Untracked 
| 710|0x0000000758c00000, 0x0000000758c00000, 0x0000000758e00000|  0%| F|  |TAMS 0x0000000758c00000| PB 0x0000000758c00000| Untracked 
| 711|0x0000000758e00000, 0x0000000758e00000, 0x0000000759000000|  0%| F|  |TAMS 0x0000000758e00000| PB 0x0000000758e00000| Untracked 
| 712|0x0000000759000000, 0x0000000759000000, 0x0000000759200000|  0%| F|  |TAMS 0x0000000759000000| PB 0x0000000759000000| Untracked 
| 713|0x0000000759200000, 0x0000000759200000, 0x0000000759400000|  0%| F|  |TAMS 0x0000000759200000| PB 0x0000000759200000| Untracked 
| 714|0x0000000759400000, 0x0000000759400000, 0x0000000759600000|  0%| F|  |TAMS 0x0000000759400000| PB 0x0000000759400000| Untracked 
| 715|0x0000000759600000, 0x0000000759600000, 0x0000000759800000|  0%| F|  |TAMS 0x0000000759600000| PB 0x0000000759600000| Untracked 
| 716|0x0000000759800000, 0x0000000759800000, 0x0000000759a00000|  0%| F|  |TAMS 0x0000000759800000| PB 0x0000000759800000| Untracked 
| 717|0x0000000759a00000, 0x0000000759a00000, 0x0000000759c00000|  0%| F|  |TAMS 0x0000000759a00000| PB 0x0000000759a00000| Untracked 
| 718|0x0000000759c00000, 0x0000000759c00000, 0x0000000759e00000|  0%| F|  |TAMS 0x0000000759c00000| PB 0x0000000759c00000| Untracked 
| 719|0x0000000759e00000, 0x0000000759e00000, 0x000000075a000000|  0%| F|  |TAMS 0x0000000759e00000| PB 0x0000000759e00000| Untracked 
| 720|0x000000075a000000, 0x000000075a000000, 0x000000075a200000|  0%| F|  |TAMS 0x000000075a000000| PB 0x000000075a000000| Untracked 
| 721|0x000000075a200000, 0x000000075a200000, 0x000000075a400000|  0%| F|  |TAMS 0x000000075a200000| PB 0x000000075a200000| Untracked 
| 722|0x000000075a400000, 0x000000075a400000, 0x000000075a600000|  0%| F|  |TAMS 0x000000075a400000| PB 0x000000075a400000| Untracked 
| 723|0x000000075a600000, 0x000000075a600000, 0x000000075a800000|  0%| F|  |TAMS 0x000000075a600000| PB 0x000000075a600000| Untracked 
| 724|0x000000075a800000, 0x000000075a800000, 0x000000075aa00000|  0%| F|  |TAMS 0x000000075a800000| PB 0x000000075a800000| Untracked 
| 725|0x000000075aa00000, 0x000000075aa00000, 0x000000075ac00000|  0%| F|  |TAMS 0x000000075aa00000| PB 0x000000075aa00000| Untracked 
| 726|0x000000075ac00000, 0x000000075ac00000, 0x000000075ae00000|  0%| F|  |TAMS 0x000000075ac00000| PB 0x000000075ac00000| Untracked 
| 727|0x000000075ae00000, 0x000000075ae00000, 0x000000075b000000|  0%| F|  |TAMS 0x000000075ae00000| PB 0x000000075ae00000| Untracked 
| 728|0x000000075b000000, 0x000000075b000000, 0x000000075b200000|  0%| F|  |TAMS 0x000000075b000000| PB 0x000000075b000000| Untracked 
| 729|0x000000075b200000, 0x000000075b200000, 0x000000075b400000|  0%| F|  |TAMS 0x000000075b200000| PB 0x000000075b200000| Untracked 
| 730|0x000000075b400000, 0x000000075b400000, 0x000000075b600000|  0%| F|  |TAMS 0x000000075b400000| PB 0x000000075b400000| Untracked 
| 731|0x000000075b600000, 0x000000075b600000, 0x000000075b800000|  0%| F|  |TAMS 0x000000075b600000| PB 0x000000075b600000| Untracked 
| 732|0x000000075b800000, 0x000000075b800000, 0x000000075ba00000|  0%| F|  |TAMS 0x000000075b800000| PB 0x000000075b800000| Untracked 
| 733|0x000000075ba00000, 0x000000075ba00000, 0x000000075bc00000|  0%| F|  |TAMS 0x000000075ba00000| PB 0x000000075ba00000| Untracked 
| 734|0x000000075bc00000, 0x000000075bc00000, 0x000000075be00000|  0%| F|  |TAMS 0x000000075bc00000| PB 0x000000075bc00000| Untracked 
| 735|0x000000075be00000, 0x000000075be00000, 0x000000075c000000|  0%| F|  |TAMS 0x000000075be00000| PB 0x000000075be00000| Untracked 
| 736|0x000000075c000000, 0x000000075c000000, 0x000000075c200000|  0%| F|  |TAMS 0x000000075c000000| PB 0x000000075c000000| Untracked 
| 737|0x000000075c200000, 0x000000075c200000, 0x000000075c400000|  0%| F|  |TAMS 0x000000075c200000| PB 0x000000075c200000| Untracked 
| 738|0x000000075c400000, 0x000000075c400000, 0x000000075c600000|  0%| F|  |TAMS 0x000000075c400000| PB 0x000000075c400000| Untracked 
| 739|0x000000075c600000, 0x000000075c600000, 0x000000075c800000|  0%| F|  |TAMS 0x000000075c600000| PB 0x000000075c600000| Untracked 
| 740|0x000000075c800000, 0x000000075c800000, 0x000000075ca00000|  0%| F|  |TAMS 0x000000075c800000| PB 0x000000075c800000| Untracked 
| 741|0x000000075ca00000, 0x000000075ca00000, 0x000000075cc00000|  0%| F|  |TAMS 0x000000075ca00000| PB 0x000000075ca00000| Untracked 
| 742|0x000000075cc00000, 0x000000075cc00000, 0x000000075ce00000|  0%| F|  |TAMS 0x000000075cc00000| PB 0x000000075cc00000| Untracked 
| 743|0x000000075ce00000, 0x000000075ce00000, 0x000000075d000000|  0%| F|  |TAMS 0x000000075ce00000| PB 0x000000075ce00000| Untracked 
| 744|0x000000075d000000, 0x000000075d000000, 0x000000075d200000|  0%| F|  |TAMS 0x000000075d000000| PB 0x000000075d000000| Untracked 
| 745|0x000000075d200000, 0x000000075d200000, 0x000000075d400000|  0%| F|  |TAMS 0x000000075d200000| PB 0x000000075d200000| Untracked 
| 746|0x000000075d400000, 0x000000075d400000, 0x000000075d600000|  0%| F|  |TAMS 0x000000075d400000| PB 0x000000075d400000| Untracked 
| 747|0x000000075d600000, 0x000000075d600000, 0x000000075d800000|  0%| F|  |TAMS 0x000000075d600000| PB 0x000000075d600000| Untracked 
| 748|0x000000075d800000, 0x000000075d800000, 0x000000075da00000|  0%| F|  |TAMS 0x000000075d800000| PB 0x000000075d800000| Untracked 
| 749|0x000000075da00000, 0x000000075da00000, 0x000000075dc00000|  0%| F|  |TAMS 0x000000075da00000| PB 0x000000075da00000| Untracked 
| 750|0x000000075dc00000, 0x000000075dc00000, 0x000000075de00000|  0%| F|  |TAMS 0x000000075dc00000| PB 0x000000075dc00000| Untracked 
| 751|0x000000075de00000, 0x000000075de00000, 0x000000075e000000|  0%| F|  |TAMS 0x000000075de00000| PB 0x000000075de00000| Untracked 
| 752|0x000000075e000000, 0x000000075e000000, 0x000000075e200000|  0%| F|  |TAMS 0x000000075e000000| PB 0x000000075e000000| Untracked 
| 753|0x000000075e200000, 0x000000075e200000, 0x000000075e400000|  0%| F|  |TAMS 0x000000075e200000| PB 0x000000075e200000| Untracked 
| 754|0x000000075e400000, 0x000000075e400000, 0x000000075e600000|  0%| F|  |TAMS 0x000000075e400000| PB 0x000000075e400000| Untracked 
| 755|0x000000075e600000, 0x000000075e600000, 0x000000075e800000|  0%| F|  |TAMS 0x000000075e600000| PB 0x000000075e600000| Untracked 
| 756|0x000000075e800000, 0x000000075e800000, 0x000000075ea00000|  0%| F|  |TAMS 0x000000075e800000| PB 0x000000075e800000| Untracked 
| 757|0x000000075ea00000, 0x000000075ea00000, 0x000000075ec00000|  0%| F|  |TAMS 0x000000075ea00000| PB 0x000000075ea00000| Untracked 
| 758|0x000000075ec00000, 0x000000075ec00000, 0x000000075ee00000|  0%| F|  |TAMS 0x000000075ec00000| PB 0x000000075ec00000| Untracked 
| 759|0x000000075ee00000, 0x000000075ee00000, 0x000000075f000000|  0%| F|  |TAMS 0x000000075ee00000| PB 0x000000075ee00000| Untracked 
| 760|0x000000075f000000, 0x000000075f000000, 0x000000075f200000|  0%| F|  |TAMS 0x000000075f000000| PB 0x000000075f000000| Untracked 
| 761|0x000000075f200000, 0x000000075f200000, 0x000000075f400000|  0%| F|  |TAMS 0x000000075f200000| PB 0x000000075f200000| Untracked 
| 762|0x000000075f400000, 0x000000075f400000, 0x000000075f600000|  0%| F|  |TAMS 0x000000075f400000| PB 0x000000075f400000| Untracked 
| 763|0x000000075f600000, 0x000000075f600000, 0x000000075f800000|  0%| F|  |TAMS 0x000000075f600000| PB 0x000000075f600000| Untracked 
| 764|0x000000075f800000, 0x000000075f800000, 0x000000075fa00000|  0%| F|  |TAMS 0x000000075f800000| PB 0x000000075f800000| Untracked 
| 765|0x000000075fa00000, 0x000000075fa00000, 0x000000075fc00000|  0%| F|  |TAMS 0x000000075fa00000| PB 0x000000075fa00000| Untracked 
| 766|0x000000075fc00000, 0x000000075fc00000, 0x000000075fe00000|  0%| F|  |TAMS 0x000000075fc00000| PB 0x000000075fc00000| Untracked 
| 767|0x000000075fe00000, 0x000000075fe00000, 0x0000000760000000|  0%| F|  |TAMS 0x000000075fe00000| PB 0x000000075fe00000| Untracked 
| 768|0x0000000760000000, 0x0000000760000000, 0x0000000760200000|  0%| F|  |TAMS 0x0000000760000000| PB 0x0000000760000000| Untracked 
| 769|0x0000000760200000, 0x0000000760200000, 0x0000000760400000|  0%| F|  |TAMS 0x0000000760200000| PB 0x0000000760200000| Untracked 
| 770|0x0000000760400000, 0x0000000760400000, 0x0000000760600000|  0%| F|  |TAMS 0x0000000760400000| PB 0x0000000760400000| Untracked 
| 771|0x0000000760600000, 0x0000000760600000, 0x0000000760800000|  0%| F|  |TAMS 0x0000000760600000| PB 0x0000000760600000| Untracked 
| 772|0x0000000760800000, 0x0000000760800000, 0x0000000760a00000|  0%| F|  |TAMS 0x0000000760800000| PB 0x0000000760800000| Untracked 
| 773|0x0000000760a00000, 0x0000000760a00000, 0x0000000760c00000|  0%| F|  |TAMS 0x0000000760a00000| PB 0x0000000760a00000| Untracked 
| 774|0x0000000760c00000, 0x0000000760c00000, 0x0000000760e00000|  0%| F|  |TAMS 0x0000000760c00000| PB 0x0000000760c00000| Untracked 
| 775|0x0000000760e00000, 0x0000000760e00000, 0x0000000761000000|  0%| F|  |TAMS 0x0000000760e00000| PB 0x0000000760e00000| Untracked 
| 776|0x0000000761000000, 0x0000000761000000, 0x0000000761200000|  0%| F|  |TAMS 0x0000000761000000| PB 0x0000000761000000| Untracked 
| 777|0x0000000761200000, 0x0000000761200000, 0x0000000761400000|  0%| F|  |TAMS 0x0000000761200000| PB 0x0000000761200000| Untracked 
| 778|0x0000000761400000, 0x0000000761400000, 0x0000000761600000|  0%| F|  |TAMS 0x0000000761400000| PB 0x0000000761400000| Untracked 
| 779|0x0000000761600000, 0x0000000761600000, 0x0000000761800000|  0%| F|  |TAMS 0x0000000761600000| PB 0x0000000761600000| Untracked 
| 780|0x0000000761800000, 0x0000000761800000, 0x0000000761a00000|  0%| F|  |TAMS 0x0000000761800000| PB 0x0000000761800000| Untracked 
| 781|0x0000000761a00000, 0x0000000761a00000, 0x0000000761c00000|  0%| F|  |TAMS 0x0000000761a00000| PB 0x0000000761a00000| Untracked 
| 782|0x0000000761c00000, 0x0000000761c00000, 0x0000000761e00000|  0%| F|  |TAMS 0x0000000761c00000| PB 0x0000000761c00000| Untracked 
| 783|0x0000000761e00000, 0x0000000761e00000, 0x0000000762000000|  0%| F|  |TAMS 0x0000000761e00000| PB 0x0000000761e00000| Untracked 
| 784|0x0000000762000000, 0x0000000762000000, 0x0000000762200000|  0%| F|  |TAMS 0x0000000762000000| PB 0x0000000762000000| Untracked 
| 785|0x0000000762200000, 0x0000000762200000, 0x0000000762400000|  0%| F|  |TAMS 0x0000000762200000| PB 0x0000000762200000| Untracked 
| 786|0x0000000762400000, 0x0000000762400000, 0x0000000762600000|  0%| F|  |TAMS 0x0000000762400000| PB 0x0000000762400000| Untracked 
| 787|0x0000000762600000, 0x0000000762600000, 0x0000000762800000|  0%| F|  |TAMS 0x0000000762600000| PB 0x0000000762600000| Untracked 
|2029|0x00000007fda00000, 0x00000007fda00000, 0x00000007fdc00000|  0%| F|  |TAMS 0x00000007fda00000| PB 0x00000007fda00000| Untracked 
|2030|0x00000007fdc00000, 0x00000007fdc00000, 0x00000007fde00000|  0%| F|  |TAMS 0x00000007fdc00000| PB 0x00000007fdc00000| Untracked 
|2031|0x00000007fde00000, 0x00000007fde00000, 0x00000007fe000000|  0%| F|  |TAMS 0x00000007fde00000| PB 0x00000007fde00000| Untracked 
|2032|0x00000007fe000000, 0x00000007fe200000, 0x00000007fe200000|100%| O|  |TAMS 0x00000007fe000000| PB 0x00000007fe000000| Untracked 
|2033|0x00000007fe200000, 0x00000007fe200000, 0x00000007fe400000|  0%| F|  |TAMS 0x00000007fe200000| PB 0x00000007fe200000| Untracked 
|2034|0x00000007fe400000, 0x00000007fe600000, 0x00000007fe600000|100%| O|  |TAMS 0x00000007fe400000| PB 0x00000007fe400000| Untracked 
|2035|0x00000007fe600000, 0x00000007fe800000, 0x00000007fe800000|100%| O|  |TAMS 0x00000007fe600000| PB 0x00000007fe600000| Untracked 
|2036|0x00000007fe800000, 0x00000007fea00000, 0x00000007fea00000|100%| O|  |TAMS 0x00000007fe800000| PB 0x00000007fe800000| Untracked 
|2037|0x00000007fea00000, 0x00000007fea00000, 0x00000007fec00000|  0%| F|  |TAMS 0x00000007fea00000| PB 0x00000007fea00000| Untracked 
|2038|0x00000007fec00000, 0x00000007fee00000, 0x00000007fee00000|100%| O|  |TAMS 0x00000007fec00000| PB 0x00000007fec00000| Untracked 
|2039|0x00000007fee00000, 0x00000007ff000000, 0x00000007ff000000|100%| O|  |TAMS 0x00000007fee00000| PB 0x00000007fee00000| Untracked 
|2040|0x00000007ff000000, 0x00000007ff200000, 0x00000007ff200000|100%| O|  |TAMS 0x00000007ff000000| PB 0x00000007ff000000| Untracked 
|2041|0x00000007ff200000, 0x00000007ff400000, 0x00000007ff400000|100%| O|  |TAMS 0x00000007ff200000| PB 0x00000007ff200000| Untracked 
|2042|0x00000007ff400000, 0x00000007ff600000, 0x00000007ff600000|100%| O|  |TAMS 0x00000007ff400000| PB 0x00000007ff400000| Untracked 
|2043|0x00000007ff600000, 0x00000007ff600000, 0x00000007ff800000|  0%| F|  |TAMS 0x00000007ff600000| PB 0x00000007ff600000| Untracked 
|2044|0x00000007ff800000, 0x00000007ff800000, 0x00000007ffa00000|  0%| F|  |TAMS 0x00000007ff800000| PB 0x00000007ff800000| Untracked 
|2045|0x00000007ffa00000, 0x00000007ffc00000, 0x00000007ffc00000|100%| O|  |TAMS 0x00000007ffa00000| PB 0x00000007ffa00000| Untracked 
|2046|0x00000007ffc00000, 0x00000007ffe00000, 0x00000007ffe00000|100%| O|  |TAMS 0x00000007ffc00000| PB 0x00000007ffc00000| Untracked 
|2047|0x00000007ffe00000, 0x0000000800000000, 0x0000000800000000|100%| O|  |TAMS 0x00000007ffe00000| PB 0x00000007ffe00000| Untracked 

Card table byte_map: [0x00000166eb500000,0x00000166ebd00000] _byte_map_base: 0x00000166e7d00000

Marking Bits: (CMBitMap*) 0x00000166d6cc4880
 Bits: [0x00000166ebd00000, 0x00000166efd00000)

Polling page: 0x00000166d6d20000

Metaspace:

Usage:
  Non-class:    243.81 MB used.
      Class:     36.37 MB used.
       Both:    280.18 MB used.

Virtual space:
  Non-class space:      256.00 MB reserved,     244.81 MB ( 96%) committed,  4 nodes.
      Class space:      416.00 MB reserved,      37.38 MB (  9%) committed,  1 nodes.
             Both:      672.00 MB reserved,     282.19 MB ( 42%) committed. 

Chunk freelists:
   Non-Class:  10.65 MB
       Class:  10.84 MB
        Both:  21.49 MB

MaxMetaspaceSize: 512.00 MB
CompressedClassSpaceSize: 416.00 MB
Initial GC threshold: 21.00 MB
Current GC threshold: 470.25 MB
CDS: off
 - commit_granule_bytes: 65536.
 - commit_granule_words: 8192.
 - virtual_space_node_default_size: 8388608.
 - enlarge_chunks_in_place: 1.
 - use_allocation_guard: 0.


Internal statistics:

num_allocs_failed_limit: 6.
num_arena_births: 5676.
num_arena_deaths: 2892.
num_vsnodes_births: 5.
num_vsnodes_deaths: 0.
num_space_committed: 4513.
num_space_uncommitted: 1.
num_chunks_returned_to_freelist: 3459.
num_chunks_taken_from_freelist: 18183.
num_chunk_merges: 1240.
num_chunk_splits: 11960.
num_chunks_enlarged: 8690.
num_inconsistent_stats: 0.

CodeHeap 'non-profiled nmethods': size=120000Kb used=19244Kb max_used=20216Kb free=100755Kb
 bounds [0x00000166e31a0000, 0x00000166e4560000, 0x00000166ea6d0000]
CodeHeap 'profiled nmethods': size=120000Kb used=65583Kb max_used=72262Kb free=54416Kb
 bounds [0x00000166db6d0000, 0x00000166dfd70000, 0x00000166e2c00000]
CodeHeap 'non-nmethods': size=5760Kb used=3277Kb max_used=3317Kb free=2482Kb
 bounds [0x00000166e2c00000, 0x00000166e2f50000, 0x00000166e31a0000]
CodeCache: size=245760Kb, used=88104Kb, max_used=95795Kb, free=157653Kb
 total_blobs=27022, nmethods=25553, adapters=1368, full_count=0
Compilation: enabled, stopped_count=0, restarted_count=0

Compilation events (20 events):
Event: 3946.251 Thread 0x00000166f252e6b0 nmethod 41070 0x00000166e368d490 code [0x00000166e368d640, 0x00000166e368d7b8]
Event: 3946.252 Thread 0x00000166f252e6b0 41071       4       com.google.gson.stream.JsonWriter::value (21 bytes)
Event: 3947.361 Thread 0x00000166f254aa00 41073   !   3       java.lang.ref.Reference::processPendingReferences (118 bytes)
Event: 3947.362 Thread 0x00000166f254aa00 nmethod 41073 0x00000166dbe39410 code [0x00000166dbe39660, 0x00000166dbe3a018]
Event: 3947.377 Thread 0x00000166f252e6b0 nmethod 41071 0x00000166e3dfe810 code [0x00000166e3dfeb00, 0x00000166e3dfff28]
Event: 3947.377 Thread 0x00000166f252e6b0 41074       4       java.lang.ref.ReferenceQueue::enqueue0 (98 bytes)
Event: 3947.386 Thread 0x00000166f252e6b0 nmethod 41074 0x00000166e3a6d190 code [0x00000166e3a6d3a0, 0x00000166e3a6d980]
Event: 3947.386 Thread 0x00000166f252e6b0 41072       4       com.google.gson.stream.JsonWriter::value (24 bytes)
Event: 3947.396 Thread 0x00000166f252e6b0 nmethod 41072 0x00000166e3283590 code [0x00000166e3283820, 0x00000166e32844b8]
Event: 3947.467 Thread 0x00000166f252e6b0 41075   !   4       java.io.FileInputStream::read (27 bytes)
Event: 3947.473 Thread 0x00000166f252e6b0 nmethod 41075 0x00000166e3b42310 code [0x00000166e3b42500, 0x00000166e3b428a8]
Event: 3947.473 Thread 0x00000166f252e6b0 41076       4       com.android.tools.profgen.MutablePrefixTree$prefixIterator$1::invokeSuspend (287 bytes)
Event: 3947.491 Thread 0x00000166f252e6b0 nmethod 41076 0x00000166e3496d90 code [0x00000166e3496fe0, 0x00000166e3497bd0]
Event: 3947.491 Thread 0x00000166f252e6b0 41077       4       com.google.common.io.ByteStreams$1::write (15 bytes)
Event: 3947.492 Thread 0x00000166f252e6b0 nmethod 41077 0x00000166e3f43210 code [0x00000166e3f433a0, 0x00000166e3f434b8]
Event: 3947.505 Thread 0x00000166f252e6b0 41078   !   4       java.io.ObjectOutputStream::writeObject0 (620 bytes)
Event: 3947.696 Thread 0x00000166f254aa00 41080       3       org.gradle.internal.logging.services.DefaultLoggingManager$StartableLoggingSystem::<init> (7 bytes)
Event: 3947.696 Thread 0x00000166f254aa00 nmethod 41080 0x00000166dc2b2710 code [0x00000166dc2b28c0, 0x00000166dc2b2b50]
Event: 3947.761 Thread 0x00000166f254aa00 41095       2       com.intellij.openapi.vfs.VirtualFileVisitor::saveValue (29 bytes)
Event: 3947.762 Thread 0x00000166f254aa00 nmethod 41095 0x00000166dbb7a690 code [0x00000166dbb7a840, 0x00000166dbb7aaf0]

GC Heap History (20 events):
Event: 3859.088 GC heap after
{Heap after GC invocations=83 (full 0):
 garbage-first heap   total 550912K, used 325447K [0x0000000700000000, 0x0000000800000000)
  region size 2048K, 2 young (4096K), 2 survivors (4096K)
 Metaspace       used 258065K, committed 263296K, reserved 688128K
  class space    used 32911K, committed 34944K, reserved 425984K
}
Event: 3870.181 GC heap before
{Heap before GC invocations=83 (full 0):
 garbage-first heap   total 550912K, used 347975K [0x0000000700000000, 0x0000000800000000)
  region size 2048K, 13 young (26624K), 2 survivors (4096K)
 Metaspace       used 258623K, committed 263296K, reserved 688128K
  class space    used 32979K, committed 34944K, reserved 425984K
}
Event: 3870.217 GC heap after
{Heap after GC invocations=84 (full 0):
 garbage-first heap   total 1652736K, used 326157K [0x0000000700000000, 0x0000000800000000)
  region size 2048K, 2 young (4096K), 2 survivors (4096K)
 Metaspace       used 258623K, committed 263296K, reserved 688128K
  class space    used 32979K, committed 34944K, reserved 425984K
}
Event: 3871.543 GC heap before
{Heap before GC invocations=84 (full 0):
 garbage-first heap   total 1652736K, used 401933K [0x0000000700000000, 0x0000000800000000)
  region size 2048K, 40 young (81920K), 2 survivors (4096K)
 Metaspace       used 259923K, committed 263360K, reserved 688128K
  class space    used 33161K, committed 34944K, reserved 425984K
}
Event: 3871.943 GC heap after
{Heap after GC invocations=85 (full 0):
 garbage-first heap   total 1652736K, used 326223K [0x0000000700000000, 0x0000000800000000)
  region size 2048K, 3 young (6144K), 3 survivors (6144K)
 Metaspace       used 259923K, committed 263360K, reserved 688128K
  class space    used 33161K, committed 34944K, reserved 425984K
}
Event: 3914.281 GC heap before
{Heap before GC invocations=85 (full 0):
 garbage-first heap   total 1652736K, used 401999K [0x0000000700000000, 0x0000000800000000)
  region size 2048K, 40 young (81920K), 3 survivors (6144K)
 Metaspace       used 266547K, committed 268288K, reserved 688128K
  class space    used 34222K, committed 35072K, reserved 425984K
}
Event: 3915.422 GC heap after
{Heap after GC invocations=86 (full 0):
 garbage-first heap   total 1652736K, used 331776K [0x0000000700000000, 0x0000000800000000)
  region size 2048K, 5 young (10240K), 5 survivors (10240K)
 Metaspace       used 266547K, committed 268288K, reserved 688128K
  class space    used 34222K, committed 35072K, reserved 425984K
}
Event: 3925.468 GC heap before
{Heap before GC invocations=86 (full 0):
 garbage-first heap   total 1652736K, used 405504K [0x0000000700000000, 0x0000000800000000)
  region size 2048K, 40 young (81920K), 5 survivors (10240K)
 Metaspace       used 273690K, committed 275520K, reserved 688128K
  class space    used 35213K, committed 36096K, reserved 425984K
}
Event: 3925.537 GC heap after
{Heap after GC invocations=87 (full 0):
 garbage-first heap   total 1652736K, used 335047K [0x0000000700000000, 0x0000000800000000)
  region size 2048K, 2 young (4096K), 2 survivors (4096K)
 Metaspace       used 273690K, committed 275520K, reserved 688128K
  class space    used 35213K, committed 36096K, reserved 425984K
}
Event: 3930.380 GC heap before
{Heap before GC invocations=87 (full 0):
 garbage-first heap   total 1652736K, used 410823K [0x0000000700000000, 0x0000000800000000)
  region size 2048K, 40 young (81920K), 2 survivors (4096K)
 Metaspace       used 284018K, committed 285824K, reserved 688128K
  class space    used 36810K, committed 37696K, reserved 425984K
}
Event: 3930.959 GC heap after
{Heap after GC invocations=88 (full 0):
 garbage-first heap   total 1652736K, used 333814K [0x0000000700000000, 0x0000000800000000)
  region size 2048K, 3 young (6144K), 3 survivors (6144K)
 Metaspace       used 284018K, committed 285824K, reserved 688128K
  class space    used 36810K, committed 37696K, reserved 425984K
}
Event: 3932.619 GC heap before
{Heap before GC invocations=88 (full 0):
 garbage-first heap   total 1652736K, used 360438K [0x0000000700000000, 0x0000000800000000)
  region size 2048K, 18 young (36864K), 3 survivors (6144K)
 Metaspace       used 285608K, committed 287424K, reserved 688128K
  class space    used 37060K, committed 37952K, reserved 425984K
}
Event: 3932.628 GC heap after
{Heap after GC invocations=89 (full 0):
 garbage-first heap   total 1652736K, used 335413K [0x0000000700000000, 0x0000000800000000)
  region size 2048K, 3 young (6144K), 3 survivors (6144K)
 Metaspace       used 285608K, committed 287424K, reserved 688128K
  class space    used 37060K, committed 37952K, reserved 425984K
}
Event: 3935.105 GC heap before
{Heap before GC invocations=90 (full 0):
 garbage-first heap   total 1120256K, used 384565K [0x0000000700000000, 0x0000000800000000)
  region size 2048K, 27 young (55296K), 3 survivors (6144K)
 Metaspace       used 286622K, committed 288960K, reserved 688128K
  class space    used 37214K, committed 38272K, reserved 425984K
}
Event: 3935.400 GC heap after
{Heap after GC invocations=91 (full 0):
 garbage-first heap   total 1120256K, used 332442K [0x0000000700000000, 0x0000000800000000)
  region size 2048K, 3 young (6144K), 3 survivors (6144K)
 Metaspace       used 286622K, committed 288960K, reserved 688128K
  class space    used 37214K, committed 38272K, reserved 425984K
}
Event: 3944.452 GC heap before
{Heap before GC invocations=91 (full 0):
 garbage-first heap   total 1120256K, used 404122K [0x0000000700000000, 0x0000000800000000)
  region size 2048K, 27 young (55296K), 3 survivors (6144K)
 Metaspace       used 286849K, committed 288960K, reserved 688128K
  class space    used 37239K, committed 38272K, reserved 425984K
}
Event: 3944.545 GC heap after
{Heap after GC invocations=92 (full 0):
 garbage-first heap   total 1120256K, used 346586K [0x0000000700000000, 0x0000000800000000)
  region size 2048K, 4 young (8192K), 4 survivors (8192K)
 Metaspace       used 286849K, committed 288960K, reserved 688128K
  class space    used 37239K, committed 38272K, reserved 425984K
}
Event: 3946.429 GC heap before
{Heap before GC invocations=92 (full 0):
 garbage-first heap   total 1120256K, used 422362K [0x0000000700000000, 0x0000000800000000)
  region size 2048K, 27 young (55296K), 4 survivors (8192K)
 Metaspace       used 286904K, committed 288960K, reserved 688128K
  class space    used 37242K, committed 38272K, reserved 425984K
}
Event: 3947.360 GC heap after
{Heap after GC invocations=93 (full 0):
 garbage-first heap   total 1120256K, used 321128K [0x0000000700000000, 0x0000000800000000)
  region size 2048K, 1 young (2048K), 1 survivors (2048K)
 Metaspace       used 286904K, committed 288960K, reserved 688128K
  class space    used 37242K, committed 38272K, reserved 425984K
}
Event: 3947.781 GC heap before
{Heap before GC invocations=93 (full 0):
 garbage-first heap   total 1120256K, used 372328K [0x0000000700000000, 0x0000000800000000)
  region size 2048K, 27 young (55296K), 1 survivors (2048K)
 Metaspace       used 286907K, committed 288960K, reserved 688128K
  class space    used 37242K, committed 38272K, reserved 425984K
}

Dll operation events (3 events):
Event: 0.039 Loaded shared library C:\Program Files\Android\Android Studio\jbr\bin\java.dll
Event: 0.064 Loaded shared library C:\Program Files\Android\Android Studio\jbr\bin\zip.dll
Event: 1.482 Loaded shared library C:\Program Files\Android\Android Studio\jbr\bin\verify.dll

Deoptimization events (20 events):
Event: 3943.399 Thread 0x00000166febf0d80 DEOPT PACKING pc=0x00000166e40ccdd8 sp=0x00000045975fd1d0
Event: 3943.399 Thread 0x00000166febf0d80 DEOPT UNPACKING pc=0x00000166e2c54422 sp=0x00000045975fd158 mode 2
Event: 3943.573 Thread 0x000001668acc9000 Uncommon trap: trap_request=0xffffff45 fr.pc=0x00000166e3ca16c8 relative=0x0000000000000be8
Event: 3943.573 Thread 0x000001668acc9000 Uncommon trap: reason=unstable_if action=reinterpret pc=0x00000166e3ca16c8 method=com.android.tools.profgen.ClassFileResourceKt.isClassFile(Ljava/util/zip/ZipEntry;)Z @ 53 c2
Event: 3943.573 Thread 0x000001668acc9000 DEOPT PACKING pc=0x00000166e3ca16c8 sp=0x00000045985fdec0
Event: 3943.574 Thread 0x000001668acc9000 DEOPT UNPACKING pc=0x00000166e2c54422 sp=0x00000045985fde50 mode 2
Event: 3946.147 Thread 0x00000166febf06f0 Uncommon trap: trap_request=0xffffff45 fr.pc=0x00000166e3a33f30 relative=0x0000000000000990
Event: 3946.147 Thread 0x00000166febf06f0 Uncommon trap: reason=unstable_if action=reinterpret pc=0x00000166e3a33f30 method=java.lang.ref.SoftReference.get()Ljava/lang/Object; @ 6 c2
Event: 3946.147 Thread 0x00000166febf06f0 DEOPT PACKING pc=0x00000166e3a33f30 sp=0x00000045974fce40
Event: 3946.147 Thread 0x00000166febf06f0 DEOPT UNPACKING pc=0x00000166e2c54422 sp=0x00000045974fcc00 mode 2
Event: 3946.152 Thread 0x00000166febf06f0 DEOPT PACKING pc=0x00000166dba89e12 sp=0x00000045974fce10
Event: 3946.152 Thread 0x00000166febf06f0 DEOPT UNPACKING pc=0x00000166e2c54bc2 sp=0x00000045974fc2c0 mode 0
Event: 3946.153 Thread 0x00000166febf06f0 DEOPT PACKING pc=0x00000166dba89e12 sp=0x00000045974fce60
Event: 3946.153 Thread 0x00000166febf06f0 DEOPT UNPACKING pc=0x00000166e2c54bc2 sp=0x00000045974fc320 mode 0
Event: 3946.154 Thread 0x00000166febf06f0 DEOPT PACKING pc=0x00000166dba89e12 sp=0x00000045974fce10
Event: 3946.154 Thread 0x00000166febf06f0 DEOPT UNPACKING pc=0x00000166e2c54bc2 sp=0x00000045974fc2c0 mode 0
Event: 3946.155 Thread 0x00000166febf06f0 DEOPT PACKING pc=0x00000166dba89e12 sp=0x00000045974fce60
Event: 3946.155 Thread 0x00000166febf06f0 DEOPT UNPACKING pc=0x00000166e2c54bc2 sp=0x00000045974fc320 mode 0
Event: 3946.155 Thread 0x00000166febf06f0 DEOPT PACKING pc=0x00000166dba89e12 sp=0x00000045974fce10
Event: 3946.155 Thread 0x00000166febf06f0 DEOPT UNPACKING pc=0x00000166e2c54bc2 sp=0x00000045974fc2c0 mode 0

Classes loaded (20 events):
Event: 3923.651 Loading class java/text/BreakIterator
Event: 3923.653 Loading class java/text/BreakIterator done
Event: 3924.037 Loading class java/util/zip/ZipOutputStream
Event: 3924.040 Loading class java/util/zip/ZipOutputStream done
Event: 3924.262 Loading class java/nio/file/FileTreeIterator
Event: 3924.263 Loading class java/nio/file/FileTreeIterator done
Event: 3927.254 Loading class java/util/IdentityHashMap$EntrySpliterator
Event: 3927.255 Loading class java/util/IdentityHashMap$IdentityHashMapSpliterator
Event: 3927.255 Loading class java/util/IdentityHashMap$IdentityHashMapSpliterator done
Event: 3927.255 Loading class java/util/IdentityHashMap$EntrySpliterator done
Event: 3927.460 Loading class java/util/SortedSet$1
Event: 3927.462 Loading class java/util/SortedSet$1 done
Event: 3932.082 Loading class java/nio/ShortBuffer
Event: 3932.119 Loading class java/nio/ShortBuffer done
Event: 3932.212 Loading class java/nio/ByteBufferAsShortBufferL
Event: 3932.213 Loading class java/nio/ByteBufferAsShortBufferL done
Event: 3932.239 Loading class java/util/zip/Adler32
Event: 3932.240 Loading class java/util/zip/Adler32 done
Event: 3932.866 Loading class java/nio/HeapShortBuffer
Event: 3932.866 Loading class java/nio/HeapShortBuffer done

Classes unloaded (20 events):
Event: 3933.358 Thread 0x00000166f2344e10 Unloading class 0x00000008008d1800 'sync_studio_tooling1_ayd9wbj51na2a90wr6fg1vj9m$_run_closure2'
Event: 3933.358 Thread 0x00000166f2344e10 Unloading class 0x00000008008c9000 'sync_studio_tooling1_ayd9wbj51na2a90wr6fg1vj9m'
Event: 3933.358 Thread 0x00000166f2344e10 Unloading class 0x00000008006dd000 'java/lang/invoke/LambdaForm$MH+0x00000008006dd000'
Event: 3933.358 Thread 0x00000166f2344e10 Unloading class 0x00000008006dcc00 'java/lang/invoke/LambdaForm$MH+0x00000008006dcc00'
Event: 3933.358 Thread 0x00000166f2344e10 Unloading class 0x00000008006dc800 'java/lang/invoke/LambdaForm$MH+0x00000008006dc800'
Event: 3933.358 Thread 0x00000166f2344e10 Unloading class 0x0000000800500400 'java/lang/invoke/LambdaForm$MH+0x0000000800500400'
Event: 3933.358 Thread 0x00000166f2344e10 Unloading class 0x00000008004fbc00 'java/lang/invoke/LambdaForm$MH+0x00000008004fbc00'
Event: 3933.358 Thread 0x00000166f2344e10 Unloading class 0x00000008004fb800 'java/lang/invoke/LambdaForm$MH+0x00000008004fb800'
Event: 3933.358 Thread 0x00000166f2344e10 Unloading class 0x00000008002c8000 'java/lang/invoke/LambdaForm$MH+0x00000008002c8000'
Event: 3933.358 Thread 0x00000166f2344e10 Unloading class 0x000000080028ec00 'jdk/internal/reflect/GeneratedSerializationConstructorAccessor9'
Event: 3933.358 Thread 0x00000166f2344e10 Unloading class 0x000000080028e800 'jdk/internal/reflect/GeneratedSerializationConstructorAccessor8'
Event: 3933.358 Thread 0x00000166f2344e10 Unloading class 0x000000080028e400 'jdk/internal/reflect/GeneratedSerializationConstructorAccessor7'
Event: 3933.358 Thread 0x00000166f2344e10 Unloading class 0x000000080028e000 'jdk/internal/reflect/GeneratedSerializationConstructorAccessor6'
Event: 3933.358 Thread 0x00000166f2344e10 Unloading class 0x000000080028d800 'jdk/internal/reflect/GeneratedSerializationConstructorAccessor4'
Event: 3933.358 Thread 0x00000166f2344e10 Unloading class 0x000000080028d400 'jdk/internal/reflect/GeneratedSerializationConstructorAccessor3'
Event: 3933.358 Thread 0x00000166f2344e10 Unloading class 0x00000008001c0400 'java/lang/invoke/LambdaForm$MH+0x00000008001c0400'
Event: 3933.358 Thread 0x00000166f2344e10 Unloading class 0x00000008001c0000 'java/lang/invoke/LambdaForm$MH+0x00000008001c0000'
Event: 3933.358 Thread 0x00000166f2344e10 Unloading class 0x00000008000c1400 'java/lang/invoke/LambdaForm$MH+0x00000008000c1400'
Event: 3933.358 Thread 0x00000166f2344e10 Unloading class 0x00000008000c1000 'java/lang/invoke/LambdaForm$MH+0x00000008000c1000'
Event: 3933.358 Thread 0x00000166f2344e10 Unloading class 0x00000008000c0800 'java/lang/invoke/LambdaForm$MH+0x00000008000c0800'

Classes redefined (0 events):
No events

Internal exceptions (20 events):
Event: 3942.375 Thread 0x00000166febf0d80 Implicit null exception at 0x00000166e3effc6c to 0x00000166e3effd64
Event: 3943.258 Thread 0x00000166fe340da0 Implicit null exception at 0x00000166e3406d19 to 0x00000166e3406f66
Event: 3943.400 Thread 0x00000166febf0d80 Exception <a 'sun/nio/fs/WindowsException'{0x000000073fe5cab0}> (0x000000073fe5cab0) 
thrown [s\src\hotspot\share\prims\jni.cpp, line 537]
Event: 3943.401 Thread 0x00000166febf0d80 Exception <a 'sun/nio/fs/WindowsException'{0x000000073fe5d320}> (0x000000073fe5d320) 
thrown [s\src\hotspot\share\prims\jni.cpp, line 537]
Event: 3943.401 Thread 0x00000166febf0d80 Exception <a 'sun/nio/fs/WindowsException'{0x000000073fe5dc00}> (0x000000073fe5dc00) 
thrown [s\src\hotspot\share\prims\jni.cpp, line 537]
Event: 3943.401 Thread 0x00000166febf0d80 Exception <a 'sun/nio/fs/WindowsException'{0x000000073fe5e530}> (0x000000073fe5e530) 
thrown [s\src\hotspot\share\prims\jni.cpp, line 537]
Event: 3943.402 Thread 0x00000166febf0d80 Exception <a 'sun/nio/fs/WindowsException'{0x000000073fe60918}> (0x000000073fe60918) 
thrown [s\src\hotspot\share\prims\jni.cpp, line 537]
Event: 3943.403 Thread 0x00000166febf0d80 Exception <a 'sun/nio/fs/WindowsException'{0x000000073fe61648}> (0x000000073fe61648) 
thrown [s\src\hotspot\share\prims\jni.cpp, line 537]
Event: 3943.403 Thread 0x00000166febf0d80 Exception <a 'sun/nio/fs/WindowsException'{0x000000073fe61fc8}> (0x000000073fe61fc8) 
thrown [s\src\hotspot\share\prims\jni.cpp, line 537]
Event: 3943.403 Thread 0x00000166febf0d80 Exception <a 'sun/nio/fs/WindowsException'{0x000000073fe62a18}> (0x000000073fe62a18) 
thrown [s\src\hotspot\share\prims\jni.cpp, line 537]
Event: 3943.403 Thread 0x00000166febf0d80 Exception <a 'sun/nio/fs/WindowsException'{0x000000073fe634c0}> (0x000000073fe634c0) 
thrown [s\src\hotspot\share\prims\jni.cpp, line 537]
Event: 3943.676 Thread 0x000001668acc9000 Exception <a 'sun/nio/fs/WindowsException'{0x000000073fdec1c0}> (0x000000073fdec1c0) 
thrown [s\src\hotspot\share\prims\jni.cpp, line 537]
Event: 3944.575 Thread 0x00000166f92e4800 Exception <a 'sun/nio/fs/WindowsException'{0x00000007ff870670}> (0x00000007ff870670) 
thrown [s\src\hotspot\share\prims\jni.cpp, line 537]
Event: 3944.578 Thread 0x00000166f92e4800 Exception <a 'sun/nio/fs/WindowsException'{0x00000007ff87de58}> (0x00000007ff87de58) 
thrown [s\src\hotspot\share\prims\jni.cpp, line 537]
Event: 3944.578 Thread 0x000001668acc9000 Exception <a 'sun/nio/fs/WindowsException'{0x00000007ff88cfb0}> (0x00000007ff88cfb0) 
thrown [s\src\hotspot\share\prims\jni.cpp, line 537]
Event: 3944.579 Thread 0x000001668acc9000 Exception <a 'sun/nio/fs/WindowsException'{0x00000007ff8940b8}> (0x00000007ff8940b8) 
thrown [s\src\hotspot\share\prims\jni.cpp, line 537]
Event: 3946.147 Thread 0x00000166febf06f0 Implicit null exception at 0x00000166e3a336f8 to 0x00000166e3a33f08
Event: 3946.168 Thread 0x00000166febf06f0 Exception <a 'sun/nio/fs/WindowsException'{0x00000007404d6a48}> (0x00000007404d6a48) 
thrown [s\src\hotspot\share\prims\jni.cpp, line 537]
Event: 3946.198 Thread 0x00000166febf06f0 Exception <a 'sun/nio/fs/WindowsException'{0x00000007402eb868}> (0x00000007402eb868) 
thrown [s\src\hotspot\share\prims\jni.cpp, line 537]
Event: 3947.417 Thread 0x00000166f725bbd0 Exception <a 'sun/nio/fs/WindowsException'{0x00000007feb1f348}> (0x00000007feb1f348) 
thrown [s\src\hotspot\share\prims\jni.cpp, line 537]

ZGC Phase Switch (0 events):
No events

VM Operations (20 events):
Event: 3933.932 Executing safepoint VM operation: G1PauseRemark done
Event: 3934.190 Executing safepoint VM operation: G1PauseCleanup
Event: 3934.191 Executing safepoint VM operation: G1PauseCleanup done
Event: 3935.104 Executing safepoint VM operation: G1CollectForAllocation (G1 Evacuation Pause)
Event: 3935.400 Executing safepoint VM operation: G1CollectForAllocation (G1 Evacuation Pause) done
Event: 3937.399 Executing safepoint VM operation: Cleanup
Event: 3937.399 Executing safepoint VM operation: Cleanup done
Event: 3938.400 Executing safepoint VM operation: Cleanup
Event: 3938.400 Executing safepoint VM operation: Cleanup done
Event: 3939.401 Executing safepoint VM operation: Cleanup
Event: 3939.401 Executing safepoint VM operation: Cleanup done
Event: 3940.401 Executing safepoint VM operation: Cleanup
Event: 3940.404 Executing safepoint VM operation: Cleanup done
Event: 3942.405 Executing safepoint VM operation: Cleanup
Event: 3943.190 Executing safepoint VM operation: Cleanup done
Event: 3943.677 Executing safepoint VM operation: G1CollectForAllocation (G1 Evacuation Pause)
Event: 3944.545 Executing safepoint VM operation: G1CollectForAllocation (G1 Evacuation Pause) done
Event: 3946.253 Executing safepoint VM operation: G1CollectForAllocation (G1 Evacuation Pause)
Event: 3947.360 Executing safepoint VM operation: G1CollectForAllocation (G1 Evacuation Pause) done
Event: 3947.780 Executing safepoint VM operation: G1CollectForAllocation (G1 Evacuation Pause)

Memory protections (0 events):
No events

Nmethod flushes (20 events):
Event: 3933.917 Thread 0x00000166f2344e10 flushing  nmethod 0x00000166de910a90
Event: 3933.917 Thread 0x00000166f2344e10 flushing  nmethod 0x00000166de947810
Event: 3933.917 Thread 0x00000166f2344e10 flushing  nmethod 0x00000166de94ab90
Event: 3933.917 Thread 0x00000166f2344e10 flushing  nmethod 0x00000166de952210
Event: 3933.917 Thread 0x00000166f2344e10 flushing  nmethod 0x00000166de96a510
Event: 3933.917 Thread 0x00000166f2344e10 flushing  nmethod 0x00000166de9fe290
Event: 3933.917 Thread 0x00000166f2344e10 flushing  nmethod 0x00000166de9fea90
Event: 3933.917 Thread 0x00000166f2344e10 flushing  nmethod 0x00000166de9ff210
Event: 3933.917 Thread 0x00000166f2344e10 flushing  nmethod 0x00000166dea02010
Event: 3933.917 Thread 0x00000166f2344e10 flushing  nmethod 0x00000166dea02590
Event: 3933.917 Thread 0x00000166f2344e10 flushing  nmethod 0x00000166dee32c90
Event: 3933.918 Thread 0x00000166f2344e10 flushing  nmethod 0x00000166df62a110
Event: 3933.918 Thread 0x00000166f2344e10 flushing  nmethod 0x00000166df62bb10
Event: 3933.918 Thread 0x00000166f2344e10 flushing  nmethod 0x00000166df696090
Event: 3933.918 Thread 0x00000166f2344e10 flushing  nmethod 0x00000166df721510
Event: 3933.918 Thread 0x00000166f2344e10 flushing  nmethod 0x00000166df9a3e90
Event: 3933.918 Thread 0x00000166f2344e10 flushing  nmethod 0x00000166df9ac810
Event: 3933.918 Thread 0x00000166f2344e10 flushing  nmethod 0x00000166dfa9eb90
Event: 3933.918 Thread 0x00000166f2344e10 flushing  nmethod 0x00000166dfaa4d90
Event: 3933.918 Thread 0x00000166f2344e10 flushing  nmethod 0x00000166dfaf0590

Events (20 events):
Event: 3906.620 Thread 0x00000166f725e9c0 Thread added: 0x000001668acd26f0
Event: 3906.620 Thread 0x00000166f725e9c0 Thread added: 0x000001668acd2d80
Event: 3906.620 Thread 0x00000166f725e9c0 Thread added: 0x000001668acd4130
Event: 3915.578 Thread 0x000001668accaa40 Thread exited: 0x000001668accaa40
Event: 3915.578 Thread 0x000001668accf270 Thread exited: 0x000001668accf270
Event: 3923.289 Thread 0x00000166f254aa00 Thread added: 0x00000166fa035460
Event: 3923.786 Thread 0x00000166fa035460 Thread exited: 0x00000166fa035460
Event: 3932.494 Thread 0x00000166f725bbd0 Thread added: 0x000001668acc7c50
Event: 3932.528 Thread 0x000001668acc9690 Thread added: 0x000001668acc9000
Event: 3934.535 Thread 0x00000166f72624d0 Thread exited: 0x00000166f72624d0
Event: 3939.257 Thread 0x00000166f725f050 Thread added: 0x0000016690342e50
Event: 3939.258 Thread 0x00000166f725f050 Thread added: 0x0000016690340060
Event: 3939.258 Thread 0x00000166f725f050 Thread added: 0x0000016690341aa0
Event: 3941.724 Thread 0x00000166febf06f0 Thread added: 0x0000016690342130
Event: 3941.757 Thread 0x0000016690342130 Thread added: 0x00000166903427c0
Event: 3941.771 Thread 0x00000166903427c0 Thread added: 0x00000166903434e0
Event: 3942.111 Thread 0x00000166febf0d80 Thread added: 0x00000166903406f0
Event: 3942.118 Thread 0x00000166febf0d80 Thread added: 0x0000016690344200
Event: 3943.192 Thread 0x00000166903406f0 Thread exited: 0x00000166903406f0
Event: 3943.203 Thread 0x0000016690344200 Thread exited: 0x0000016690344200


Dynamic libraries:
0x00007ff6b9f70000 - 0x00007ff6b9f7a000 	C:\Program Files\Android\Android Studio\jbr\bin\java.exe
0x00007ffa4ac40000 - 0x00007ffa4aea6000 	C:\WINDOWS\SYSTEM32\ntdll.dll
0x00007ffa4aac0000 - 0x00007ffa4ab89000 	C:\WINDOWS\System32\KERNEL32.DLL
0x00007ffa48160000 - 0x00007ffa4855e000 	C:\WINDOWS\System32\KERNELBASE.dll
0x00007ffa48000000 - 0x00007ffa4814c000 	C:\WINDOWS\System32\ucrtbase.dll
0x00007ffa0e4c0000 - 0x00007ffa0e4d8000 	C:\Program Files\Android\Android Studio\jbr\bin\jli.dll
0x00007ffa49d50000 - 0x00007ffa49f17000 	C:\WINDOWS\System32\USER32.dll
0x00007ffa47f20000 - 0x00007ffa47f47000 	C:\WINDOWS\System32\win32u.dll
0x00007ffa360e0000 - 0x00007ffa360fb000 	C:\Program Files\Android\Android Studio\jbr\bin\VCRUNTIME140.dll
0x00007ffa4a770000 - 0x00007ffa4a79b000 	C:\WINDOWS\System32\GDI32.dll
0x00007ffa48570000 - 0x00007ffa4869a000 	C:\WINDOWS\System32\gdi32full.dll
0x00007ffa47f50000 - 0x00007ffa47ff3000 	C:\WINDOWS\System32\msvcp_win.dll
0x00007ffa27a50000 - 0x00007ffa27ce2000 	C:\WINDOWS\WinSxS\amd64_microsoft.windows.common-controls_6595b64144ccf1df_6.0.26100.8875_none_3e0d5d42e32fe9dd\COMCTL32.dll
0x00007ffa4a000000 - 0x00007ffa4a0a9000 	C:\WINDOWS\System32\msvcrt.dll
0x00007ffa49b70000 - 0x00007ffa49ba2000 	C:\WINDOWS\System32\IMM32.DLL
0x00007ffa43d30000 - 0x00007ffa43d3c000 	C:\Program Files\Android\Android Studio\jbr\bin\vcruntime140_1.dll
0x00007ff9e2bf0000 - 0x00007ff9e2c7d000 	C:\Program Files\Android\Android Studio\jbr\bin\msvcp140.dll
0x00007ff9c5630000 - 0x00007ff9c62c6000 	C:\Program Files\Android\Android Studio\jbr\bin\server\jvm.dll
0x00007ffa492c0000 - 0x00007ffa49377000 	C:\WINDOWS\System32\ADVAPI32.dll
0x00007ffa49520000 - 0x00007ffa495ca000 	C:\WINDOWS\System32\sechost.dll
0x00007ffa491a0000 - 0x00007ffa492b8000 	C:\WINDOWS\System32\RPCRT4.dll
0x00007ffa49f20000 - 0x00007ffa49fa0000 	C:\WINDOWS\System32\WS2_32.dll
0x00007ffa3d060000 - 0x00007ffa3d096000 	C:\WINDOWS\SYSTEM32\WINMM.dll
0x00007ffa329a0000 - 0x00007ffa329ab000 	C:\WINDOWS\SYSTEM32\VERSION.dll
0x00007ffa47ce0000 - 0x00007ffa47d3e000 	C:\WINDOWS\SYSTEM32\POWRPROF.dll
0x00007ffa47cc0000 - 0x00007ffa47cd4000 	C:\WINDOWS\SYSTEM32\UMPDC.dll
0x00007ffa46b00000 - 0x00007ffa46b1b000 	C:\WINDOWS\SYSTEM32\kernel.appcore.dll
0x00007ffa34500000 - 0x00007ffa3450a000 	C:\Program Files\Android\Android Studio\jbr\bin\jimage.dll
0x00007ffa45570000 - 0x00007ffa457b2000 	C:\WINDOWS\SYSTEM32\DBGHELP.DLL
0x00007ffa4a1b0000 - 0x00007ffa4a533000 	C:\WINDOWS\System32\combase.dll
0x00007ffa49bb0000 - 0x00007ffa49c89000 	C:\WINDOWS\System32\OLEAUT32.dll
0x00007ffa250a0000 - 0x00007ffa250db000 	C:\WINDOWS\SYSTEM32\dbgcore.DLL
0x00007ffa488b0000 - 0x00007ffa4895c000 	C:\WINDOWS\System32\bcryptPrimitives.dll
0x00007ffa272f0000 - 0x00007ffa272fe000 	C:\Program Files\Android\Android Studio\jbr\bin\instrument.dll
0x00007ffa33b80000 - 0x00007ffa33ba0000 	C:\Program Files\Android\Android Studio\jbr\bin\java.dll
0x00007ffa33b60000 - 0x00007ffa33b78000 	C:\Program Files\Android\Android Studio\jbr\bin\zip.dll
0x00007ffa48a00000 - 0x00007ffa49192000 	C:\WINDOWS\System32\SHELL32.dll
0x00007ffa458e0000 - 0x00007ffa46172000 	C:\WINDOWS\SYSTEM32\windows.storage.dll
0x00007ffa495d0000 - 0x00007ffa496c7000 	C:\WINDOWS\System32\SHCORE.dll
0x00007ffa4ab90000 - 0x00007ffa4abf7000 	C:\WINDOWS\System32\shlwapi.dll
0x00007ffa47d80000 - 0x00007ffa47da9000 	C:\WINDOWS\SYSTEM32\profapi.dll
0x00007ffa34390000 - 0x00007ffa343a0000 	C:\Program Files\Android\Android Studio\jbr\bin\net.dll
0x00007ffa3f7e0000 - 0x00007ffa3f907000 	C:\WINDOWS\SYSTEM32\WINHTTP.dll
0x00007ffa47090000 - 0x00007ffa470fc000 	C:\WINDOWS\system32\mswsock.dll
0x00007ffa33b40000 - 0x00007ffa33b56000 	C:\Program Files\Android\Android Studio\jbr\bin\nio.dll
0x00007ffa2e4a0000 - 0x00007ffa2e4b0000 	C:\Program Files\Android\Android Studio\jbr\bin\verify.dll
0x00007ff9e0df0000 - 0x00007ff9e0e17000 	C:\Users\Cronos\.gradle\native\1def1411415f61bf3af743bc5b6707747c0891f09f0c88961ee8f79bc544acac\windows-amd64\native-platform.dll
0x00007ff9c1bc0000 - 0x00007ff9c1c38000 	C:\Users\Cronos\.gradle\native\0.2.7\x86_64-windows-gnu\gradle-fileevents.dll
0x00007ffa34200000 - 0x00007ffa34209000 	C:\Program Files\Android\Android Studio\jbr\bin\management.dll
0x00007ffa33b30000 - 0x00007ffa33b3b000 	C:\Program Files\Android\Android Studio\jbr\bin\management_ext.dll
0x00007ffa494f0000 - 0x00007ffa494f8000 	C:\WINDOWS\System32\PSAPI.DLL
0x00007ffa464b0000 - 0x00007ffa464e3000 	C:\WINDOWS\SYSTEM32\IPHLPAPI.DLL
0x00007ffa4aab0000 - 0x00007ffa4aaba000 	C:\WINDOWS\System32\NSI.dll
0x00007ffa34330000 - 0x00007ffa34339000 	C:\Program Files\Android\Android Studio\jbr\bin\extnet.dll
0x00007ffa474c0000 - 0x00007ffa474db000 	C:\WINDOWS\SYSTEM32\CRYPTSP.dll
0x00007ffa46a60000 - 0x00007ffa46a99000 	C:\WINDOWS\system32\rsaenh.dll
0x00007ffa47150000 - 0x00007ffa47182000 	C:\WINDOWS\SYSTEM32\USERENV.dll
0x00007ffa47d50000 - 0x00007ffa47d7a000 	C:\WINDOWS\SYSTEM32\bcrypt.dll
0x00007ffa47300000 - 0x00007ffa4730c000 	C:\WINDOWS\SYSTEM32\CRYPTBASE.dll
0x00007ffa2d9a0000 - 0x00007ffa2d9a8000 	C:\WINDOWS\system32\wshunix.dll
0x00007ffa3fe20000 - 0x00007ffa3fe38000 	C:\WINDOWS\system32\napinsp.dll
0x00007ffa46540000 - 0x00007ffa46696000 	C:\WINDOWS\SYSTEM32\DNSAPI.dll
0x00007ffa46e90000 - 0x00007ffa46e9d000 	C:\WINDOWS\SYSTEM32\DSPARSE.dll
0x00007ffa3fe00000 - 0x00007ffa3fe13000 	C:\WINDOWS\System32\winrnr.dll
0x00007ffa3fdd0000 - 0x00007ffa3fdf2000 	C:\WINDOWS\system32\nlansp_c.dll
0x00007ffa1a7c0000 - 0x00007ffa1a7d6000 	C:\WINDOWS\system32\wshbth.dll
0x00007ffa366e0000 - 0x00007ffa366eb000 	C:\Windows\System32\rasadhlp.dll
0x00007ffa3f2d0000 - 0x00007ffa3f356000 	C:\WINDOWS\System32\fwpuclnt.dll
0x00007ffa46c30000 - 0x00007ffa46c66000 	C:\WINDOWS\SYSTEM32\ntmarta.dll
0x00007ff9d4270000 - 0x00007ff9d4409000 	C:\Program Files\Android\Android Studio\jbr\bin\awt.dll
0x00007ffa44e90000 - 0x00007ffa44ebf000 	C:\WINDOWS\SYSTEM32\dwmapi.dll
0x00007ffa186b0000 - 0x00007ffa18723000 	C:\WINDOWS\SYSTEM32\OLEACC.dll
0x00007ffa238f0000 - 0x00007ffa23934000 	C:\Program Files\Android\Android Studio\jbr\bin\nvdaControllerClient64.dll
0x00007ffa446f0000 - 0x00007ffa44790000 	C:\WINDOWS\SYSTEM32\apphelp.dll
0x00007ffa44950000 - 0x00007ffa449f9000 	C:\WINDOWS\system32\uxtheme.dll
0x00007ffa49380000 - 0x00007ffa494dd000 	C:\WINDOWS\System32\MSCTF.dll
0x00007ffa4a880000 - 0x00007ffa4aa19000 	C:\WINDOWS\System32\ole32.dll
0x00007ffa343d0000 - 0x00007ffa343d7000 	C:\Program Files\Android\Android Studio\jbr\bin\rmi.dll

JVMTI agents:
C:\Users\Cronos\.gradle\wrapper\dists\gradle-8.13-bin\5xuhj0ry160q40clulazy9h7d\gradle-8.13\lib\agents\gradle-instrumentation-agent-8.13.jar path:C:\Program Files\Android\Android Studio\jbr\bin\instrument.dll, loaded, initialized, instrumentlib options:none

dbghelp: loaded successfully - version: 4.0.5 - missing functions: none
symbol engine: initialized successfully - sym options: 0x614 - pdb path: .;C:\Program Files\Android\Android Studio\jbr\bin;C:\WINDOWS\SYSTEM32;C:\WINDOWS\WinSxS\amd64_microsoft.windows.common-controls_6595b64144ccf1df_6.0.26100.8875_none_3e0d5d42e32fe9dd;C:\Program Files\Android\Android Studio\jbr\bin\server;C:\Users\Cronos\.gradle\native\1def1411415f61bf3af743bc5b6707747c0891f09f0c88961ee8f79bc544acac\windows-amd64;C:\Users\Cronos\.gradle\native\0.2.7\x86_64-windows-gnu

VM Arguments:
jvm_args: --add-opens=java.base/java.lang=ALL-UNNAMED --add-opens=java.base/java.lang.invoke=ALL-UNNAMED --add-opens=java.base/java.util=ALL-UNNAMED --add-opens=java.prefs/java.util.prefs=ALL-UNNAMED --add-exports=jdk.compiler/com.sun.tools.javac.api=ALL-UNNAMED --add-exports=jdk.compiler/com.sun.tools.javac.util=ALL-UNNAMED --add-opens=java.base/java.util=ALL-UNNAMED --add-opens=java.prefs/java.util.prefs=ALL-UNNAMED --add-opens=java.base/java.nio.charset=ALL-UNNAMED --add-opens=java.base/java.net=ALL-UNNAMED --add-opens=java.base/java.util.concurrent.atomic=ALL-UNNAMED --add-opens=java.xml/javax.xml.namespace=ALL-UNNAMED -XX:MaxMetaspaceSize=512m -XX:+UseG1GC -Xmx4096m -Dfile.encoding=UTF-8 -Duser.country=NI -Duser.language=es -Duser.variant -javaagent:C:\Users\Cronos\.gradle\wrapper\dists\gradle-8.13-bin\5xuhj0ry160q40clulazy9h7d\gradle-8.13\lib\agents\gradle-instrumentation-agent-8.13.jar 
java_command: org.gradle.launcher.daemon.bootstrap.GradleDaemon 8.13
java_class_path (initial): C:\Users\Cronos\.gradle\wrapper\dists\gradle-8.13-bin\5xuhj0ry160q40clulazy9h7d\gradle-8.13\lib\gradle-daemon-main-8.13.jar
Launcher Type: SUN_STANDARD

[Global flags]
     intx CICompilerCount                          = 3                                         {product} {ergonomic}
   size_t CompressedClassSpaceSize                 = 436207616                                 {product} {ergonomic}
     uint ConcGCThreads                            = 1                                         {product} {ergonomic}
     uint G1ConcRefinementThreads                  = 4                                         {product} {ergonomic}
   size_t G1HeapRegionSize                         = 2097152                                   {product} {ergonomic}
    uintx GCDrainStackTargetSize                   = 64                                        {product} {ergonomic}
   size_t InitialHeapSize                          = 132120576                                 {product} {ergonomic}
   size_t MarkStackSize                            = 4194304                                   {product} {ergonomic}
   size_t MaxHeapSize                              = 4294967296                                {product} {command line}
   size_t MaxMetaspaceSize                         = 536870912                                 {product} {command line}
   size_t MaxNewSize                               = 2575302656                                {product} {ergonomic}
   size_t MinHeapDeltaBytes                        = 2097152                                   {product} {ergonomic}
   size_t MinHeapSize                              = 8388608                                   {product} {ergonomic}
    uintx NonNMethodCodeHeapSize                   = 5832780                                {pd product} {ergonomic}
    uintx NonProfiledCodeHeapSize                  = 122912730                              {pd product} {ergonomic}
    uintx ProfiledCodeHeapSize                     = 122912730                              {pd product} {ergonomic}
    uintx ReservedCodeCacheSize                    = 251658240                              {pd product} {ergonomic}
     bool SegmentedCodeCache                       = true                                      {product} {ergonomic}
   size_t SoftMaxHeapSize                          = 4294967296                             {manageable} {ergonomic}
     bool UseCompressedOops                        = true                           {product lp64_product} {ergonomic}
     bool UseG1GC                                  = true                                      {product} {command line}
     bool UseLargePagesIndividualAllocation        = false                                  {pd product} {ergonomic}

Logging:
Log output configuration:
 #0: stdout all=warning uptime,level,tags foldmultilines=false
 #1: stderr all=off uptime,level,tags foldmultilines=false

Release file:
JAVA_VERSION="21.0.10" 
MODULES="java.base java.compiler java.datatransfer java.xml java.prefs java.desktop java.instrument java.logging java.management java.security.sasl java.naming java.rmi java.management.rmi java.net.http java.scripting java.security.jgss java.transaction.xa java.sql java.sql.rowset java.xml.crypto java.se java.smartcardio jdk.accessibility jdk.internal.jvmstat jdk.attach jdk.charsets jdk.internal.opt jdk.zipfs jdk.compiler jdk.crypto.ec jdk.crypto.cryptoki jdk.dynalink jdk.hotspot.agent jdk.httpserver jdk.internal.ed jdk.internal.le jdk.internal.vm.ci jdk.jartool jdk.javadoc jdk.jcmd jdk.jdeps jdk.jdwp.agent jdk.jdi jdk.jfr jdk.jlink jdk.jsobject jdk.localedata jdk.management jdk.management.agent jdk.management.jfr jdk.naming.dns jdk.naming.rmi jdk.net jdk.sctp jdk.security.auth jdk.security.jgss jdk.unsupported jdk.unsupported.desktop jdk.xml.dom" 
IMPLEMENTOR="JetBrains s.r.o." 
JAVA_RUNTIME_VERSION="21.0.10+-14961533-b1163.108" 
LIBC="default" 
OS_ARCH="x86_64" 
OS_NAME="Windows" 
SOURCE=".:git:1351622c2ff2" 

Environment Variables:
PATH=C:\WINDOWS\system32;C:\WINDOWS;C:\WINDOWS\System32\Wbem;C:\WINDOWS\System32\WindowsPowerShell\v1.0\;C:\WINDOWS\System32\OpenSSH\;C:\Program Files\dotnet\;C:\Users\Cronos\AppData\Local\Python\pythoncore-3.14-64\Scripts;C:\ProgramData\chocolatey\bin;C:\Program Files\nodejs\;C:\Program Files\Git\cmd;C:\Program Files\PowerShell\7\;C:\Users\Cronos\.local\bin;C:\Users\Cronos\AppData\Local\Programs\Python\Python313\Scripts\;C:\Users\Cronos\AppData\Local\Programs\Python\Python313\;C:\Users\Cronos\AppData\Local\Microsoft\WindowsApps;C:\Users\Cronos\AppData\Local\qGNUt\;C:\Users\Cronos\AppData\Roaming\npm;C:\Users\Cronos\AppData\Local\Programs\Microsoft VS Code\bin;C:\Users\Cronos\AppData\Local\Python\bin;C:\Users\Cronos\AppData\Local\Programs\Antigravity\bin;C:\Users\Cronos\AppData\Local\Programs\Antigravity IDE\bin;C:\Users\Cronos\AppData\Local\Programs\Ollama
USERNAME=Cronos
OS=Windows_NT
PROCESSOR_IDENTIFIER=Intel64 Family 6 Model 190 Stepping 0, GenuineIntel
TMP=C:\Users\Cronos\AppData\Local\Temp
TEMP=C:\Users\Cronos\AppData\Local\Temp




Periodic native trim disabled

JNI global refs:
JNI global refs: 37, weak refs: 14

JNI global refs memory usage: 835, weak refs: 833

Process memory usage:
Resident Set Size: 859412K (10% of 8158204K total physical memory with 790168K free physical memory)

OOME stack traces (most recent first):
Classloader memory used:
Loader java.net.URLClassLoader                                                         : 99505K
Loader org.gradle.internal.classloader.VisitableURLClassLoader$InstrumentingVisitableURLClassLoader: 65049K
Loader org.gradle.internal.classloader.VisitableURLClassLoader                         : 55705K
Loader bootstrap                                                                       : 33056K
Loader org.gradle.initialization.MixInLegacyTypesClassLoader                           : 15105K
Loader org.gradle.internal.classloader.VisitableURLClassLoader                         : 8524K
Loader jdk.internal.loader.ClassLoaders$AppClassLoader                                 : 7322K
Loader jdk.internal.reflect.DelegatingClassLoader                                      : 811K
Loader jdk.internal.loader.ClassLoaders$PlatformClassLoader                            : 780K
Loader jdk.internal.jrtfs.JrtFileSystemProvider$JrtFsLoader                            : 553K
Loader org.gradle.groovy.scripts.internal.DefaultScriptCompilationHandler$ScriptClassLoader: 449K
Loader org.codehaus.groovy.runtime.callsite.CallSiteClassLoader                        : 40808B
Loader sun.reflect.misc.MethodUtil                                                     : 2984B

Classes loaded by more than one classloader:
Class com.google.common.collect.UnmodifiableListIterator                              : loaded 5 times (x 95B)
Class com.google.common.collect.Iterators$ArrayItr                                    : loaded 5 times (x 97B)
Class com.google.common.collect.PeekingIterator                                       : loaded 5 times (x 70B)
Class com.google.common.collect.Iterators$9                                           : loaded 5 times (x 81B)
Class com.google.common.collect.Lists                                                 : loaded 5 times (x 71B)
Class com.google.common.collect.ImmutableCollection                                   : loaded 5 times (x 125B)
Class com.google.common.collect.UnmodifiableIterator                                  : loaded 5 times (x 80B)
Class com.google.common.collect.Iterators$5                                           : loaded 5 times (x 82B)
Class com.google.common.collect.Iterators$4                                           : loaded 5 times (x 82B)
Class com.google.common.collect.Iterators$1                                           : loaded 5 times (x 81B)
Class com.google.common.collect.Iterators$MergingIterator                             : loaded 5 times (x 81B)
Class com.google.common.collect.ImmutableList                                         : loaded 5 times (x 206B)
Class com.google.common.collect.Iterators                                             : loaded 5 times (x 71B)
Class com.google.common.collect.AbstractIndexedListIterator                           : loaded 5 times (x 96B)
Class com.google.common.collect.AbstractIterator                                      : loaded 5 times (x 82B)
Class com.google.common.collect.Lists$StringAsImmutableList                           : loaded 5 times (x 207B)
Class com.google.common.base.Preconditions                                            : loaded 5 times (x 71B)
Class com.google.common.collect.ImmutableList$SubList                                 : loaded 4 times (x 209B)
Class com.google.common.base.Objects                                                  : loaded 4 times (x 71B)
Class com.google.common.collect.ImmutableRangeSet                                     : loaded 4 times (x 115B)
Class com.google.common.collect.ImmutableSet$SetBuilderImpl                           : loaded 4 times (x 76B)
Class com.google.common.collect.Range                                                 : loaded 4 times (x 87B)
Class com.google.common.collect.Multimap                                              : loaded 4 times (x 70B)
Class com.google.common.collect.RegularImmutableAsList                                : loaded 4 times (x 217B)
Class com.google.common.base.ExtraObjectsMethodsForWeb                                : loaded 4 times (x 71B)
Class com.google.common.collect.NullnessCasts                                         : loaded 4 times (x 71B)
Class com.google.common.collect.SingletonImmutableList                                : loaded 4 times (x 207B)
Class com.google.common.collect.ImmutableList$ReverseImmutableList                    : loaded 4 times (x 209B)
Class com.google.common.collect.ImmutableRangeSet$1                                   : loaded 4 times (x 210B)
Class com.google.common.collect.SingletonImmutableSet                                 : loaded 4 times (x 146B)
Class com.google.common.base.CharMatcher$InRange                                      : loaded 4 times (x 111B)
Class com.google.common.collect.ImmutableList$Builder                                 : loaded 4 times (x 77B)
Class com.google.common.collect.SortedIterable                                        : loaded 4 times (x 70B)
Class com.google.common.collect.Iterators$SingletonIterator                           : loaded 4 times (x 81B)
Class com.google.common.base.CharMatcher$ForPredicate                                 : loaded 4 times (x 112B)
Class com.google.common.base.CharMatcher$AnyOf                                        : loaded 4 times (x 112B)
Class com.google.common.collect.RegularImmutableSet                                   : loaded 4 times (x 149B)
Class com.google.common.collect.ImmutableSet$CachingAsList                            : loaded 4 times (x 148B)
Class com.google.common.base.Joiner                                                   : loaded 4 times (x 79B)
Class com.google.common.collect.ImmutableCollection$Builder                           : loaded 4 times (x 76B)
Class com.google.common.collect.ImmutableAsList                                       : loaded 4 times (x 209B)
Class com.google.common.collect.ImmutableSortedSet                                    : loaded 4 times (x 300B)
Class com.google.common.base.CharMatcher$IsNot                                        : loaded 4 times (x 111B)
Class com.google.common.collect.RegularImmutableSortedSet                             : loaded 4 times (x 300B)
Class com.google.common.base.Function                                                 : loaded 4 times (x 70B)
Class com.google.common.collect.RangeSet                                              : loaded 4 times (x 70B)
Class com.google.common.base.CharMatcher$NamedFastMatcher                             : loaded 4 times (x 112B)
Class com.google.common.collect.RegularImmutableList                                  : loaded 4 times (x 213B)
Class com.google.common.base.CharMatcher$1                                            : loaded 4 times (x 113B)
Class build_bk8sz87gsp6ecxt9pmcs7plf3                                                 : loaded 4 times (x 180B)
Class com.google.common.collect.ImmutableRangeSet$Builder                             : loaded 4 times (x 77B)
Class com.google.common.base.CharMatcher$BitSetMatcher                                : loaded 4 times (x 112B)
Class com.google.common.collect.ImmutableSet                                          : loaded 4 times (x 145B)
Class com.google.common.base.CharMatcher$Or                                           : loaded 4 times (x 112B)
Class build_bk8sz87gsp6ecxt9pmcs7plf3$_run_closure1                                   : loaded 4 times (x 139B)
Class com.google.common.base.Joiner$2                                                 : loaded 4 times (x 79B)
Class com.google.common.base.CharMatcher$FastMatcher                                  : loaded 4 times (x 111B)
Class com.google.common.base.Predicate                                                : loaded 4 times (x 70B)
Class com.google.common.base.CharMatcher                                              : loaded 4 times (x 111B)
Class com.google.common.collect.AbstractRangeSet                                      : loaded 4 times (x 114B)
Class com.google.common.base.CharMatcher$NegatedFastMatcher                           : loaded 4 times (x 113B)
Class com.google.common.collect.ImmutableList$1                                       : loaded 4 times (x 97B)
Class com.google.common.base.Joiner$1                                                 : loaded 4 times (x 80B)
Class com.google.common.collect.ImmutableRangeSet$AsSet                               : loaded 4 times (x 300B)
Class com.google.common.collect.ImmutableRangeSet$ComplementRanges                    : loaded 4 times (x 207B)
Class com.google.common.base.CharMatcher$And                                          : loaded 4 times (x 112B)
Class com.google.common.collect.ImmutableSet$RegularSetBuilderImpl                    : loaded 4 times (x 77B)
Class com.google.common.base.CharMatcher$IsEither                                     : loaded 4 times (x 111B)
Class com.google.common.base.CharMatcher$Negated                                      : loaded 4 times (x 113B)
Class com.google.common.base.CharMatcher$Is                                           : loaded 4 times (x 111B)
Class kotlin.collections.ArrayDeque$Companion                                         : loaded 3 times (x 71B)
Class com.google.common.base.PatternCompiler                                          : loaded 3 times (x 70B)
Class com.google.common.collect.SortedSetMultimap                                     : loaded 3 times (x 70B)
Class [Lcom.google.common.collect.MapMakerInternalMap$Segment;                        : loaded 3 times (x 69B)
Class com.google.common.hash.PrimitiveSink                                            : loaded 3 times (x 70B)
Class com.google.common.base.Equivalence$Equals                                       : loaded 3 times (x 82B)
Class com.google.common.collect.Hashing                                               : loaded 3 times (x 71B)
Class com.android.ide.common.repository.AgpVersion$Companion$WhenMappings             : loaded 3 times (x 71B)
Class kotlin.jvm.internal.CollectionToArray                                           : loaded 3 times (x 71B)
Class kotlin.io.FilesKt__FileTreeWalkKt                                               : loaded 3 times (x 71B)
Class kotlin.sequences.FilteringSequence$iterator$1                                   : loaded 3 times (x 79B)
Class kotlin.collections.CollectionsKt__ReversedViewsKt                               : loaded 3 times (x 71B)
Class kotlin.sequences.SequencesKt__SequenceBuilderKt                                 : loaded 3 times (x 71B)
Class [Lcom.google.common.base.AbstractIterator$State;                                : loaded 3 times (x 69B)
Class kotlin.text.CharsKt__CharKt                                                     : loaded 3 times (x 71B)
Class kotlin.ranges.RangesKt___RangesKt                                               : loaded 3 times (x 71B)
Class com.google.common.collect.RegularImmutableBiMap                                 : loaded 3 times (x 149B)
Class kotlin.KotlinNullPointerException                                               : loaded 3 times (x 83B)
Class kotlin.ranges.OpenEndRange                                                      : loaded 3 times (x 70B)
Class com.android.ide.common.gradle.Version$Companion$ParseState$EMPTY                : loaded 3 times (x 74B)
Class kotlin.sequences.SequenceBuilderIterator                                        : loaded 3 times (x 85B)
Class com.google.common.collect.AbstractMapBasedMultimap$RandomAccessWrappedList      : loaded 3 times (x 205B)
Class kotlin.collections.CollectionsKt__IterablesKt                                   : loaded 3 times (x 71B)
Class kotlin.collections.MapsKt                                                       : loaded 3 times (x 71B)
Class kotlin.coroutines.intrinsics.CoroutineSingletons                                : loaded 3 times (x 79B)
Class com.google.common.collect.RegularImmutableMap$BucketOverflowException           : loaded 3 times (x 82B)
Class org.objectweb.asm.MethodWriter                                                  : loaded 3 times (x 106B)
Class jdk.internal.jrtfs.JrtFileSystem                                                : loaded 3 times (x 102B)
Class kotlin.jvm.internal.Intrinsics                                                  : loaded 3 times (x 71B)
Class kotlin.reflect.KAnnotatedElement                                                : loaded 3 times (x 70B)
Class kotlin.text.MatcherMatchResult$groups$1                                         : loaded 3 times (x 151B)
Class kotlin.collections.EmptyMap                                                     : loaded 3 times (x 108B)
Class kotlin.ranges.IntRange$Companion                                                : loaded 3 times (x 71B)
Class kotlin.coroutines.intrinsics.IntrinsicsKt                                       : loaded 3 times (x 71B)
Class kotlin.jvm.internal.markers.KMutableCollection                                  : loaded 3 times (x 70B)
Class kotlin.collections.ArraysKt                                                     : loaded 3 times (x 71B)
Class com.google.gson.stream.JsonReader                                               : loaded 3 times (x 97B)
Class com.google.common.collect.ImmutableMapKeySet                                    : loaded 3 times (x 152B)
Class org.gradle.internal.IoActions                                                   : loaded 3 times (x 71B)
Class kotlin.enums.EnumEntriesKt                                                      : loaded 3 times (x 71B)
Class kotlin.text.StringsKt___StringsKt                                               : loaded 3 times (x 71B)
Class com.google.common.base.Splitter$1$1                                             : loaded 3 times (x 86B)
Class com.google.common.base.CharMatcher$Whitespace                                   : loaded 3 times (x 112B)
Class kotlin.collections.CollectionsKt__MutableCollectionsJVMKt                       : loaded 3 times (x 71B)
Class [Lcom.android.ide.common.gradle.Separator;                                      : loaded 3 times (x 69B)
Class kotlin.collections.MapsKt__MapWithDefaultKt                                     : loaded 3 times (x 71B)
Class com.google.common.io.Files                                                      : loaded 3 times (x 71B)
Class com.google.common.collect.SortedMapDifference                                   : loaded 3 times (x 70B)
Class com.google.common.collect.AbstractMapBasedMultimap$WrappedCollection            : loaded 3 times (x 124B)
Class kotlin.collections.ArraysKt___ArraysKt                                          : loaded 3 times (x 71B)
Class org.objectweb.asm.Label                                                         : loaded 3 times (x 73B)
Class kotlin.collections.MapsKt___MapsKt                                              : loaded 3 times (x 71B)
Class kotlin.io.FilesKt                                                               : loaded 3 times (x 71B)
Class [Lcom.google.common.collect.MapMakerInternalMap$Strength;                       : loaded 3 times (x 69B)
Class kotlin.text.StringsKt___StringsJvmKt                                            : loaded 3 times (x 71B)
Class kotlin.reflect.KDeclarationContainer                                            : loaded 3 times (x 70B)
Class com.android.ide.common.gradle.Version                                           : loaded 3 times (x 75B)
Class com.google.common.collect.CollectPreconditions                                  : loaded 3 times (x 71B)
Class kotlin.annotation.Retention                                                     : loaded 3 times (x 70B)
Class com.google.common.collect.ImmutableEnumSet                                      : loaded 3 times (x 146B)
Class jdk.internal.jimage.ImageStrings                                                : loaded 3 times (x 70B)
Class org.gradle.api.GradleException                                                  : loaded 3 times (x 82B)
Class kotlin.collections.CollectionsKt___CollectionsKt                                : loaded 3 times (x 71B)
Class kotlin.collections.EmptySet                                                     : loaded 3 times (x 122B)
Class kotlin.jvm.functions.Function4                                                  : loaded 3 times (x 70B)
Class kotlin.annotation.Target                                                        : loaded 3 times (x 70B)
Class com.google.common.collect.ImmutableEntry                                        : loaded 3 times (x 82B)
Class [Lcom.google.common.collect.AbstractMapEntry;                                   : loaded 3 times (x 69B)
Class com.google.common.collect.ArrayListMultimap                                     : loaded 3 times (x 172B)
Class kotlin.coroutines.EmptyCoroutineContext                                         : loaded 3 times (x 77B)
Class kotlin.collections.MapsKt___MapsJvmKt                                           : loaded 3 times (x 71B)
Class com.google.gson.stream.MalformedJsonException                                   : loaded 3 times (x 82B)
Class io.opentelemetry.api.trace.TracerProvider                                       : loaded 3 times (x 70B)
Class kotlin.collections.SetsKt__SetsKt                                               : loaded 3 times (x 71B)
Class com.google.common.collect.MapMakerInternalMap$WeakValueReference                : loaded 3 times (x 70B)
Class kotlin.KotlinNothingValueException                                              : loaded 3 times (x 82B)
Class kotlin.jvm.functions.Function2                                                  : loaded 3 times (x 70B)
Class com.google.common.collect.ImmutableMap                                          : loaded 3 times (x 120B)
Class com.google.common.collect.Table                                                 : loaded 3 times (x 70B)
Class com.google.common.collect.Sets                                                  : loaded 3 times (x 71B)
Class com.google.common.collect.Maps$IteratorBasedAbstractMap                         : loaded 3 times (x 125B)
Class kotlin.jvm.functions.Function1                                                  : loaded 3 times (x 70B)
Class com.android.ide.common.gradle.Version$Companion                                 : loaded 3 times (x 71B)
Class kotlin.collections.AbstractMutableList                                          : loaded 3 times (x 206B)
Class com.google.common.collect.MapMakerInternalMap                                   : loaded 3 times (x 161B)
Class com.google.common.collect.HashBiMap                                             : loaded 3 times (x 143B)
Class com.google.common.base.Strings                                                  : loaded 3 times (x 71B)
Class org.gradle.api.Action                                                           : loaded 3 times (x 70B)
Class org.gradle.internal.Cast                                                        : loaded 3 times (x 71B)
Class kotlin.sequences.FlatteningSequence$iterator$1                                  : loaded 3 times (x 79B)
Class com.android.ide.common.repository.AgpVersion$Companion                          : loaded 3 times (x 71B)
Class kotlin.jvm.functions.Function0                                                  : loaded 3 times (x 70B)
Class kotlin.collections.ArraysUtilJVM                                                : loaded 3 times (x 71B)
Class com.google.common.collect.MapMakerInternalMap$InternalEntryHelper               : loaded 3 times (x 70B)
Class kotlin.ranges.RangesKt                                                          : loaded 3 times (x 71B)
Class com.google.common.collect.RegularImmutableMap                                   : loaded 3 times (x 121B)
Class com.google.common.collect.ImmutableMap$MapViewOfValuesAsSingletonSets           : loaded 3 times (x 126B)
Class com.android.ide.common.gradle.Version$Companion$ParseState                      : loaded 3 times (x 70B)
Class org.objectweb.asm.Attribute                                                     : loaded 3 times (x 77B)
Class com.google.common.base.Supplier                                                 : loaded 3 times (x 70B)
Class kotlin.ranges.IntProgression$Companion                                          : loaded 3 times (x 71B)
Class com.google.common.collect.RangeGwtSerializationDependencies                     : loaded 3 times (x 71B)
Class kotlin.sequences.SequencesKt___SequencesJvmKt                                   : loaded 3 times (x 71B)
Class com.google.common.io.Closer$Suppressor                                          : loaded 3 times (x 70B)
Class kotlin.Unit                                                                     : loaded 3 times (x 71B)
Class kotlin.TuplesKt                                                                 : loaded 3 times (x 71B)
Class io.opentelemetry.api.trace.Tracer                                               : loaded 3 times (x 70B)
Class kotlin.jvm.internal.markers.KMutableIterable                                    : loaded 3 times (x 70B)
Class com.google.common.io.LineProcessor                                              : loaded 3 times (x 70B)
Class kotlin.jvm.internal.FunctionReferenceImpl                                       : loaded 3 times (x 122B)
Class com.google.gson.internal.bind.JsonTreeReader                                    : loaded 3 times (x 98B)
Class kotlin.collections.CollectionsKt___CollectionsJvmKt                             : loaded 3 times (x 71B)
Class org.objectweb.asm.MethodVisitor                                                 : loaded 3 times (x 105B)
Class com.android.ide.common.gradle.Version$Companion$ParseState$NUMERIC              : loaded 3 times (x 74B)
Class com.google.common.io.Closer                                                     : loaded 3 times (x 78B)
Class com.google.common.collect.RegularImmutableMap$Values                            : loaded 3 times (x 207B)
Class [Lcom.google.gson.Strictness;                                                   : loaded 3 times (x 69B)
Class com.google.common.base.AbstractIterator                                         : loaded 3 times (x 80B)
Class kotlin.comparisons.ComparisonsKt___ComparisonsKt                                : loaded 3 times (x 71B)
Class kotlin.comparisons.ComparisonsKt                                                : loaded 3 times (x 71B)
Class kotlin.text.CharsKt__CharJVMKt                                                  : loaded 3 times (x 71B)
Class kotlin.sequences.FilteringSequence                                              : loaded 3 times (x 75B)
Class kotlin.coroutines.jvm.internal.BaseContinuationImpl                             : loaded 3 times (x 87B)
Class kotlin.Result$Companion                                                         : loaded 3 times (x 71B)
Class kotlin.comparisons.ComparisonsKt__ComparisonsKt                                 : loaded 3 times (x 71B)
Class kotlin.sequences.SequencesKt__SequencesKt                                       : loaded 3 times (x 71B)
Class kotlin.collections.SetsKt___SetsKt                                              : loaded 3 times (x 71B)
Class kotlin.ranges.RangesKt__RangesKt                                                : loaded 3 times (x 71B)
Class com.google.common.math.IntMath$1                                                : loaded 3 times (x 71B)
Class kotlin.coroutines.Continuation                                                  : loaded 3 times (x 70B)
Class com.google.common.io.Files$FileByteSink                                         : loaded 3 times (x 77B)
Class com.google.common.graph.SuccessorsFunction                                      : loaded 3 times (x 70B)
Class org.objectweb.asm.Type                                                          : loaded 3 times (x 72B)
Class com.google.common.collect.Lists$ReverseList$1                                   : loaded 3 times (x 99B)
Class com.google.common.collect.Sets$SetView                                          : loaded 3 times (x 138B)
Class kotlin.text.StringsKt__StringBuilderJVMKt                                       : loaded 3 times (x 71B)
Class kotlin.text.Regex                                                               : loaded 3 times (x 72B)
Class kotlin.sequences.SequencesKt__SequenceBuilderKt$sequence$$inlined$Sequence$1    : loaded 3 times (x 75B)
Class kotlin.Triple                                                                   : loaded 3 times (x 72B)
Class com.android.ide.common.repository.AgpVersion$PreviewKind                        : loaded 3 times (x 79B)
Class [Lcom.google.common.collect.Iterators$EmptyModifiableIterator;                  : loaded 3 times (x 69B)
Class kotlin.collections.AbstractCollection                                           : loaded 3 times (x 117B)
Class kotlin.collections.AbstractList                                                 : loaded 3 times (x 197B)
Class com.android.utils.FileUtils                                                     : loaded 3 times (x 71B)
Class kotlin.collections.ArraysKt__ArraysJVMKt                                        : loaded 3 times (x 71B)
Class org.objectweb.asm.ClassVisitor                                                  : loaded 3 times (x 88B)
Class com.google.common.collect.Maps$8                                                : loaded 3 times (x 82B)
Class kotlin.sequences.SequencesKt__SequencesJVMKt                                    : loaded 3 times (x 71B)
Class kotlin.coroutines.jvm.internal.RestrictedSuspendLambda                          : loaded 3 times (x 91B)
Class com.google.common.collect.AbstractMapBasedMultimap$WrappedList                  : loaded 3 times (x 205B)
Class kotlin.sequences.TransformingSequence                                           : loaded 3 times (x 75B)
Class com.google.gson.JsonIOException                                                 : loaded 3 times (x 82B)
Class jdk.internal.jimage.ImageReader$Directory                                       : loaded 3 times (x 84B)
Class kotlin.text.StringsKt__RegexExtensionsKt                                        : loaded 3 times (x 71B)
Class kotlin.collections.EmptyIterator                                                : loaded 3 times (x 89B)
Class io.opentelemetry.api.trace.SpanBuilder                                          : loaded 3 times (x 70B)
Class com.google.common.base.Platform                                                 : loaded 3 times (x 71B)
Class [Lcom.google.common.collect.ImmutableEntry;                                     : loaded 3 times (x 69B)
Class com.google.common.collect.MapMaker                                              : loaded 3 times (x 72B)
Class jdk.internal.jimage.ImageReader$SharedImageReader$LocationVisitor               : loaded 3 times (x 70B)
Class com.google.common.collect.Maps                                                  : loaded 3 times (x 71B)
Class kotlin.jvm.internal.DefaultConstructorMarker                                    : loaded 3 times (x 71B)
Class kotlin.text.MatchResult$DefaultImpls                                            : loaded 3 times (x 71B)
Class jdk.internal.jrtfs.JrtPath                                                      : loaded 3 times (x 118B)
Class jdk.internal.jimage.ImageBufferCache                                            : loaded 3 times (x 71B)
Class com.google.gson.JsonParseException                                              : loaded 3 times (x 82B)
Class jdk.internal.jimage.BasicImageReader                                            : loaded 3 times (x 95B)
Class com.google.common.collect.IndexedImmutableSet$1                                 : loaded 3 times (x 213B)
Class kotlin.enums.EnumEntries                                                        : loaded 3 times (x 70B)
Class kotlin.jvm.internal.CallableReference$NoReceiver                                : loaded 3 times (x 71B)
Class com.google.common.collect.ImmutableMapEntry$NonTerminalImmutableMapEntry        : loaded 3 times (x 85B)
Class com.google.common.base.Equivalence                                              : loaded 3 times (x 82B)
Class kotlin.ranges.IntRange                                                          : loaded 3 times (x 93B)
Class com.google.common.collect.ImmutableMapEntry                                     : loaded 3 times (x 85B)
Class com.google.common.collect.MapMakerInternalMap$InternalEntry                     : loaded 3 times (x 70B)
Class [Lcom.google.common.collect.HashBiMap$BiEntry;                                  : loaded 3 times (x 69B)
Class kotlin.jvm.internal.CallableReference                                           : loaded 3 times (x 106B)
Class kotlin.collections.AbstractList$SubList                                         : loaded 3 times (x 198B)
Class com.google.common.math.IntMath                                                  : loaded 3 times (x 71B)
Class kotlin.text.StringsKt__StringBuilderKt                                          : loaded 3 times (x 71B)
Class com.google.common.collect.AbstractMapBasedMultimap$KeySet                       : loaded 3 times (x 137B)
Class com.google.common.base.CommonPattern                                            : loaded 3 times (x 74B)
Class com.google.common.collect.Multimaps                                             : loaded 3 times (x 71B)
Class com.google.common.collect.Lists$ReverseList                                     : loaded 3 times (x 200B)
Class kotlin.jvm.KotlinReflectionNotSupportedError                                    : loaded 3 times (x 82B)
Class com.google.common.collect.CollectCollectors                                     : loaded 3 times (x 71B)
Class jdk.internal.jrtfs.JrtFileAttributes                                            : loaded 3 times (x 83B)
Class com.google.common.collect.Maps$EntryTransformer                                 : loaded 3 times (x 70B)
Class kotlin.text.StringsKt__StringNumberConversionsKt                                : loaded 3 times (x 71B)
Class com.google.common.base.Platform$JdkPatternCompiler                              : loaded 3 times (x 75B)
Class com.google.common.collect.MapMakerInternalMap$Strength                          : loaded 3 times (x 80B)
Class kotlin.text.MatchNamedGroupCollection                                           : loaded 3 times (x 70B)
Class kotlin.io.FilesKt__FileReadWriteKt                                              : loaded 3 times (x 71B)
Class [Lkotlin.Pair;                                                                  : loaded 3 times (x 69B)
Class kotlin.jvm.internal.markers.KMutableList                                        : loaded 3 times (x 70B)
Class com.google.gson.JsonSyntaxException                                             : loaded 3 times (x 82B)
Class jdk.internal.jimage.ImageReader$Resource                                        : loaded 3 times (x 84B)
Class jdk.internal.jimage.decompressor.Decompressor                                   : loaded 3 times (x 72B)
Class kotlin.coroutines.jvm.internal.RestrictedContinuationImpl                       : loaded 3 times (x 87B)
Class kotlin.text.StringsKt                                                           : loaded 3 times (x 71B)
Class com.google.common.collect.ImmutableMapEntrySet$RegularEntrySet                  : loaded 3 times (x 152B)
Class com.google.common.base.FunctionalEquivalence                                    : loaded 3 times (x 83B)
Class com.google.common.collect.AbstractMapBasedMultimap                              : loaded 3 times (x 139B)
Class kotlin.NoWhenBranchMatchedException                                             : loaded 3 times (x 82B)
Class com.google.gson.Strictness                                                      : loaded 3 times (x 79B)
Class com.google.common.collect.Maps$BiMapConverter                                   : loaded 3 times (x 90B)
Class com.google.common.base.Converter                                                : loaded 3 times (x 90B)
Class kotlin.sequences.SequencesKt                                                    : loaded 3 times (x 71B)
Class kotlin.collections.CollectionsKt__IteratorsKt                                   : loaded 3 times (x 71B)
Class kotlin.NotImplementedError                                                      : loaded 3 times (x 82B)
Class jdk.internal.jimage.BasicImageReader$1                                          : loaded 3 times (x 77B)
Class kotlin.text.StringsKt__StringsKt                                                : loaded 3 times (x 71B)
Class com.google.common.collect.SetMultimap                                           : loaded 3 times (x 70B)
Class kotlin.collections.CollectionsKt__CollectionsJVMKt                              : loaded 3 times (x 71B)
Class kotlin.io.FilesKt__UtilsKt                                                      : loaded 3 times (x 71B)
Class jdk.internal.jimage.ImageReader$Node                                            : loaded 3 times (x 84B)
Class kotlin.sequences.FlatteningSequence                                             : loaded 3 times (x 75B)
Class kotlin.text.RegexKt                                                             : loaded 3 times (x 71B)
Class kotlin.coroutines.intrinsics.IntrinsicsKt__IntrinsicsKt                         : loaded 3 times (x 71B)
Class com.google.common.collect.HashBiMap$Inverse                                     : loaded 3 times (x 142B)
Class com.google.common.base.Splitter$SplittingIterator                               : loaded 3 times (x 84B)
Class com.android.ide.common.repository.AgpVersion$PreviewKind$Companion              : loaded 3 times (x 71B)
Class com.google.common.collect.ImmutableSet$JdkBackedSetBuilderImpl                  : loaded 3 times (x 76B)
Class kotlin.text.MatcherMatchResult                                                  : loaded 3 times (x 80B)
Class com.google.common.collect.ImmutableBiMap                                        : loaded 3 times (x 143B)
Class kotlin.text.MatchGroupCollection                                                : loaded 3 times (x 70B)
Class com.google.common.collect.AbstractListMultimap                                  : loaded 3 times (x 172B)
Class com.google.common.collect.ImmutableSet$Builder                                  : loaded 3 times (x 85B)
Class jdk.internal.jimage.ImageReader$SharedImageReader                               : loaded 3 times (x 95B)
Class jdk.internal.jimage.ImageReader                                                 : loaded 3 times (x 75B)
Class kotlin.UninitializedPropertyAccessException                                     : loaded 3 times (x 82B)
Class kotlin.text.MatcherMatchResult$groupValues$1                                    : loaded 3 times (x 198B)
Class kotlin.sequences.SequencesKt___SequencesKt                                      : loaded 3 times (x 71B)
Class com.google.common.collect.ImmutableMap$IteratorBasedImmutableMap                : loaded 3 times (x 126B)
Class com.google.common.base.CharMatcher$None                                         : loaded 3 times (x 112B)
Class kotlin.collections.AbstractList$Companion                                       : loaded 3 times (x 71B)
Class kotlin.text.MatchResult$Destructured                                            : loaded 3 times (x 72B)
Class kotlin.jvm.internal.markers.KMappedMarker                                       : loaded 3 times (x 70B)
Class kotlin.Metadata                                                                 : loaded 3 times (x 70B)
Class com.google.common.collect.Maps$KeySet                                           : loaded 3 times (x 137B)
Class jdk.internal.jimage.ImageStringsReader                                          : loaded 3 times (x 80B)
Class kotlin.collections.MapsKt__MapsKt                                               : loaded 3 times (x 71B)
Class com.google.common.base.JdkPattern                                               : loaded 3 times (x 75B)
Class kotlin.reflect.KFunction                                                        : loaded 3 times (x 70B)
Class com.google.common.io.Files$FileByteSource                                       : loaded 3 times (x 85B)
Class com.google.common.collect.RegularImmutableMap$KeySet                            : loaded 3 times (x 152B)
Class kotlin.collections.ArrayDeque                                                   : loaded 3 times (x 207B)
Class kotlin.text.StringsKt__IndentKt                                                 : loaded 3 times (x 71B)
Class kotlin.collections.SetsKt                                                       : loaded 3 times (x 71B)
Class com.google.common.io.ByteSink                                                   : loaded 3 times (x 76B)
Class com.google.common.base.Equivalence$Identity                                     : loaded 3 times (x 82B)
Class com.google.gson.internal.bind.JsonTreeWriter                                    : loaded 3 times (x 98B)
Class kotlin.text.StringsKt__StringsJVMKt                                             : loaded 3 times (x 71B)
Class kotlin.collections.IntIterator                                                  : loaded 3 times (x 82B)
Class com.google.common.collect.MapMakerInternalMap$Segment                           : loaded 3 times (x 142B)
Class com.google.common.base.PairwiseEquivalence                                      : loaded 3 times (x 83B)
Class com.google.common.collect.ImmutableSet$EmptySetBuilderImpl                      : loaded 3 times (x 76B)
Class kotlin.ranges.ClosedRange                                                       : loaded 3 times (x 70B)
Class jdk.internal.jrtfs.JrtDirectoryStream                                           : loaded 3 times (x 89B)
Class com.google.common.primitives.IntsMethodsForWeb                                  : loaded 3 times (x 71B)
Class com.google.common.collect.AbstractMapBasedMultimap$WrappedCollection$WrappedIterator: loaded 3 times (x 84B)
Class com.google.common.base.NullnessCasts                                            : loaded 3 times (x 71B)
Class com.google.common.io.Files$2                                                    : loaded 3 times (x 76B)
Class com.google.common.collect.ImmutableMap$Builder                                  : loaded 3 times (x 82B)
Class jdk.internal.jimage.ImageHeader                                                 : loaded 3 times (x 71B)
Class [Lcom.google.common.collect.ImmutableMapEntry;                                  : loaded 3 times (x 69B)
Class kotlin.internal.ProgressionUtilKt                                               : loaded 3 times (x 71B)
Class kotlin.Function                                                                 : loaded 3 times (x 70B)
Class [Lcom.android.ide.common.repository.AgpVersion$PreviewKind;                     : loaded 3 times (x 69B)
Class kotlin.sequences.SequencesKt___SequencesKt$flatMap$2                            : loaded 3 times (x 125B)
Class kotlin.collections.SetsKt__SetsJVMKt                                            : loaded 3 times (x 71B)
Class com.google.common.collect.ImmutableMapEntrySet                                  : loaded 3 times (x 152B)
Class kotlin.collections.ArraysKt__ArraysKt                                           : loaded 3 times (x 71B)
Class com.google.common.math.MathPreconditions                                        : loaded 3 times (x 71B)
Class io.opentelemetry.api.internal.IncubatingUtil                                    : loaded 3 times (x 71B)
Class kotlin.Result$Failure                                                           : loaded 3 times (x 72B)
Class kotlin.coroutines.jvm.internal.SuspendFunction                                  : loaded 3 times (x 70B)
Class com.google.common.collect.ObjectArrays                                          : loaded 3 times (x 71B)
Class com.google.common.collect.ArrayListMultimapGwtSerializationDependencies         : loaded 3 times (x 172B)
Class com.google.common.collect.Multiset                                              : loaded 3 times (x 70B)
Class com.android.ide.common.repository.AgpVersion                                    : loaded 3 times (x 75B)
Class com.google.common.primitives.Ints                                               : loaded 3 times (x 71B)
Class kotlin.ResultKt                                                                 : loaded 3 times (x 71B)
Class kotlin.jvm.internal.StringCompanionObject                                       : loaded 3 times (x 71B)
Class com.google.common.collect.BiMap                                                 : loaded 3 times (x 70B)
Class com.google.common.collect.ImmutableMap$1                                        : loaded 3 times (x 81B)
Class com.google.common.collect.IndexedImmutableSet                                   : loaded 3 times (x 152B)
Class com.google.common.collect.AbstractMapBasedMultimap$Itr                          : loaded 3 times (x 83B)
Class kotlin.jvm.internal.Ref$BooleanRef                                              : loaded 3 times (x 71B)
Class com.google.gson.TypeAdapter                                                     : loaded 3 times (x 73B)
Class jdk.internal.jimage.ImageBufferCache$2                                          : loaded 3 times (x 91B)
Class kotlin.coroutines.intrinsics.IntrinsicsKt__IntrinsicsJvmKt                      : loaded 3 times (x 71B)
Class kotlin.collections.EmptyList                                                    : loaded 3 times (x 174B)
Class kotlin.collections.MapsKt__MapsJVMKt                                            : loaded 3 times (x 71B)
Class com.android.ide.common.gradle.Separator                                         : loaded 3 times (x 79B)
Class com.google.common.collect.AbstractMapBasedMultimap$KeySet$1                     : loaded 3 times (x 82B)
Class jdk.internal.jimage.ImageBufferCache$1                                          : loaded 3 times (x 83B)
Class kotlin.coroutines.jvm.internal.CoroutineStackFrame                              : loaded 3 times (x 70B)
Class io.opentelemetry.api.trace.DefaultTracerProvider                                : loaded 3 times (x 79B)
Class jdk.internal.jimage.ImageLocation                                               : loaded 3 times (x 90B)
Class jdk.internal.jrtfs.JrtDirectoryStream$1                                         : loaded 3 times (x 83B)
Class com.google.common.collect.ListMultimap                                          : loaded 3 times (x 70B)
Class com.google.common.collect.ForwardingObject                                      : loaded 3 times (x 72B)
Class kotlin.text.CharsKt                                                             : loaded 3 times (x 71B)
Class com.android.utils.StringHelper                                                  : loaded 3 times (x 71B)
Class kotlin.text.StringsKt__AppendableKt                                             : loaded 3 times (x 71B)
Class com.google.common.collect.ImmutableEnumMap                                      : loaded 3 times (x 126B)
Class com.google.common.io.ByteSource                                                 : loaded 3 times (x 84B)
Class kotlin.reflect.KCallable                                                        : loaded 3 times (x 70B)
Class kotlin.io.FilesKt__FilePathComponentsKt                                         : loaded 3 times (x 71B)
Class kotlin.collections.CollectionsKt                                                : loaded 3 times (x 71B)
Class com.google.common.collect.MapMakerInternalMap$1                                 : loaded 3 times (x 83B)
Class kotlin.collections.CollectionsKt__MutableCollectionsKt                          : loaded 3 times (x 71B)
Class kotlin.ranges.IntProgressionIterator                                            : loaded 3 times (x 82B)
Class com.google.common.collect.AbstractMultimap                                      : loaded 3 times (x 123B)
Class com.google.common.collect.Sets$ImprovedAbstractSet                              : loaded 3 times (x 135B)
Class com.intellij.gradle.toolingExtension.util.GradleVersionUtil                     : loaded 3 times (x 71B)
Class kotlin.sequences.TransformingSequence$iterator$1                                : loaded 3 times (x 79B)
Class kotlin.Pair                                                                     : loaded 3 times (x 72B)
Class com.google.common.collect.AbstractMapEntry                                      : loaded 3 times (x 81B)
Class com.google.common.collect.HashBiMap$BiEntry                                     : loaded 3 times (x 83B)
Class kotlin.coroutines.jvm.internal.DebugProbesKt                                    : loaded 3 times (x 71B)
Class com.google.common.collect.SingletonImmutableBiMap                               : loaded 3 times (x 143B)
Class com.google.common.base.Ascii                                                    : loaded 3 times (x 71B)
Class jdk.internal.jrtfs.JrtFileSystemProvider                                        : loaded 3 times (x 101B)
Class kotlin.coroutines.CoroutineContext                                              : loaded 3 times (x 70B)
Class kotlin.Result                                                                   : loaded 3 times (x 72B)
Class [Lorg.objectweb.asm.Type;                                                       : loaded 3 times (x 69B)
Class com.google.common.collect.Platform                                              : loaded 3 times (x 71B)
Class com.google.gson.stream.JsonWriter                                               : loaded 3 times (x 98B)
Class kotlin.comparisons.ComparisonsKt___ComparisonsJvmKt                             : loaded 3 times (x 71B)
Class kotlin.collections.CollectionsKt__IteratorsJVMKt                                : loaded 3 times (x 71B)
Class com.google.common.base.MoreObjects                                              : loaded 3 times (x 71B)
Class io.opentelemetry.api.trace.DefaultTracer                                        : loaded 3 times (x 74B)
Class jdk.internal.jrtfs.SystemImage$2                                                : loaded 3 times (x 76B)
Class kotlin.enums.EnumEntriesList                                                    : loaded 3 times (x 223B)
Class kotlin.jvm.internal.FunctionBase                                                : loaded 3 times (x 70B)
Class kotlin.jvm.internal.FunctionReference                                           : loaded 3 times (x 122B)
Class com.google.common.collect.Iterators$EmptyModifiableIterator                     : loaded 3 times (x 86B)
Class [Lkotlin.coroutines.intrinsics.CoroutineSingletons;                             : loaded 3 times (x 69B)
Class com.google.common.base.Splitter$Strategy                                        : loaded 3 times (x 70B)
Class com.android.ide.common.gradle.Part                                              : loaded 3 times (x 77B)
Class kotlin.ranges.IntProgression                                                    : loaded 3 times (x 81B)
Class jdk.internal.jrtfs.SystemImage$1                                                : loaded 3 times (x 78B)
Class com.android.ide.common.gradle.Numeric                                           : loaded 3 times (x 77B)
Class kotlin.text.Regex$Companion                                                     : loaded 3 times (x 71B)
Class com.google.common.base.Splitter                                                 : loaded 3 times (x 72B)
Class com.google.common.collect.Sets$1                                                : loaded 3 times (x 139B)
Class com.google.common.collect.MapDifference                                         : loaded 3 times (x 70B)
Class kotlin.text.StringsKt__RegexExtensionsJVMKt                                     : loaded 3 times (x 71B)
Class com.google.common.base.Splitter$1                                               : loaded 3 times (x 77B)
Class kotlin.collections.ArraysKt___ArraysJvmKt                                       : loaded 3 times (x 71B)
Class kotlin.collections.CollectionsKt__CollectionsKt                                 : loaded 3 times (x 71B)
Class com.google.common.collect.TransformedIterator                                   : loaded 3 times (x 80B)
Class com.google.common.collect.Sets$4                                                : loaded 3 times (x 139B)
Class com.google.common.collect.MapMakerInternalMap$StrongValueEntry                  : loaded 3 times (x 70B)
Class com.google.common.collect.Sets$3                                                : loaded 3 times (x 139B)
Class com.google.common.collect.Lists$RandomAccessReverseList                         : loaded 3 times (x 200B)
Class com.google.common.base.AbstractIterator$State                                   : loaded 3 times (x 79B)
Class kotlin.collections.CollectionsKt___CollectionsKt$asSequence$$inlined$Sequence$1 : loaded 3 times (x 75B)
Class com.google.common.collect.MapMakerInternalMap$Strength$2                        : loaded 3 times (x 80B)
Class jdk.internal.jrtfs.SystemImage                                                  : loaded 3 times (x 74B)
Class com.google.common.collect.Sets$2                                                : loaded 3 times (x 139B)
Class kotlin.text.StringsKt__StringNumberConversionsJVMKt                             : loaded 3 times (x 71B)
Class kotlin.sequences.Sequence                                                       : loaded 3 times (x 70B)
Class kotlin.text.MatchResult                                                         : loaded 3 times (x 70B)
Class kotlin.sequences.SequenceScope                                                  : loaded 3 times (x 73B)
Class com.google.common.collect.MapMakerInternalMap$Strength$1                        : loaded 3 times (x 80B)
Class kotlin.reflect.jvm.internal.impl.load.java.lazy.descriptors.JvmPackageScope$$Lambda$0: loaded 2 times (x 76B)
Class kotlin.reflect.jvm.internal.impl.load.java.JavaClassFinder$$Util                : loaded 2 times (x 71B)
Class kotlin.reflect.jvm.internal.impl.metadata.ProtoBuf$VersionRequirementTable$1    : loaded 2 times (x 87B)
Class kotlin.reflect.jvm.internal.impl.protobuf.FieldSet$FieldDescriptorLite          : loaded 2 times (x 70B)
Class kotlin.reflect.jvm.internal.impl.types.checker.KotlinTypePreparator$Default     : loaded 2 times (x 73B)
Class org.codehaus.groovy.classgen.FinalVariableAnalyzer                              : loaded 2 times (x 213B)
Class org.apache.groovy.parser.antlr4.GroovyParser$LocalVariableDeclarationStmtAltContext: loaded 2 times (x 158B)
Class org.apache.groovy.parser.antlr4.GroovyParser$MapEntryListContext                : loaded 2 times (x 160B)
Class groovyjarjarantlr4.v4.runtime.atn.PlusBlockStartState                           : loaded 2 times (x 90B)
Class org.apache.groovy.parser.antlr4.GroovyParser$VariableInitializerContext         : loaded 2 times (x 157B)
Class org.codehaus.groovy.util.ManagedConcurrentMap                                   : loaded 2 times (x 83B)
Class groovy.lang.MetaClassImpl$3                                                     : loaded 2 times (x 78B)
Class kotlin.collections.builders.MapBuilder$EntryRef                                 : loaded 2 times (x 81B)
Class kotlin.reflect.jvm.internal.impl.descriptors.DeserializedDescriptor             : loaded 2 times (x 70B)
Class kotlin.reflect.jvm.internal.impl.serialization.deserialization.descriptors.DeserializedClassDescriptor$memberScopeHolder$1: loaded 2 times (x 125B)
Class kotlin.reflect.jvm.internal.impl.builtins.jvm.JavaToKotlinClassMap$PlatformMutabilityMapping: loaded 2 times (x 72B)
Class kotlin.reflect.jvm.internal.KProperty1Impl$$Lambda$0                            : loaded 2 times (x 76B)
Class it.unimi.dsi.fastutil.ints.IntSet                                               : loaded 2 times (x 70B)
Class it.unimi.dsi.fastutil.ints.IntIterable                                          : loaded 2 times (x 70B)
Class kotlin.reflect.jvm.internal.impl.load.java.lazy.types.JavaTypeAttributes        : loaded 2 times (x 77B)
Class [Lkotlin.reflect.jvm.internal.impl.load.java.typeEnhancement.MutabilityQualifier;: loaded 2 times (x 69B)
Class kotlin.reflect.jvm.internal.impl.descriptors.impl.ModuleAwareClassDescriptorKt  : loaded 2 times (x 71B)
Class kotlin.reflect.jvm.internal.impl.types.IntersectionTypeConstructor              : loaded 2 times (x 82B)
Class [Lcom.google.common.base.Function;                                              : loaded 2 times (x 69B)
Class com.google.common.collect.Maps$ViewCachingAbstractMap                           : loaded 2 times (x 125B)
Class com.android.builder.model.v2.models.BasicAndroidProject                         : loaded 2 times (x 70B)
Class com.google.gson.JsonArray                                                       : loaded 2 times (x 100B)
Class com.google.gson.FieldNamingStrategy                                             : loaded 2 times (x 70B)
Class com.amazon.ion.impl.SharedSymbolTable                                           : loaded 2 times (x 93B)
Class com.amazon.ion.impl.bin.IonRawBinaryWriter                                      : loaded 2 times (x 168B)
Class com.amazon.ion.SymbolToken                                                      : loaded 2 times (x 70B)
Class com.google.common.collect.NaturalOrdering                                       : loaded 2 times (x 115B)
Class org.gradle.tooling.ToolingModelContract                                         : loaded 2 times (x 70B)
Class [Lorg.gradle.api.internal.ClassPathProvider;                                    : loaded 2 times (x 69B)
Class org.gradle.api.internal.ClassPathProvider                                       : loaded 2 times (x 70B)
Class kotlin.reflect.jvm.internal.impl.load.java.structure.JavaTypeParameter          : loaded 2 times (x 70B)
Class com.google.common.base.CaseFormat$2                                             : loaded 2 times (x 83B)
Class kotlin.reflect.jvm.internal.impl.load.java.SpecialGenericSignatures$TypeSafeBarrierDescription: loaded 2 times (x 79B)
Class kotlin.reflect.jvm.internal.impl.types.model.TypeSystemCommonSuperTypesContext  : loaded 2 times (x 70B)
Class kotlin.reflect.jvm.internal.impl.load.java.lazy.descriptors.LazyJavaClassMemberScope$$Lambda$0: loaded 2 times (x 76B)
Class kotlin.reflect.jvm.internal.impl.load.java.structure.LightClassOriginKind       : loaded 2 times (x 79B)
Class kotlin.reflect.jvm.internal.impl.load.java.lazy.descriptors.LazyJavaPackageFragment$$Lambda$0: loaded 2 times (x 76B)
Class kotlin.reflect.jvm.internal.impl.serialization.SerializerExtensionProtocol      : loaded 2 times (x 72B)
Class kotlin.reflect.jvm.internal.impl.util.ArrayMap                                  : loaded 2 times (x 82B)
Class kotlin.reflect.jvm.internal.impl.builtins.KotlinBuiltIns                        : loaded 2 times (x 114B)
Class kotlin.reflect.jvm.internal.impl.descriptors.runtime.components.ReflectJavaClassFinder: loaded 2 times (x 77B)
Class groovyjarjarasm.asm.ModuleWriter                                                : loaded 2 times (x 82B)
Class org.codehaus.groovy.classgen.Verifier$SwapInitStatement$SwapInitInstruction     : loaded 2 times (x 73B)
Class groovyjarjarantlr4.v4.runtime.misc.IntegerStack                                 : loaded 2 times (x 72B)
Class groovyjarjarantlr4.v4.runtime.atn.ATNDeserializer$1                             : loaded 2 times (x 75B)
Class org.apache.groovy.parser.antlr4.GroovyParser$ClosureOrLambdaExpressionContext   : loaded 2 times (x 158B)
Class org.apache.groovy.parser.antlr4.GroovyParser$AnnotationContext                  : loaded 2 times (x 162B)
Class org.codehaus.groovy.ast.expr.NamedArgumentListExpression                        : loaded 2 times (x 131B)
Class org.apache.groovy.parser.antlr4.GroovyParser$CastExprAltContext                 : loaded 2 times (x 159B)
Class org.apache.groovy.parser.antlr4.GroovyParser$TypeNamePairContext                : loaded 2 times (x 158B)
Class org.codehaus.groovy.ast.CompileUnit                                             : loaded 2 times (x 111B)
Class org.codehaus.groovy.util.AbstractConcurrentMapBase$Segment                      : loaded 2 times (x 83B)
Class org.codehaus.groovy.ast.expr.BooleanExpression                                  : loaded 2 times (x 128B)
Class groovy.lang.MetaClassImpl$4                                                     : loaded 2 times (x 77B)
Class org.codehaus.groovy.util.SingleKeyHashMap                                       : loaded 2 times (x 84B)
Class org.codehaus.groovy.runtime.SocketGroovyMethods                                 : loaded 2 times (x 71B)
Class org.codehaus.groovy.reflection.stdclasses.CachedClosureClass                    : loaded 2 times (x 98B)
Class com.google.common.io.CharSource$ConcatenatedCharSource                          : loaded 2 times (x 86B)
Class kotlin.jvm.functions.Function20                                                 : loaded 2 times (x 70B)
Class kotlin.reflect.jvm.internal.KProperty1Impl$$Lambda$1                            : loaded 2 times (x 76B)
Class org.jetbrains.kotlin.cli.common.CompilerSystemProperties                        : loaded 2 times (x 80B)
Class com.google.common.base.CaseFormat$1                                             : loaded 2 times (x 83B)
Class com.google.protobuf.AbstractMessage                                             : loaded 2 times (x 164B)
Class org.gradle.api.internal.DefaultClassPathProvider                                : loaded 2 times (x 76B)
Class [Lorg.objectweb.asm.AnnotationVisitor;                                          : loaded 2 times (x 69B)
Class com.google.common.reflect.Types$ClassOwnership$1                                : loaded 2 times (x 80B)
Class com.google.common.util.concurrent.AbstractFuture$SafeAtomicHelper               : loaded 2 times (x 79B)
Class com.google.common.cache.LocalCache$LocalLoadingCache                            : loaded 2 times (x 134B)
Class com.amazon.ion.impl.lite.IonBoolLite                                            : loaded 2 times (x 179B)
Class org.gradle.internal.service.UnknownServiceException                             : loaded 2 times (x 83B)
Class com.android.tools.analytics.AnalyticsSettingsData                               : loaded 2 times (x 72B)
Class com.google.protobuf.UnsafeUtil$Android64MemoryAccessor                          : loaded 2 times (x 91B)
Class com.google.common.base.CaseFormat$3                                             : loaded 2 times (x 83B)
Class com.google.common.io.ByteArrayDataInput                                         : loaded 2 times (x 70B)
Class kotlin.reflect.jvm.internal.impl.descriptors.impl.FunctionDescriptorImpl$CopyConfiguration: loaded 2 times (x 137B)
Class kotlin.reflect.jvm.internal.impl.load.java.descriptors.JavaMethodDescriptor     : loaded 2 times (x 209B)
Class kotlin.reflect.jvm.internal.impl.types.TypeSubstitution$Companion               : loaded 2 times (x 71B)
Class kotlin.reflect.jvm.internal.impl.serialization.deserialization.ProtoBasedClassDataFinder: loaded 2 times (x 75B)
Class kotlin.reflect.jvm.internal.impl.metadata.ProtoBuf$Annotation$ArgumentOrBuilder : loaded 2 times (x 70B)
Class kotlin.reflect.jvm.internal.impl.load.java.lazy.descriptors.LazyJavaClassMemberScope$$Lambda$1: loaded 2 times (x 76B)
Class kotlin.reflect.jvm.internal.impl.resolve.scopes.DescriptorKindFilter            : loaded 2 times (x 72B)
Class [Lkotlin.reflect.jvm.internal.impl.metadata.jvm.JvmProtoBuf$StringTableTypes$Record$Operation;: loaded 2 times (x 69B)
Class kotlin.reflect.jvm.internal.impl.load.java.lazy.descriptors.LazyJavaPackageFragment$$Lambda$1: loaded 2 times (x 76B)
Class kotlin.reflect.jvm.internal.impl.load.java.lazy.descriptors.LazyJavaPackageScope: loaded 2 times (x 104B)
Class kotlin.reflect.jvm.internal.impl.load.java.lazy.descriptors.LazyJavaStaticScope : loaded 2 times (x 104B)
Class [Lkotlin.reflect.jvm.internal.impl.descriptors.deserialization.ClassDescriptorFactory;: loaded 2 times (x 69B)
Class [Lkotlin.reflect.jvm.internal.impl.descriptors.ClassKind;                       : loaded 2 times (x 69B)
Class kotlin.reflect.jvm.internal.impl.descriptors.PackageViewDescriptor              : loaded 2 times (x 70B)
Class kotlin.reflect.jvm.internal.impl.load.java.lazy.TypeParameterResolver$EMPTY     : loaded 2 times (x 74B)
Class kotlin.reflect.jvm.internal.impl.types.KotlinType                               : loaded 2 times (x 82B)
Class org.codehaus.groovy.classgen.Verifier$SwapInitStatement                         : loaded 2 times (x 112B)
Class groovyjarjarantlr4.v4.runtime.misc.Utils                                        : loaded 2 times (x 71B)
Class groovyjarjarantlr4.v4.runtime.atn.ATNDeserializer$2                             : loaded 2 times (x 75B)
Class groovy.lang.MetaClassImpl$5                                                     : loaded 2 times (x 78B)
Class com.google.common.collect.ComparatorOrdering                                    : loaded 2 times (x 115B)
Class org.jetbrains.kotlin.config.JvmDefaultMode                                      : loaded 2 times (x 79B)
Class it.unimi.dsi.fastutil.longs.LongIterable                                        : loaded 2 times (x 70B)
Class kotlin.jvm.functions.Function21                                                 : loaded 2 times (x 70B)
Class kotlin.reflect.jvm.internal.impl.name.ClassId                                   : loaded 2 times (x 72B)
Class com.intellij.gradle.toolingExtension.impl.model.buildScriptClasspathModel.GradleBuildScriptClasspathSerializationService$ReadContext: loaded 2 times (x 72B)
Class com.google.common.reflect.Types$ClassOwnership$2                                : loaded 2 times (x 80B)
Class com.google.common.reflect.TypeResolver                                          : loaded 2 times (x 72B)
Class org.objectweb.asm.ModuleVisitor                                                 : loaded 2 times (x 81B)
Class com.google.common.cache.LocalCache$Strength$1                                   : loaded 2 times (x 81B)
Class settings_682c7jvtne6sv3lbqu2di0t4e$_run_closure1$_closure2                      : loaded 2 times (x 139B)
Class org.jetbrains.kotlin.idea.gradleTooling.model.kapt.KaptGradleModel              : loaded 2 times (x 70B)
Class org.jetbrains.kotlin.idea.gradleTooling.KotlinDslScriptAdditionalTask           : loaded 2 times (x 70B)
Class org.jetbrains.plugins.gradle.model.ClasspathEntryModel                          : loaded 2 times (x 70B)
Class com.google.common.collect.AbstractMapBasedMultimap$SortedKeySet                 : loaded 2 times (x 223B)
Class com.google.protobuf.Utf8$UnpairedSurrogateException                             : loaded 2 times (x 82B)
Class com.google.protobuf.ExtensionRegistry                                           : loaded 2 times (x 87B)
Class com.google.common.base.CaseFormat$4                                             : loaded 2 times (x 83B)
Class kotlin.reflect.jvm.internal.impl.utils.SmartSet$ArrayIterator                   : loaded 2 times (x 81B)
Class kotlin.reflect.jvm.internal.impl.types.RawType                                  : loaded 2 times (x 70B)
Class kotlin.reflect.jvm.internal.impl.load.java.lazy.descriptors.LazyJavaClassMemberScope$$Lambda$2: loaded 2 times (x 76B)
Class kotlin.reflect.jvm.internal.impl.metadata.jvm.deserialization.BitEncoding       : loaded 2 times (x 71B)
Class kotlin.reflect.jvm.internal.impl.load.java.lazy.descriptors.LazyJavaPackageFragment$$Lambda$2: loaded 2 times (x 76B)
Class kotlin.reflect.jvm.internal.impl.serialization.deserialization.ErrorReporter$1  : loaded 2 times (x 75B)
Class kotlin.reflect.jvm.internal.impl.protobuf.Internal$EnumLiteMap                  : loaded 2 times (x 70B)
Class kotlin.reflect.jvm.internal.impl.metadata.ProtoBuf$Constructor$1                : loaded 2 times (x 87B)
Class kotlin.reflect.jvm.internal.impl.protobuf.GeneratedMessageLite                  : loaded 2 times (x 95B)
Class kotlin.reflect.jvm.internal.impl.renderer.ExcludedTypeAnnotations               : loaded 2 times (x 71B)
Class kotlin.reflect.jvm.internal.impl.serialization.deserialization.DeserializationConfiguration$Default: loaded 2 times (x 80B)
Class kotlin.reflect.jvm.internal.impl.load.kotlin.JavaClassDataFinder                : loaded 2 times (x 75B)
Class kotlin.reflect.jvm.internal.impl.load.java.JavaTypeEnhancementState             : loaded 2 times (x 72B)
Class kotlin.reflect.jvm.internal.impl.descriptors.impl.DeclarationDescriptorImpl     : loaded 2 times (x 88B)
Class [Lkotlin.reflect.jvm.internal.impl.storage.LockBasedStorageManager$NotValue;    : loaded 2 times (x 69B)
Class kotlin.reflect.jvm.internal.impl.descriptors.ModuleDescriptor                   : loaded 2 times (x 70B)
Class org.codehaus.groovy.classgen.asm.BytecodeHelper$PrimitiveTypeHandler            : loaded 2 times (x 79B)
Class org.codehaus.groovy.classgen.asm.MethodCaller                                   : loaded 2 times (x 75B)
Class org.apache.groovy.parser.antlr4.GroovyParser$FormalParametersContext            : loaded 2 times (x 159B)
Class groovyjarjarantlr4.v4.runtime.atn.ATNDeserializer$3                             : loaded 2 times (x 71B)
Class org.apache.groovy.parser.antlr4.GroovyParser$VariableDeclaratorContext          : loaded 2 times (x 161B)
Class [Lorg.codehaus.groovy.control.CompilePhase;                                     : loaded 2 times (x 69B)
Class org.codehaus.groovy.util.SingleKeyHashMap$Entry                                 : loaded 2 times (x 75B)
Class groovy.lang.MetaClassImpl$6                                                     : loaded 2 times (x 77B)
Class org.codehaus.groovy.runtime.metaclass.MethodMetaProperty$GetMethodMetaProperty  : loaded 2 times (x 78B)
Class org.codehaus.groovy.runtime.RangeInfo                                           : loaded 2 times (x 71B)
Class org.codehaus.groovy.runtime.dgmimpl.arrays.BooleanArrayPutAtMetaMethod          : loaded 2 times (x 97B)
Class org.codehaus.groovy.runtime.dgmimpl.NumberNumberDiv                             : loaded 2 times (x 114B)
Class org.codehaus.groovy.reflection.stdclasses.CharacterCachedClass                  : loaded 2 times (x 95B)
Class org.codehaus.groovy.reflection.stdclasses.NumberCachedClass                     : loaded 2 times (x 95B)
Class kotlin.collections.builders.MapBuilderEntries                                   : loaded 2 times (x 145B)
Class kotlin.annotation.AnnotationRetention                                           : loaded 2 times (x 79B)
Class [Lcom.android.resources.ResourceType;                                           : loaded 2 times (x 69B)
Class kotlin.collections.MapWithDefault                                               : loaded 2 times (x 70B)
Class kotlin.jvm.functions.Function22                                                 : loaded 2 times (x 70B)
Class it.unimi.dsi.fastutil.objects.ObjectSpliterator                                 : loaded 2 times (x 70B)
Class kotlin.coroutines.jvm.internal.SuspendLambda                                    : loaded 2 times (x 91B)
Class kotlin.coroutines.jvm.internal.ContinuationImpl                                 : loaded 2 times (x 87B)
Class com.google.common.reflect.Types$ClassOwnership$3                                : loaded 2 times (x 71B)
Class com.google.common.collect.Collections2$FilteredCollection                       : loaded 2 times (x 119B)
Class com.google.common.util.concurrent.SettableFuture                                : loaded 2 times (x 114B)
Class com.google.common.cache.LocalCache$Strength$2                                   : loaded 2 times (x 81B)
Class com.amazon.ion.IonTimestamp                                                     : loaded 2 times (x 70B)
Class com.amazon.ion.impl.bin.PooledBlockAllocatorProvider$PooledBlockAllocator       : loaded 2 times (x 81B)
Class com.intellij.platform.diagnostic.telemetry.rt.context.TelemetryContextGetter    : loaded 2 times (x 75B)
Class org.jetbrains.plugins.gradle.tooling.serialization.GradleExtensionsSerializationService: loaded 2 times (x 77B)
Class org.gradle.api.JavaVersion                                                      : loaded 2 times (x 79B)
Class org.gradle.tooling.model.Dependency                                             : loaded 2 times (x 70B)
Class jdk.internal.jrtfs.JrtFileStore                                                 : loaded 2 times (x 83B)
Class com.google.protobuf.InvalidProtocolBufferException$InvalidWireTypeException     : loaded 2 times (x 88B)
Class com.google.protobuf.Internal$BooleanList                                        : loaded 2 times (x 70B)
Class com.google.protobuf.Internal$FloatList                                          : loaded 2 times (x 70B)
Class com.google.protobuf.MessageLiteOrBuilder                                        : loaded 2 times (x 70B)
Class com.google.common.base.CaseFormat$5                                             : loaded 2 times (x 83B)
Class com.google.common.io.ByteStreams                                                : loaded 2 times (x 71B)
Class kotlin.reflect.jvm.internal.calls.Caller                                        : loaded 2 times (x 70B)
Class kotlin.reflect.jvm.internal.impl.metadata.jvm.deserialization.JvmMemberSignature$Field: loaded 2 times (x 73B)
Class kotlin.reflect.jvm.internal.impl.types.NullableSimpleType                       : loaded 2 times (x 95B)
Class kotlin.reflect.jvm.internal.impl.load.java.JavaDescriptorVisibilities$1         : loaded 2 times (x 76B)
Class kotlin.reflect.jvm.internal.impl.resolve.scopes.receivers.ThisClassReceiver     : loaded 2 times (x 70B)
Class [Lkotlin.reflect.jvm.internal.impl.load.java.typeEnhancement.TypeComponentPosition;: loaded 2 times (x 69B)
Class kotlin.reflect.jvm.internal.impl.load.java.components.JavaAnnotationMapper      : loaded 2 times (x 71B)
Class kotlin.reflect.jvm.internal.impl.load.java.lazy.descriptors.LazyJavaClassMemberScope$$Lambda$3: loaded 2 times (x 76B)
Class kotlin.reflect.jvm.internal.impl.serialization.deserialization.MemberDeserializer: loaded 2 times (x 72B)
Class kotlin.reflect.jvm.internal.impl.serialization.deserialization.ClassDeserializer: loaded 2 times (x 72B)
Class kotlin.reflect.jvm.internal.impl.types.KotlinTypeFactory$EMPTY_REFINED_TYPE_FACTORY$1: loaded 2 times (x 74B)
Class kotlin.reflect.jvm.internal.impl.utils.WrappedValues                            : loaded 2 times (x 71B)
Class kotlin.reflect.jvm.internal.impl.descriptors.ModuleCapability                   : loaded 2 times (x 72B)
Class kotlin.reflect.jvm.internal.impl.storage.LockBasedStorageManager$ExceptionHandlingStrategy: loaded 2 times (x 70B)
Class [Lgroovyjarjarasm.asm.Symbol;                                                   : loaded 2 times (x 69B)
Class org.apache.groovy.parser.antlr4.GroovyParser$ElementValuesContext               : loaded 2 times (x 158B)
Class groovyjarjarantlr4.v4.runtime.atn.AbstractPredicateTransition                   : loaded 2 times (x 76B)
Class groovy.grape.GrapeEngine                                                        : loaded 2 times (x 70B)
Class org.codehaus.groovy.transform.ErrorCollecting                                   : loaded 2 times (x 70B)
Class groovy.lang.MetaClassImpl$7                                                     : loaded 2 times (x 77B)
Class org.codehaus.groovy.reflection.GeneratedMetaMethod                              : loaded 2 times (x 96B)
Class org.codehaus.groovy.GroovyBugError                                              : loaded 2 times (x 84B)
Class org.codehaus.groovy.reflection.GroovyClassValue                                 : loaded 2 times (x 70B)
Class com.amazon.ion.impl._Private_IonContainer                                       : loaded 2 times (x 70B)
Class org.objectweb.asm.Handle                                                        : loaded 2 times (x 72B)
Class it.unimi.dsi.fastutil.ints.IntIterator                                          : loaded 2 times (x 70B)
Class com.intellij.openapi.util.Pair                                                  : loaded 2 times (x 72B)
Class kotlin.reflect.KTypeParameter                                                   : loaded 2 times (x 70B)
Class com.android.tools.lint.model.LintModelModuleLibrary                             : loaded 2 times (x 70B)
Class [Lcom.android.tools.lint.model.LintModelNamespacingMode;                        : loaded 2 times (x 69B)
Class com.android.tools.lint.model.LintModelSerialization$TargetFile                  : loaded 2 times (x 79B)
Class com.google.gson.FieldNamingPolicy                                               : loaded 2 times (x 83B)
Class com.google.gson.FormattingStyle                                                 : loaded 2 times (x 78B)
Class com.google.gson.internal.bind.TypeAdapters                                      : loaded 2 times (x 71B)
Class org.objectweb.asm.AnnotationVisitor                                             : loaded 2 times (x 78B)
Class com.google.common.collect.ImmutableSet$SerializedForm                           : loaded 2 times (x 73B)
Class com.google.common.collect.Interners$InternerImpl                                : loaded 2 times (x 75B)
Class com.google.common.collect.Interner                                              : loaded 2 times (x 70B)
Class [Lcom.google.common.collect.Maps$EntryFunction;                                 : loaded 2 times (x 69B)
Class com.android.builder.model.v2.ide.AbstractArtifact                               : loaded 2 times (x 70B)
Class com.google.common.cache.LocalCache$Strength$3                                   : loaded 2 times (x 81B)
Class com.amazon.ion.IonDatagram                                                      : loaded 2 times (x 70B)
Class com.amazon.ion.impl.bin.IonManagedBinaryWriter$ImportedSymbolResolverMode$1$1   : loaded 2 times (x 78B)
Class com.amazon.ion.impl._Private_ByteTransferSink                                   : loaded 2 times (x 70B)
Class com.intellij.openapi.externalSystem.model.project.dependencies.ResolutionState  : loaded 2 times (x 79B)
Class com.google.common.collect.ComparisonChain$1                                     : loaded 2 times (x 81B)
Class com.google.common.collect.AllEqualOrdering                                      : loaded 2 times (x 114B)
Class jdk.internal.jimage.ImageReader$LinkNode                                        : loaded 2 times (x 84B)
Class kotlin.reflect.jvm.internal.impl.descriptors.runtime.structure.ReflectJavaTypeParameter: loaded 2 times (x 90B)
Class kotlin.reflect.jvm.internal.impl.types.TypeCheckerState                         : loaded 2 times (x 76B)
Class kotlin.reflect.jvm.internal.impl.load.java.JavaDescriptorVisibilities$2         : loaded 2 times (x 76B)
Class kotlin.reflect.jvm.internal.impl.types.IndexedParametersSubstitution            : loaded 2 times (x 78B)
Class kotlin.reflect.jvm.internal.impl.descriptors.impl.AbstractReceiverParameterDescriptor: loaded 2 times (x 139B)
Class kotlin.reflect.jvm.internal.impl.load.java.typeEnhancement.AbstractSignatureParts$TypeAndDefaultQualifiers: loaded 2 times (x 72B)
Class kotlin.reflect.jvm.internal.impl.load.java.lazy.descriptors.LazyJavaClassMemberScope$$Lambda$4: loaded 2 times (x 76B)
Class kotlin.reflect.jvm.internal.impl.load.java.structure.JavaClass                  : loaded 2 times (x 70B)
Class kotlin.reflect.jvm.internal.impl.descriptors.DescriptorVisibility               : loaded 2 times (x 75B)
Class kotlin.reflect.jvm.internal.impl.descriptors.Modality$Companion                 : loaded 2 times (x 71B)
Class kotlin.reflect.jvm.internal.impl.types.TypeAttributeTranslator                  : loaded 2 times (x 70B)
Class kotlin.reflect.jvm.internal.impl.load.kotlin.DeserializedDescriptorResolver$Companion: loaded 2 times (x 71B)
Class groovy.transform.stc.IncorrectTypeHintException                                 : loaded 2 times (x 97B)
Class org.codehaus.groovy.classgen.ReturnAdder$ReturnStatementListener                : loaded 2 times (x 70B)
Class org.apache.groovy.parser.antlr4.GroovyParser$ResourcesContext                   : loaded 2 times (x 161B)
Class org.apache.groovy.parser.antlr4.AbstractParser                                  : loaded 2 times (x 179B)
Class org.apache.groovy.parser.antlr4.GroovyParser$VariableModifierContext            : loaded 2 times (x 166B)
Class org.codehaus.groovy.ast.expr.GStringExpression                                  : loaded 2 times (x 134B)
Class org.apache.groovy.parser.antlr4.AstBuilder                                      : loaded 2 times (x 649B)
Class org.codehaus.groovy.runtime.wrappers.PojoWrapper                                : loaded 2 times (x 88B)
Class org.codehaus.groovy.control.messages.SyntaxErrorMessage                         : loaded 2 times (x 74B)
Class org.codehaus.groovy.util.AbstractConcurrentMap                                  : loaded 2 times (x 82B)
Class org.codehaus.groovy.runtime.metaclass.MetaMethodIndex$EntryIterator             : loaded 2 times (x 70B)
Class groovy.lang.MetaClassImpl$8                                                     : loaded 2 times (x 77B)
Class org.codehaus.groovy.runtime.metaclass.MissingMethodExecutionFailed              : loaded 2 times (x 92B)
Class org.apache.groovy.util.SystemUtil                                               : loaded 2 times (x 71B)
Class com.google.common.collect.MapMakerInternalMap$WeakKeyStrongValueEntry$Helper    : loaded 2 times (x 79B)
Class kotlin.reflect.jvm.internal.impl.builtins.functions.FunctionTypeKind            : loaded 2 times (x 72B)
Class kotlin._Assertions                                                              : loaded 2 times (x 71B)
Class kotlin.jvm.internal.ArrayIteratorKt                                             : loaded 2 times (x 71B)
Class com.android.utils.Pair                                                          : loaded 2 times (x 72B)
Class com.google.common.collect.MapMaker$Dummy                                        : loaded 2 times (x 79B)
Class com.google.common.reflect.Invokable                                             : loaded 2 times (x 103B)
Class org.objectweb.asm.FieldWriter                                                   : loaded 2 times (x 78B)
Class com.google.common.cache.CacheBuilder$NullListener                               : loaded 2 times (x 82B)
Class com.google.gson.LongSerializationPolicy                                         : loaded 2 times (x 80B)
Class org.jetbrains.plugins.gradle.model.ExternalLibraryDependency                    : loaded 2 times (x 70B)
Class org.gradle.internal.classpath.TransformedClassPath                              : loaded 2 times (x 96B)
Class org.gradle.internal.classloader.InstrumentingClassLoader                        : loaded 2 times (x 70B)
Class [Lkotlin.reflect.KCallable;                                                     : loaded 2 times (x 69B)
Class build_bk8sz87gsp6ecxt9pmcs7plf3$_run_closure1$_closure4$_closure10              : loaded 2 times (x 139B)
Class com.google.protobuf.AbstractParser                                              : loaded 2 times (x 150B)
Class [Lkotlin.reflect.jvm.internal.impl.resolve.OverridingUtil$OverrideCompatibilityInfo$Result;: loaded 2 times (x 69B)
Class kotlin.reflect.jvm.internal.impl.load.java.JavaDescriptorVisibilities$3         : loaded 2 times (x 76B)
Class kotlin.reflect.jvm.internal.impl.metadata.ProtoBuf$QualifiedNameTable$QualifiedName: loaded 2 times (x 98B)
Class kotlin.reflect.jvm.internal.impl.load.java.lazy.descriptors.LazyJavaClassMemberScope$$Lambda$5: loaded 2 times (x 75B)
Class kotlin.reflect.jvm.internal.impl.load.java.lazy.LazyJavaAnnotations             : loaded 2 times (x 85B)
Class kotlin.reflect.jvm.internal.impl.descriptors.deserialization.ClassDescriptorFactory: loaded 2 times (x 70B)
Class kotlin.reflect.jvm.internal.impl.protobuf.GeneratedMessageLite$ExtendableMessage: loaded 2 times (x 101B)
Class [Lkotlin.reflect.jvm.internal.impl.renderer.AnnotationArgumentsRenderingPolicy; : loaded 2 times (x 69B)
Class kotlin.reflect.jvm.internal.impl.load.java.components.SignaturePropagator$1     : loaded 2 times (x 75B)
Class org.codehaus.groovy.classgen.asm.ClosureWriter$CorrectAccessedVariableVisitor   : loaded 2 times (x 187B)
Class groovyjarjarantlr4.v4.runtime.misc.ObjectEqualityComparator                     : loaded 2 times (x 77B)
Class org.apache.groovy.parser.antlr4.GroovyParser$ListPrmrAltContext                 : loaded 2 times (x 158B)
Class org.codehaus.groovy.ast.expr.SpreadMapExpression                                : loaded 2 times (x 128B)
Class org.apache.groovy.parser.antlr4.GroovyParser$ReturnTypeContext                  : loaded 2 times (x 158B)
Class org.codehaus.groovy.ast.decompiled.DecompiledClassNode                          : loaded 2 times (x 245B)
Class org.codehaus.groovy.control.CompilationUnit$IPrimaryClassNodeOperation          : loaded 2 times (x 70B)
Class org.codehaus.groovy.ast.expr.CastExpression                                     : loaded 2 times (x 133B)
Class groovy.lang.MetaClassImpl$9                                                     : loaded 2 times (x 77B)
Class org.codehaus.groovy.ast.FieldNode                                               : loaded 2 times (x 162B)
Class org.codehaus.groovy.vmplugin.VMPluginFactory                                    : loaded 2 times (x 71B)
Class groovy.lang.MetaObjectProtocol                                                  : loaded 2 times (x 70B)
Class groovy.lang.Writable                                                            : loaded 2 times (x 70B)
Class com.google.common.collect.Tables$AbstractCell                                   : loaded 2 times (x 81B)
Class kotlin.reflect.KProperty$Accessor                                               : loaded 2 times (x 70B)
Class [Lkotlin.annotation.AnnotationTarget;                                           : loaded 2 times (x 69B)
Class com.android.utils.PositionXmlParser                                             : loaded 2 times (x 71B)
Class kotlin.reflect.jvm.internal.KCallableImpl                                       : loaded 2 times (x 105B)
Class kotlin.reflect.jvm.internal.impl.builtins.functions.FunctionTypeKind$Function   : loaded 2 times (x 72B)
Class it.unimi.dsi.fastutil.longs.LongSet                                             : loaded 2 times (x 70B)
Class kotlin.reflect.jvm.internal.impl.name.StandardClassIds                          : loaded 2 times (x 71B)
Class kotlin.jvm.internal.AdaptedFunctionReference                                    : loaded 2 times (x 77B)
Class it.unimi.dsi.fastutil.objects.ReferenceCollection                               : loaded 2 times (x 70B)
Class com.android.tools.lint.model.DefaultLintModelArtifact                           : loaded 2 times (x 84B)
Class com.google.common.collect.Cut$BelowValue                                        : loaded 2 times (x 88B)
Class org.codehaus.groovy.ast.Parameter                                               : loaded 2 times (x 151B)
Class org.codehaus.groovy.runtime.dgmimpl.arrays.CharacterArrayGetAtMetaMethod        : loaded 2 times (x 97B)
Class com.google.common.reflect.Types$ParameterizedTypeImpl                           : loaded 2 times (x 81B)
Class com.google.common.collect.Maps$IteratorBasedAbstractMap$1                       : loaded 2 times (x 138B)
Class com.google.common.collect.ImmutableListMultimap                                 : loaded 2 times (x 176B)
Class com.google.common.cache.CacheLoader$FunctionToCacheLoader                       : loaded 2 times (x 75B)
Class com.amazon.ion.IonValue                                                         : loaded 2 times (x 70B)
Class org.codehaus.groovy.reflection.CachedField                                      : loaded 2 times (x 82B)
Class com.google.protobuf.UnsafeUtil$MemoryAccessor                                   : loaded 2 times (x 91B)
Class com.google.protobuf.GeneratedMessage$GeneratedExtension                         : loaded 2 times (x 87B)
Class kotlin.reflect.jvm.internal.impl.descriptors.impl.LazyClassReceiverParameterDescriptor: loaded 2 times (x 139B)
Class kotlin.reflect.jvm.internal.impl.metadata.ProtoBuf$QualifiedNameTable$QualifiedName$Kind$1: loaded 2 times (x 74B)
Class kotlin.reflect.jvm.internal.impl.serialization.deserialization.ClassDeserializer$ClassKey: loaded 2 times (x 72B)
Class kotlin.reflect.jvm.internal.impl.metadata.ProtoBuf$Type$1                       : loaded 2 times (x 87B)
Class kotlin.reflect.jvm.internal.impl.descriptors.PropertySetterDescriptor           : loaded 2 times (x 70B)
Class kotlin.reflect.jvm.internal.impl.descriptors.impl.VariableDescriptorWithInitializerImpl: loaded 2 times (x 148B)
Class kotlin.reflect.jvm.internal.impl.renderer.DescriptorRendererOptionsImpl         : loaded 2 times (x 92B)
Class kotlin.reflect.jvm.internal.impl.load.java.JavaClassesTracker$Default           : loaded 2 times (x 74B)
Class org.apache.groovy.parser.antlr4.GroovyParser$PathExpressionContext              : loaded 2 times (x 161B)
Class groovyjarjarantlr4.v4.runtime.CodePointBuffer$Builder                           : loaded 2 times (x 79B)
Class org.apache.groovy.parser.antlr4.GroovyParser$GstringValueContext                : loaded 2 times (x 158B)
Class org.apache.groovy.parser.antlr4.GroovyParser$ElementValueContext                : loaded 2 times (x 159B)
Class org.codehaus.groovy.ast.CompileUnit$ConstructedOuterNestedClassNode             : loaded 2 times (x 245B)
Class org.codehaus.groovy.runtime.metaclass.MetaMethodIndex$Entry                     : loaded 2 times (x 72B)
Class org.codehaus.groovy.runtime.metaclass.MethodMetaProperty$GetBeanMethodMetaProperty: loaded 2 times (x 78B)
Class org.codehaus.groovy.ast.expr.ConstantExpression                                 : loaded 2 times (x 134B)
Class kotlin.collections.builders.AbstractMapBuilderEntrySet                          : loaded 2 times (x 144B)
Class com.google.common.collect.ImmutableMapEntry$NonTerminalImmutableBiMapEntry      : loaded 2 times (x 85B)
Class groovy.lang.MetaClassImpl$2                                                     : loaded 2 times (x 96B)
Class org.codehaus.groovy.runtime.DefaultCachedMethodKey                              : loaded 2 times (x 79B)
Class org.jetbrains.kotlin.config.LanguageFeature                                     : loaded 2 times (x 80B)
Class kotlin.collections.builders.ListBuilder$Companion                               : loaded 2 times (x 71B)
Class kotlin.collections.builders.ListBuilder                                         : loaded 2 times (x 207B)
Class kotlin.reflect.jvm.internal.impl.name.FqNamesUtilKt                             : loaded 2 times (x 71B)
Class kotlin.reflect.jvm.internal.impl.name.StandardClassIdsKt                        : loaded 2 times (x 71B)
Class org.codehaus.groovy.control.ResolveVisitor$ConstructedClassWithPackage          : loaded 2 times (x 243B)
Class org.apache.groovy.parser.antlr4.GroovyParser$RegexExprAltContext                : loaded 2 times (x 163B)
Class com.google.common.reflect.TypeResolver$TypeVariableKey                          : loaded 2 times (x 72B)
Class com.google.common.collect.EmptyImmutableListMultimap                            : loaded 2 times (x 176B)
Class com.google.common.collect.BaseImmutableMultimap                                 : loaded 2 times (x 123B)
Class com.google.gson.internal.bind.DefaultDateTypeAdapter                            : loaded 2 times (x 74B)
Class com.google.gson.GsonBuilder                                                     : loaded 2 times (x 72B)
Class com.amazon.ion.impl.bin.IonRawBinaryWriter$ContainerType                        : loaded 2 times (x 79B)
Class com.amazon.ion.impl._Private_IonTextWriterBuilder$Mutable                       : loaded 2 times (x 102B)
Class org.apache.groovy.parser.antlr4.GroovyParser$TypeArgumentsOrDiamondContext      : loaded 2 times (x 159B)
Class kotlin.reflect.jvm.internal.impl.types.NotNullTypeParameter                     : loaded 2 times (x 70B)
Class kotlin.reflect.jvm.internal.impl.descriptors.Visibilities                       : loaded 2 times (x 71B)
Class kotlin.reflect.jvm.internal.impl.metadata.ProtoBuf$VersionRequirement$1         : loaded 2 times (x 87B)
Class kotlin.reflect.jvm.internal.impl.descriptors.java.JavaVisibilities$ProtectedStaticVisibility: loaded 2 times (x 75B)
Class kotlin.reflect.jvm.internal.impl.serialization.deserialization.descriptors.DeserializedClassDescriptor$DeserializedClassMemberScope$generateFakeOverrides$1: loaded 2 times (x 77B)
Class kotlin.reflect.jvm.internal.impl.serialization.deserialization.descriptors.DeserializedClassDescriptor$DeserializedClassTypeConstructor: loaded 2 times (x 97B)
Class kotlin.reflect.jvm.internal.impl.load.kotlin.header.ReadKotlinClassHeaderAnnotationVisitor$KotlinMetadataArgumentVisitor: loaded 2 times (x 86B)
Class kotlin.reflect.jvm.internal.impl.utils.SmartList                                : loaded 2 times (x 199B)
Class [Lkotlin.reflect.jvm.internal.impl.incremental.components.NoLookupLocation;     : loaded 2 times (x 69B)
Class org.codehaus.groovy.syntax.Token                                                : loaded 2 times (x 111B)
Class groovyjarjarantlr4.v4.runtime.atn.OrderedATNConfigSet                           : loaded 2 times (x 159B)
Class org.apache.groovy.parser.antlr4.Antlr4PluginFactory                             : loaded 2 times (x 72B)
Class org.codehaus.groovy.control.CompilerConfiguration                               : loaded 2 times (x 122B)
Class org.codehaus.groovy.ast.expr.ClosureExpression                                  : loaded 2 times (x 133B)
Class org.apache.groovy.parser.antlr4.GroovyParser$QualifiedNameElementContext        : loaded 2 times (x 161B)
Class org.apache.groovy.parser.antlr4.GroovyParser$QualifiedNameContext               : loaded 2 times (x 160B)
Class [Lorg.objectweb.asm.Attribute;                                                  : loaded 2 times (x 69B)
Class kotlin.reflect.KProperty0                                                       : loaded 2 times (x 70B)
Class org.apache.groovy.parser.antlr4.TryWithResourcesASTTransformation               : loaded 2 times (x 74B)
Class org.jetbrains.kotlin.config.LanguageOrApiVersion                                : loaded 2 times (x 70B)
Class it.unimi.dsi.fastutil.ints.IntCollection                                        : loaded 2 times (x 70B)
Class com.google.common.base.Splitter$5                                               : loaded 2 times (x 80B)
Class groovyjarjarantlr4.v4.runtime.misc.EqualityComparator                           : loaded 2 times (x 70B)
Class com.android.builder.model.v2.ide.TestInfo$Execution                             : loaded 2 times (x 79B)
Class com.google.gson.internal.Primitives                                             : loaded 2 times (x 71B)
Class org.jetbrains.kotlin.idea.gradleTooling.KotlinSourceSetContainer                : loaded 2 times (x 70B)
Class io.opentelemetry.context.ContextStorageWrappers                                 : loaded 2 times (x 71B)
Class io.opentelemetry.context.propagation.DefaultContextPropagators                  : loaded 2 times (x 75B)
Class org.jetbrains.plugins.gradle.model.IntelliJSettings                             : loaded 2 times (x 70B)
Class org.gradle.internal.service.ServiceLocator                                      : loaded 2 times (x 70B)
Class groovyjarjarantlr4.v4.runtime.tree.TerminalNodeImpl                             : loaded 2 times (x 108B)
Class org.codehaus.groovy.classgen.ClassGenerator                                     : loaded 2 times (x 214B)
Class kotlin.reflect.jvm.internal.impl.load.java.SpecialGenericSignatures$Companion$NameAndSignature: loaded 2 times (x 72B)
Class kotlin.reflect.jvm.internal.impl.descriptors.impl.ValueParameterDescriptorImpl  : loaded 2 times (x 169B)
Class kotlin.reflect.jvm.internal.impl.metadata.deserialization.NameResolverImpl      : loaded 2 times (x 77B)
Class kotlin.reflect.jvm.internal.impl.load.java.structure.JavaTypeParameterListOwner : loaded 2 times (x 70B)
Class kotlin.reflect.jvm.internal.impl.metadata.deserialization.VersionSpecificBehaviorKt: loaded 2 times (x 71B)
Class [Lkotlin.reflect.jvm.internal.impl.descriptors.impl.DeclarationDescriptorImpl;  : loaded 2 times (x 69B)
Class kotlin.reflect.jvm.internal.impl.metadata.jvm.JvmProtoBuf$JvmFieldSignature     : loaded 2 times (x 98B)
Class [Lkotlin.reflect.jvm.internal.impl.metadata.ProtoBuf$Annotation$Argument$Value$Type;: loaded 2 times (x 69B)
Class kotlin.reflect.jvm.internal.impl.protobuf.SmallSortedMap                        : loaded 2 times (x 129B)
Class kotlin.reflect.jvm.internal.impl.protobuf.LazyField                             : loaded 2 times (x 77B)
Class [Lkotlin.reflect.jvm.internal.impl.types.error.ErrorTypeKind;                   : loaded 2 times (x 69B)
Class kotlin.reflect.jvm.internal.impl.types.error.ErrorTypeKind                      : loaded 2 times (x 80B)
Class kotlin.reflect.jvm.internal.impl.storage.DefaultSimpleLock                      : loaded 2 times (x 78B)
Class groovyjarjarantlr4.v4.runtime.atn.RuleStartState                                : loaded 2 times (x 89B)
Class org.codehaus.groovy.vmplugin.v9.ClassFinder                                     : loaded 2 times (x 71B)
Class org.codehaus.groovy.ast.ImportNode                                              : loaded 2 times (x 130B)
Class groovy.transform.Internal                                                       : loaded 2 times (x 70B)
Class org.codehaus.groovy.runtime.metaclass.NewStaticMetaMethod                       : loaded 2 times (x 99B)
Class org.codehaus.groovy.runtime.ComposedClosure                                     : loaded 2 times (x 132B)
Class org.codehaus.groovy.runtime.CurriedClosure                                      : loaded 2 times (x 133B)
Class org.codehaus.groovy.classgen.AnnotationVisitor                                  : loaded 2 times (x 83B)
Class kotlin.reflect.jvm.internal.impl.types.UnwrappedType                            : loaded 2 times (x 85B)
Class kotlin.reflect.jvm.internal.impl.resolve.ExternalOverridabilityCondition        : loaded 2 times (x 70B)
Class kotlin.reflect.jvm.internal.impl.renderer.DescriptorRenderer                    : loaded 2 times (x 78B)
Class kotlin.reflect.jvm.internal.KProperty2Impl$$Lambda$0                            : loaded 2 times (x 76B)
Class kotlin.reflect.KClass                                                           : loaded 2 times (x 70B)
Class kotlin.reflect.KProperty1                                                       : loaded 2 times (x 70B)
Class kotlin.reflect.jvm.internal.impl.descriptors.impl.ModuleAwareClassDescriptor$Companion: loaded 2 times (x 71B)
Class com.android.tools.lint.model.LintModelModuleType                                : loaded 2 times (x 79B)
Class kotlin.reflect.jvm.internal.impl.metadata.ProtoBuf$TypeParameter$Variance$1     : loaded 2 times (x 74B)
Class [Lkotlin.Function;                                                              : loaded 2 times (x 69B)
Class kotlin.reflect.jvm.internal.impl.protobuf.ExtensionRegistryLite$ObjectIntPair   : loaded 2 times (x 72B)
Class com.google.common.cache.LocalCache$1                                            : loaded 2 times (x 89B)
Class com.google.gson.internal.bind.TypeAdapterRuntimeTypeWrapper                     : loaded 2 times (x 74B)
Class com.amazon.ion.impl.IonWriterSystem                                             : loaded 2 times (x 171B)
Class com.amazon.ion.impl.bin.Symbols$2                                               : loaded 2 times (x 107B)
Class com.amazon.ion.impl.bin._Private_IonManagedWriter                               : loaded 2 times (x 70B)
Class com.android.ide.gradle.model.GradlePropertiesModel                              : loaded 2 times (x 70B)
Class org.gradle.tooling.internal.adapter.ProtocolToModelAdapter$SupportedPropertyInvoker: loaded 2 times (x 76B)
Class org.gradle.tooling.model.UnsupportedMethodException                             : loaded 2 times (x 82B)
Class kotlin.reflect.jvm.internal.impl.load.java.lazy.ContextKt$$Lambda$0             : loaded 2 times (x 76B)
Class com.google.protobuf.UnsafeUtil$1                                                : loaded 2 times (x 76B)
Class com.google.common.io.CharSource$StringCharSource                                : loaded 2 times (x 86B)
Class com.google.common.io.ByteSource$ByteArrayByteSource                             : loaded 2 times (x 85B)
Class kotlin.reflect.jvm.internal.impl.serialization.deserialization.descriptors.DescriptorWithContainerSource: loaded 2 times (x 70B)
Class kotlin.reflect.jvm.internal.impl.metadata.ProtoBuf$Annotation$Argument$Value$Builder: loaded 2 times (x 92B)
Class kotlin.reflect.jvm.internal.impl.load.java.structure.JavaPrimitiveType          : loaded 2 times (x 70B)
Class kotlin.reflect.jvm.internal.impl.metadata.jvm.JvmProtoBuf$StringTableTypes      : loaded 2 times (x 98B)
Class kotlin.reflect.jvm.internal.impl.metadata.jvm.deserialization.JvmNameResolverBase$Companion: loaded 2 times (x 71B)
Class kotlin.reflect.jvm.internal.impl.descriptors.Visibilities$Inherited             : loaded 2 times (x 75B)
Class kotlin.reflect.jvm.internal.impl.load.java.NullabilityAnnotationStates$Companion: loaded 2 times (x 71B)
Class kotlin.reflect.jvm.internal.impl.load.kotlin.KotlinClassFinder                  : loaded 2 times (x 70B)
Class org.codehaus.groovy.classgen.asm.BinaryExpressionHelper                         : loaded 2 times (x 87B)
Class groovyjarjarasm.asm.SymbolTable$Entry                                           : loaded 2 times (x 74B)
Class org.apache.groovy.util.concurrent.concurrentlinkedhashmap.EvictionListener      : loaded 2 times (x 70B)
Class groovyjarjarantlr4.v4.runtime.atn.PredictionContext                             : loaded 2 times (x 84B)
Class org.apache.groovy.parser.antlr4.GroovyParser$VariableModifiersContext           : loaded 2 times (x 160B)
Class [Lgroovyjarjarantlr4.v4.runtime.CharStreams;                                    : loaded 2 times (x 69B)
Class org.apache.groovy.parser.antlr4.GroovyParser$QualifiedStandardClassNameContext  : loaded 2 times (x 161B)
Class org.apache.groovy.parser.antlr4.GroovyParser$ListContext                        : loaded 2 times (x 160B)
Class org.codehaus.groovy.ast.stmt.EmptyStatement                                     : loaded 2 times (x 110B)
Class org.codehaus.groovy.runtime.InvokerHelper$NullScript                            : loaded 2 times (x 95B)
Class org.codehaus.groovy.vmplugin.v9.Java9                                           : loaded 2 times (x 109B)
Class org.gradle.tooling.internal.gradle.DefaultProjectIdentifier                     : loaded 2 times (x 86B)
Class com.amazon.ion.IonWriter                                                        : loaded 2 times (x 70B)
Class kotlin.sequences.GeneratorSequence$iterator$1                                   : loaded 2 times (x 79B)
Class kotlin.reflect.jvm.internal.KProperty2Impl$$Lambda$1                            : loaded 2 times (x 76B)
Class kotlin.reflect.KProperty2                                                       : loaded 2 times (x 70B)
Class kotlin.io.CloseableKt                                                           : loaded 2 times (x 71B)
Class com.android.tools.lint.model.LintModelDependency                                : loaded 2 times (x 70B)
Class com.amazon.ion.impl.bin._Private_IonRawWriter                                   : loaded 2 times (x 70B)
Class com.google.common.collect.MapMakerInternalMap$AbstractStrongKeyEntry            : loaded 2 times (x 80B)
Class com.google.common.reflect.TypeToken$SimpleTypeToken                             : loaded 2 times (x 73B)
Class com.google.common.collect.AbstractSetMultimap                                   : loaded 2 times (x 174B)
Class com.android.builder.model.v2.ide.BytecodeTransformation                         : loaded 2 times (x 79B)
Class com.google.common.cache.LocalCache$2                                            : loaded 2 times (x 142B)
Class com.amazon.ion.impl.lite.IonContainerLite                                       : loaded 2 times (x 249B)
Class com.amazon.ion.IonBufferConfiguration$OversizedSymbolTableHandler               : loaded 2 times (x 70B)
Class com.amazon.ion.system.IonWriterBuilder                                          : loaded 2 times (x 74B)
Class org.jetbrains.plugins.gradle.tooling.serialization.ToolingStreamApiUtils        : loaded 2 times (x 71B)
Class com.amazon.ion.facet.Faceted                                                    : loaded 2 times (x 70B)
Class com.android.utils.DateProvider$1                                                : loaded 2 times (x 75B)
Class kotlin.reflect.jvm.internal.impl.resolve.DescriptorFactory                      : loaded 2 times (x 71B)
Class kotlin.reflect.jvm.internal.impl.metadata.ProtoBuf$Annotation$Argument$1        : loaded 2 times (x 87B)
Class kotlin.reflect.jvm.internal.impl.types.SimpleTypeImpl                           : loaded 2 times (x 92B)
Class kotlin.reflect.jvm.internal.impl.renderer.DescriptorRendererImpl                : loaded 2 times (x 99B)
Class kotlin.reflect.jvm.internal.impl.renderer.DescriptorRenderer$Companion          : loaded 2 times (x 71B)
Class kotlin.reflect.jvm.internal.impl.storage.LockBasedStorageManager$MapBasedMemoizedFunctionToNotNull: loaded 2 times (x 84B)
Class groovyjarjarantlr4.v4.runtime.BufferedTokenStream                               : loaded 2 times (x 126B)
Class org.apache.groovy.parser.antlr4.GroovyLangLexer$PositionAdjustingLexerATNSimulator: loaded 2 times (x 101B)
Class org.apache.groovy.parser.antlr4.GroovyParser$MultipleAssignmentExprAltContext   : loaded 2 times (x 162B)
Class org.apache.groovy.parser.antlr4.GroovyParser$InclusiveOrExprAltContext          : loaded 2 times (x 162B)
Class [Lorg.codehaus.groovy.reflection.CachedConstructor;                             : loaded 2 times (x 69B)
Class org.codehaus.groovy.ast.expr.Expression                                         : loaded 2 times (x 127B)
Class groovyjarjarasm.asm.Opcodes                                                     : loaded 2 times (x 70B)
Class org.codehaus.groovy.util.ManagedReference$1                                     : loaded 2 times (x 76B)
Class org.codehaus.groovy.util.ReferenceType                                          : loaded 2 times (x 80B)
Class com.google.common.collect.Tables$1                                              : loaded 2 times (x 84B)
Class com.android.ide.common.resources.DataItem                                       : loaded 2 times (x 90B)
Class [Lcom.android.resources.Density;                                                : loaded 2 times (x 69B)
Class it.unimi.dsi.fastutil.objects.Object2IntFunction                                : loaded 2 times (x 70B)
Class com.amazon.ion.impl.bin.IonRawBinaryWriter$PreallocationMode                    : loaded 2 times (x 82B)
Class [Lcom.android.resources.ResourceType$Kind;                                      : loaded 2 times (x 69B)
Class it.unimi.dsi.fastutil.ints.IntSpliterator                                       : loaded 2 times (x 70B)
Class kotlin.reflect.jvm.internal.impl.utils.CollectionsKt                            : loaded 2 times (x 71B)
Class kotlin.reflect.jvm.internal.CacheByClass                                        : loaded 2 times (x 73B)
Class kotlin.coroutines.CoroutineContext$Element                                      : loaded 2 times (x 70B)
Class com.amazon.ion.util.InputStreamInterceptor                                      : loaded 2 times (x 70B)
Class com.android.ide.common.gradle.Component                                         : loaded 2 times (x 72B)
Class com.amazon.ion.impl.lite.IonSystemLite                                          : loaded 2 times (x 275B)
Class com.android.builder.model.v2.models.AndroidDsl                                  : loaded 2 times (x 70B)
Class com.android.builder.model.v2.ide.CodeShrinker                                   : loaded 2 times (x 79B)
Class com.google.common.util.concurrent.AbstractFuture$UnsafeAtomicHelper$1           : loaded 2 times (x 76B)
Class com.google.gson.internal.bind.MapTypeAdapterFactory$Adapter                     : loaded 2 times (x 74B)
Class com.google.gson.internal.sql.SqlTimeTypeAdapter$1                               : loaded 2 times (x 75B)
Class com.amazon.ion.impl.bin.utf8.Poolable                                           : loaded 2 times (x 79B)
Class com.amazon.ion.IonSymbol                                                        : loaded 2 times (x 70B)
Class io.opentelemetry.api.trace.SpanContext                                          : loaded 2 times (x 70B)
Class io.opentelemetry.api.trace.DefaultTracer$NoopSpanBuilder                        : loaded 2 times (x 91B)
Class org.jetbrains.plugins.gradle.tooling.serialization.AnnotationProcessingModelSerializationService$WriteContext: loaded 2 times (x 72B)
Class kotlin.io.TerminateException                                                    : loaded 2 times (x 82B)
Class com.google.protobuf.Descriptors$FieldDescriptor                                 : loaded 2 times (x 88B)
Class kotlin.reflect.jvm.internal.impl.resolve.calls.inference.CapturedTypeConstructorImpl: loaded 2 times (x 85B)
Class [Lkotlin.reflect.jvm.internal.impl.descriptors.TypeParameterDescriptor;         : loaded 2 times (x 69B)
Class kotlin.reflect.jvm.internal.impl.types.model.TypeSystemInferenceExtensionContext: loaded 2 times (x 70B)
Class kotlin.reflect.jvm.internal.impl.serialization.deserialization.descriptors.DeserializedContainerAbiStability: loaded 2 times (x 79B)
Class [Lkotlin.reflect.jvm.internal.impl.metadata.ProtoBuf$Type$Argument$Projection;  : loaded 2 times (x 69B)
Class kotlin.reflect.jvm.internal.impl.descriptors.runtime.structure.ReflectJavaPackage: loaded 2 times (x 82B)
Class kotlin.reflect.jvm.internal.impl.serialization.deserialization.AnnotationAndConstantLoaderImpl: loaded 2 times (x 98B)
Class kotlin.reflect.jvm.internal.impl.metadata.ProtoBuf$Annotation$1                 : loaded 2 times (x 87B)
Class kotlin.reflect.jvm.internal.impl.resolve.scopes.MemberScope$Empty               : loaded 2 times (x 92B)
Class kotlin.reflect.jvm.internal.impl.descriptors.impl.ModuleDescriptorImpl$$Lambda$0: loaded 2 times (x 76B)
Class kotlin.reflect.jvm.internal.impl.storage.LockBasedStorageManager$LockBasedNotNullLazyValue: loaded 2 times (x 84B)
Class org.codehaus.groovy.ast.tools.WideningCategories                                : loaded 2 times (x 71B)
Class org.codehaus.groovy.control.StaticImportVisitor                                 : loaded 2 times (x 223B)
Class groovyjarjarantlr4.v4.runtime.misc.FlexibleHashMap                              : loaded 2 times (x 125B)
Class org.apache.groovy.parser.antlr4.GroovyParser$BreakStatementContext              : loaded 2 times (x 158B)
Class org.codehaus.groovy.ast.expr.TernaryExpression                                  : loaded 2 times (x 130B)
Class org.codehaus.groovy.runtime.callsite.AbstractCallSite                           : loaded 2 times (x 145B)
Class groovy.lang.MetaClassRegistryChangeEvent                                        : loaded 2 times (x 79B)
Class org.codehaus.groovy.vmplugin.v8.PluginDefaultGroovyMethods                      : loaded 2 times (x 71B)
Class com.google.common.collect.CollectSpliterators$1WithCharacteristics              : loaded 2 times (x 90B)
Class kotlin.collections.AbstractIterator                                             : loaded 2 times (x 83B)
Class kotlin.coroutines.ContinuationInterceptor                                       : loaded 2 times (x 70B)
Class org.jetbrains.kotlin.cli.common.messages.MessageCollector$Companion             : loaded 2 times (x 71B)
Class kotlin.io.LinesSequence$iterator$1                                              : loaded 2 times (x 79B)
Class org.objectweb.asm.tree.ClassNode                                                : loaded 2 times (x 91B)
Class com.android.io.CancellableFileIo                                                : loaded 2 times (x 71B)
Class com.google.common.base.Optional                                                 : loaded 2 times (x 80B)
Class com.google.common.util.concurrent.AbstractFuture$Trusted                        : loaded 2 times (x 70B)
Class org.jetbrains.kotlin.idea.gradleTooling.KotlinGradlePluginVersion               : loaded 2 times (x 70B)
Class com.intellij.compose.ide.plugin.gradleTooling.rt.ComposeResourcesModel          : loaded 2 times (x 70B)
Class com.intellij.gradle.toolingExtension.impl.util.collectionUtil.GradleCollections : loaded 2 times (x 71B)
Class com.amazon.ion.impl.lite.IonStructLite                                          : loaded 2 times (x 299B)
Class com.amazon.ion.impl._Private_ReaderWriter                                       : loaded 2 times (x 70B)
Class com.amazon.ion.impl.bin.AbstractSymbolTable                                     : loaded 2 times (x 107B)
Class com.amazon.ion.Decimal                                                          : loaded 2 times (x 133B)
Class com.amazon.ion.impl.bin._Private_IonManagedBinaryWriterBuilder$AllocatorMode$1  : loaded 2 times (x 80B)
Class org.jetbrains.plugins.gradle.tooling.serialization.ProjectDependenciesSerializationService$WriteContext: loaded 2 times (x 72B)
Class org.jetbrains.plugins.gradle.tooling.serialization.ProjectDependenciesSerializationService: loaded 2 times (x 77B)
Class org.gradle.tooling.internal.adapter.CollectionMapper                            : loaded 2 times (x 73B)
Class groovy.lang.MetaClassImpl$1                                                     : loaded 2 times (x 75B)
Class org.codehaus.groovy.control.CompilationFailedException                          : loaded 2 times (x 89B)
Class com.google.protobuf.Internal$EnumLite                                           : loaded 2 times (x 70B)
Class kotlin.reflect.jvm.internal.impl.descriptors.runtime.structure.ReflectJavaClass$$Lambda$0: loaded 2 times (x 75B)
Class kotlin.reflect.jvm.internal.impl.serialization.deserialization.AnnotatedCallableKind: loaded 2 times (x 79B)
Class kotlin.reflect.jvm.internal.KDeclarationContainerImpl$MemberBelonginess         : loaded 2 times (x 79B)
Class kotlin.reflect.jvm.internal.impl.serialization.deserialization.ProtoEnumFlagsUtilsKt: loaded 2 times (x 71B)
Class kotlin.reflect.jvm.internal.impl.resolve.scopes.receivers.ReceiverValue         : loaded 2 times (x 70B)
Class kotlin.reflect.jvm.internal.impl.descriptors.impl.ClassDescriptorImpl           : loaded 2 times (x 175B)
Class kotlin.reflect.jvm.internal.impl.descriptors.Modality                           : loaded 2 times (x 79B)
Class kotlin.reflect.jvm.internal.impl.descriptors.CallableMemberDescriptor           : loaded 2 times (x 70B)
Class kotlin.reflect.jvm.internal.impl.descriptors.Substitutable                      : loaded 2 times (x 70B)
Class kotlin.reflect.jvm.internal.impl.descriptors.impl.ModuleDescriptorImpl$$Lambda$1: loaded 2 times (x 76B)
Class kotlin.reflect.jvm.internal.impl.storage.LockBasedStorageManager$NotValue       : loaded 2 times (x 79B)
Class kotlin.reflect.jvm.internal.ModuleByClassLoaderKt                               : loaded 2 times (x 71B)
Class org.codehaus.groovy.transform.stc.StaticTypeCheckingSupport                     : loaded 2 times (x 71B)
Class org.codehaus.groovy.runtime.memoize.ConcurrentSoftCache                         : loaded 2 times (x 155B)
Class [Lorg.codehaus.groovy.ast.Parameter;                                            : loaded 2 times (x 69B)
Class org.apache.groovy.parser.antlr4.util.StringUtils$1                              : loaded 2 times (x 133B)
Class org.apache.groovy.parser.antlr4.GroovyParser$LiteralPrmrAltContext              : loaded 2 times (x 158B)
Class org.apache.groovy.parser.antlr4.GroovyParser$PowerExprAltContext                : loaded 2 times (x 161B)
Class groovy.security.GroovyCodeSourcePermission                                      : loaded 2 times (x 80B)
Class org.codehaus.groovy.ast.stmt.ThrowStatement                                     : loaded 2 times (x 112B)
Class groovy.lang.MetaArrayLengthProperty                                             : loaded 2 times (x 77B)
Class org.codehaus.groovy.runtime.EncodingGroovyMethods                               : loaded 2 times (x 71B)
Class org.codehaus.groovy.util.ComplexKeyHashMap$EntryIterator                        : loaded 2 times (x 70B)
Class com.android.resources.Density                                                   : loaded 2 times (x 92B)
Class kotlin.reflect.jvm.internal.KMutableProperty1Impl                               : loaded 2 times (x 135B)
Class kotlin.reflect.jvm.internal.impl.builtins.functions.FunctionTypeKind$SuspendFunction: loaded 2 times (x 72B)
Class kotlin.jvm.internal.PropertyReference2Impl                                      : loaded 2 times (x 127B)
Class kotlin.coroutines.ContinuationInterceptor$Key                                   : loaded 2 times (x 71B)
Class kotlin.text.DelimitedRangesSequence$iterator$1                                  : loaded 2 times (x 79B)
Class org.codehaus.groovy.runtime.GeneratedLambda                                     : loaded 2 times (x 70B)
Class it.unimi.dsi.fastutil.Function                                                  : loaded 2 times (x 70B)
Class com.android.tools.lint.model.DefaultLintModelLibraryResolver                    : loaded 2 times (x 76B)
Class org.apache.groovy.parser.antlr4.GroovyParser$AdditiveExprAltContext             : loaded 2 times (x 162B)
Class com.google.common.io.ByteSink$AsCharSink                                        : loaded 2 times (x 80B)
Class org.jetbrains.kotlin.tooling.core.KotlinToolingVersion                          : loaded 2 times (x 75B)
Class [Lcom.android.builder.model.v2.ide.LibraryType;                                 : loaded 2 times (x 69B)
Class com.android.builder.model.v2.ide.LibraryType                                    : loaded 2 times (x 79B)
Class com.google.common.util.concurrent.UncheckedExecutionException                   : loaded 2 times (x 82B)
Class com.google.gson.internal.bind.DefaultDateTypeAdapter$DateType                   : loaded 2 times (x 73B)
Class com.amazon.ion.impl.lite.IonFloatLite                                           : loaded 2 times (x 187B)
Class com.amazon.ion.impl._Private_IonTextWriterBuilder                               : loaded 2 times (x 102B)
Class com.amazon.ion.impl.bin._Private_IonManagedBinaryWriterBuilder$AllocatorMode$2  : loaded 2 times (x 80B)
Class com.google.common.collect.ExplicitOrdering                                      : loaded 2 times (x 115B)
Class kotlin.reflect.jvm.internal.impl.resolve.MemberComparator$NameAndTypeMemberComparator: loaded 2 times (x 91B)
Class kotlin.reflect.jvm.internal.impl.descriptors.runtime.structure.ReflectJavaClass$$Lambda$1: loaded 2 times (x 75B)
Class kotlin.reflect.jvm.internal.impl.descriptors.DescriptorUtilKt                   : loaded 2 times (x 71B)
Class [Lkotlin.reflect.jvm.internal.impl.types.TypeUsage;                             : loaded 2 times (x 69B)
Class kotlin.reflect.jvm.internal.impl.renderer.DescriptorRendererImpl$$Lambda$0      : loaded 2 times (x 76B)
Class kotlin.reflect.jvm.internal.impl.renderer.DescriptorRendererModifier            : loaded 2 times (x 79B)
Class kotlin.reflect.jvm.internal.impl.resolve.constants.ConstantValue                : loaded 2 times (x 74B)
Class kotlin.reflect.jvm.internal.impl.load.java.lazy.ModuleClassResolver             : loaded 2 times (x 70B)
Class kotlin.reflect.jvm.internal.impl.descriptors.annotations.Annotations            : loaded 2 times (x 70B)
Class kotlin.reflect.jvm.internal.impl.descriptors.annotations.Annotated              : loaded 2 times (x 70B)
Class org.codehaus.groovy.classgen.asm.AssertionWriter                                : loaded 2 times (x 77B)
Class org.codehaus.groovy.classgen.asm.WriterController                               : loaded 2 times (x 123B)
Class org.codehaus.groovy.classgen.BytecodeSequence                                   : loaded 2 times (x 112B)
Class org.apache.groovy.parser.antlr4.util.StringUtils$2                              : loaded 2 times (x 133B)
Class [Lgroovyjarjarantlr4.v4.runtime.atn.PredictionMode;                             : loaded 2 times (x 69B)
Class org.apache.groovy.parser.antlr4.GroovyParser$LabeledStmtAltContext              : loaded 2 times (x 161B)
Class org.apache.groovy.parser.antlr4.GroovyParser$StandardLambdaParametersContext    : loaded 2 times (x 158B)
Class org.apache.groovy.parser.antlr4.GroovyParser$IntegerLiteralAltContext           : loaded 2 times (x 158B)
Class org.apache.groovy.parser.antlr4.GroovyParser$DynamicMemberNameContext           : loaded 2 times (x 158B)
Class groovy.lang.MissingMethodException                                              : loaded 2 times (x 92B)
Class kotlin.collections.builders.MapBuilder$EntriesItr                               : loaded 2 times (x 81B)
Class kotlin.jvm.internal.Ref$IntRef                                                  : loaded 2 times (x 71B)
Class com.android.tools.lint.model.LintModelModuleLoader                              : loaded 2 times (x 70B)
Class com.google.gson.internal.bind.ReflectiveTypeAdapterFactory$1                    : loaded 2 times (x 74B)
Class org.jetbrains.plugins.gradle.ExternalDependencyId                               : loaded 2 times (x 70B)
Class com.amazon.ion.impl._Private_IonReaderBuilder                                   : loaded 2 times (x 97B)
Class com.amazon.ion.IonMutableCatalog                                                : loaded 2 times (x 70B)
Class gnu.trove.THash                                                                 : loaded 2 times (x 81B)
Class com.intellij.gradle.toolingExtension.impl.model.buildScriptClasspathModel.GradleBuildScriptClasspathSerializationService$WriteContext: loaded 2 times (x 72B)
Class org.gradle.tooling.internal.adapter.ProtocolToModelAdapter                      : loaded 2 times (x 80B)
Class org.gradle.internal.InternalTransformer                                         : loaded 2 times (x 70B)
Class groovyjarjarantlr4.v4.runtime.ANTLRErrorListener                                : loaded 2 times (x 70B)
Class org.codehaus.groovy.ast.expr.RangeExpression                                    : loaded 2 times (x 130B)
Class com.google.protobuf.UnsafeUtil$Android32MemoryAccessor                          : loaded 2 times (x 91B)
Class com.google.protobuf.Extension$ExtensionType                                     : loaded 2 times (x 79B)
Class com.google.protobuf.AbstractMessageLite$Builder$LimitedInputStream              : loaded 2 times (x 92B)
Class kotlin.reflect.jvm.internal.impl.resolve.scopes.receivers.AbstractReceiverValue : loaded 2 times (x 76B)
Class kotlin.reflect.jvm.internal.impl.resolve.scopes.StaticScopeForKotlinEnum$$Lambda$0: loaded 2 times (x 76B)
Class kotlin.reflect.jvm.internal.impl.load.java.descriptors.JavaCallableMemberDescriptor: loaded 2 times (x 70B)
Class kotlin.reflect.jvm.internal.impl.descriptors.runtime.structure.ReflectJavaClass$$Lambda$2: loaded 2 times (x 76B)
Class kotlin.reflect.jvm.internal.impl.metadata.jvm.JvmProtoBuf$JvmPropertySignature$Builder: loaded 2 times (x 92B)
Class kotlin.reflect.jvm.internal.impl.metadata.jvm.JvmProtoBuf$StringTableTypes$Record$Operation$1: loaded 2 times (x 74B)
Class kotlin.reflect.jvm.internal.impl.protobuf.AbstractMessageLite$Builder$LimitedInputStream: loaded 2 times (x 92B)
Class kotlin.reflect.jvm.internal.impl.load.java.lazy.types.JavaTypeResolver          : loaded 2 times (x 72B)
Class kotlin.reflect.jvm.internal.impl.descriptors.deserialization.AdditionalClassPartsProvider: loaded 2 times (x 70B)
Class kotlin.reflect.jvm.internal.impl.descriptors.runtime.components.RuntimeSourceElementFactory: loaded 2 times (x 74B)
Class [Lorg.codehaus.groovy.tools.GroovyClass;                                        : loaded 2 times (x 69B)
Class org.codehaus.groovy.transform.ASTTransformationCollectorCodeVisitor             : loaded 2 times (x 212B)
Class org.apache.groovy.parser.antlr4.util.StringUtils$3                              : loaded 2 times (x 133B)
Class org.apache.groovy.parser.antlr4.GroovyParser$ArrayInitializerContext            : loaded 2 times (x 161B)
Class groovyjarjarantlr4.v4.runtime.CommonTokenFactory                                : loaded 2 times (x 79B)
Class org.apache.groovy.parser.antlr4.GroovyParser$EnhancedArgumentListElementContext : loaded 2 times (x 159B)
Class org.apache.groovy.parser.antlr4.GroovyParser$GroovyParserRuleContext            : loaded 2 times (x 156B)
Class groovyjarjarantlr4.v4.runtime.tree.RuleNode                                     : loaded 2 times (x 70B)
Class org.codehaus.groovy.runtime.memoize.EvictableCache                              : loaded 2 times (x 70B)
Class org.codehaus.groovy.ast.stmt.ReturnStatement                                    : loaded 2 times (x 113B)
Class com.google.common.collect.ImmutableBiMap$Builder                                : loaded 2 times (x 82B)
Class kotlin.DeprecationLevel                                                         : loaded 2 times (x 79B)
Class kotlin.jvm.JvmStatic                                                            : loaded 2 times (x 70B)
Class it.unimi.dsi.fastutil.ints.IntArraySet                                          : loaded 2 times (x 235B)
Class kotlin.reflect.jvm.internal.ReflectionFactoryImpl                               : loaded 2 times (x 91B)
Class it.unimi.dsi.fastutil.ints.Int2ObjectFunction                                   : loaded 2 times (x 70B)
Class org.apache.groovy.parser.antlr4.GroovyParser$FloatingPointLiteralAltContext     : loaded 2 times (x 158B)
Class com.android.tools.lint.model.LintModelSourceProvider                            : loaded 2 times (x 70B)
Class org.apache.groovy.parser.antlr4.GroovyParser$ResourceContext                    : loaded 2 times (x 158B)
Class org.apache.groovy.parser.antlr4.GroovyParser$ElementValuePairNameContext        : loaded 2 times (x 158B)
Class [Lcom.android.prefs.VariableValue;                                              : loaded 2 times (x 69B)
Class kotlin.collections.ArraysKt___ArraysKt$asSequence$$inlined$Sequence$1           : loaded 2 times (x 75B)
Class com.android.tools.lint.model.PathVariables$Companion                            : loaded 2 times (x 71B)
Class groovyjarjarasm.asm.Symbol                                                      : loaded 2 times (x 73B)
Class com.android.manifmerger.ManifestMerger2$MergeFailureException                   : loaded 2 times (x 82B)
Class com.android.builder.model.v2.ide.AndroidGradlePluginProjectFlags$BooleanFlag    : loaded 2 times (x 79B)
Class org.objectweb.asm.ClassWriter                                                   : loaded 2 times (x 106B)
Class com.google.common.cache.CacheLoader$UnsupportedLoadingOperationException        : loaded 2 times (x 82B)
Class com.google.gson.internal.bind.ReflectiveTypeAdapterFactory$2                    : loaded 2 times (x 79B)
Class [Lio.opentelemetry.context.ThreadLocalContextStorage$NoopScope;                 : loaded 2 times (x 69B)
Class io.opentelemetry.context.ThreadLocalContextStorage$NoopScope                    : loaded 2 times (x 85B)
Class org.gradle.internal.time.DefaultTimer                                           : loaded 2 times (x 80B)
Class org.gradle.internal.classloader.ClasspathUtil$1                                 : loaded 2 times (x 76B)
Class org.codehaus.groovy.classgen.asm.BinaryBooleanExpressionHelper                  : loaded 2 times (x 98B)
Class groovyjarjarasm.asm.CurrentFrame                                                : loaded 2 times (x 73B)
Class kotlin.reflect.jvm.internal.impl.load.java.SpecialGenericSignatures$TypeSafeBarrierDescription$MAP_GET_OR_DEFAULT: loaded 2 times (x 79B)
Class kotlin.reflect.jvm.internal.impl.resolve.scopes.StaticScopeForKotlinEnum$$Lambda$1: loaded 2 times (x 76B)
Class kotlin.reflect.jvm.internal.impl.descriptors.runtime.structure.ReflectJavaType  : loaded 2 times (x 84B)
Class kotlin.reflect.jvm.internal.impl.descriptors.ParameterDescriptor                : loaded 2 times (x 70B)
Class kotlin.reflect.jvm.internal.impl.serialization.deserialization.ContractDeserializer: loaded 2 times (x 70B)
Class kotlin.reflect.jvm.internal.WeakClassLoaderBox                                  : loaded 2 times (x 72B)
Class org.apache.groovy.parser.antlr4.util.StringUtils$4                              : loaded 2 times (x 133B)
Class org.apache.groovy.parser.antlr4.GroovyParser$ResourceListContext                : loaded 2 times (x 160B)
Class org.apache.groovy.parser.antlr4.GroovyParser$ClassOrInterfaceModifiersContext   : loaded 2 times (x 160B)
Class org.apache.groovy.parser.antlr4.GroovyParser$VariableDeclaratorIdContext        : loaded 2 times (x 157B)
Class groovyjarjarasm.asm.ClassVisitor                                                : loaded 2 times (x 88B)
Class groovy.lang.MetaClassImpl$MethodIndexAction                                     : loaded 2 times (x 75B)
Class org.codehaus.groovy.runtime.GroovyCategorySupport$CategoryMethod                : loaded 2 times (x 103B)
Class org.codehaus.groovy.runtime.dgmimpl.arrays.DoubleArrayPutAtMetaMethod           : loaded 2 times (x 97B)
Class org.apache.groovy.ast.tools.AnnotatedNodeUtils                                  : loaded 2 times (x 71B)
Class org.codehaus.groovy.classgen.BytecodeExpression$1                               : loaded 2 times (x 128B)
Class kotlin.reflect.jvm.internal.impl.load.java.typeEnhancement.JavaTypeEnhancement  : loaded 2 times (x 72B)
Class kotlin.reflect.jvm.internal.impl.serialization.deserialization.ContractDeserializer$Companion$DEFAULT$1: loaded 2 times (x 74B)
Class kotlin.reflect.jvm.internal.impl.builtins.StandardNames$FqNames                 : loaded 2 times (x 71B)
Class kotlin.coroutines.ContinuationKt                                                : loaded 2 times (x 71B)
Class kotlin.collections.builders.ListBuilderKt                                       : loaded 2 times (x 71B)
Class com.android.tools.lint.model.LintModelDependencyGraph                           : loaded 2 times (x 70B)
Class kotlin.reflect.jvm.internal.impl.descriptors.Visibility                         : loaded 2 times (x 75B)
Class com.google.common.collect.FluentIterable$1                                      : loaded 2 times (x 81B)
Class org.objectweb.asm.FieldVisitor                                                  : loaded 2 times (x 77B)
Class com.google.gson.ToNumberStrategy                                                : loaded 2 times (x 70B)
Class com.amazon.ion.impl.bin.PooledBlockAllocatorProvider$PooledBlockAllocator$1     : loaded 2 times (x 79B)
Class com.amazon.ion.impl.lite.IonStringLite                                          : loaded 2 times (x 213B)
Class io.opentelemetry.context.ImplicitContextKeyed                                   : loaded 2 times (x 70B)
Class org.gradle.tooling.internal.adapter.ProtocolToModelAdapter$ViewKey              : loaded 2 times (x 72B)
Class org.gradle.api.internal.classpath.DefaultModuleRegistry$DefaultModule           : loaded 2 times (x 86B)
Class com.google.protobuf.CodedInputStream$IterableDirectByteBufferDecoder            : loaded 2 times (x 120B)
Class com.google.protobuf.Internal$DoubleList                                         : loaded 2 times (x 70B)
Class kotlin.reflect.jvm.internal.impl.types.TypeSubstitutor                          : loaded 2 times (x 79B)
Class kotlin.reflect.jvm.internal.impl.descriptors.impl.PropertyGetterDescriptorImpl  : loaded 2 times (x 193B)
Class kotlin.reflect.jvm.internal.impl.resolve.scopes.receivers.ImplicitReceiver      : loaded 2 times (x 70B)
Class kotlin.reflect.jvm.internal.impl.protobuf.SmallSortedMap$EntryIterator          : loaded 2 times (x 83B)
Class kotlin.reflect.jvm.internal.impl.serialization.deserialization.ProtoEnumFlags   : loaded 2 times (x 71B)
Class kotlin.reflect.jvm.internal.impl.descriptors.runtime.components.ReflectAnnotationSource: loaded 2 times (x 75B)
Class kotlin.reflect.jvm.internal.impl.storage.LockBasedStorageManager$KeyWithComputation: loaded 2 times (x 72B)
Class kotlin.reflect.jvm.internal.impl.metadata.ProtoBuf$Property                     : loaded 2 times (x 104B)
Class kotlin.reflect.jvm.internal.impl.types.TypeParameterErasureOptions              : loaded 2 times (x 71B)
Class kotlin.reflect.jvm.internal.impl.descriptors.SupertypeLoopChecker$EMPTY         : loaded 2 times (x 74B)
Class org.codehaus.groovy.control.InstanceOfVerifier                                  : loaded 2 times (x 211B)
Class org.codehaus.groovy.classgen.BytecodeExpression                                 : loaded 2 times (x 128B)
Class groovyjarjarantlr4.v4.runtime.atn.SemanticContext$Operator                      : loaded 2 times (x 74B)
Class groovyjarjarantlr4.v4.runtime.CharStream                                        : loaded 2 times (x 70B)
Class groovy.lang.Reference                                                           : loaded 2 times (x 86B)
Class org.codehaus.groovy.ast.PropertyNode                                            : loaded 2 times (x 155B)
Class org.apache.groovy.io.StringBuilderWriter                                        : loaded 2 times (x 100B)
Class org.codehaus.groovy.reflection.stdclasses.ObjectCachedClass                     : loaded 2 times (x 95B)
Class org.codehaus.groovy.ast.GroovyCodeVisitor                                       : loaded 2 times (x 70B)
Class kotlin.reflect.jvm.internal.impl.metadata.jvm.JvmProtoBuf$JvmFieldSignature$1   : loaded 2 times (x 87B)
Class com.google.common.collect.MapMakerInternalMap$WeakKeyStrongValueEntry           : loaded 2 times (x 90B)
Class kotlin.reflect.jvm.internal.ClassValueCache                                     : loaded 2 times (x 74B)
Class kotlin.reflect.jvm.internal.impl.builtins.jvm.JvmBuiltInClassDescriptorFactory$Companion: loaded 2 times (x 71B)
Class kotlin.reflect.jvm.internal.impl.load.kotlin.header.ReadKotlinClassHeaderAnnotationVisitor$KotlinMetadataArgumentVisitor$2: loaded 2 times (x 85B)
Class org.jetbrains.kotlin.name.ClassId                                               : loaded 2 times (x 72B)
Class com.android.tools.lint.model.DefaultLintModelDependencies                       : loaded 2 times (x 78B)
Class kotlin.reflect.jvm.internal.impl.metadata.jvm.deserialization.JvmNameResolverBase: loaded 2 times (x 80B)
Class com.google.common.reflect.Reflection                                            : loaded 2 times (x 71B)
Class com.google.common.collect.FluentIterable$2                                      : loaded 2 times (x 81B)
Class com.google.common.base.Absent                                                   : loaded 2 times (x 80B)
Class com.android.builder.model.v2.CustomSourceDirectory                              : loaded 2 times (x 70B)
Class com.amazon.ion.impl.bin.Block                                                   : loaded 2 times (x 79B)
Class io.opentelemetry.context.DefaultContextKey                                      : loaded 2 times (x 72B)
Class com.google.common.collect.NullsFirstOrdering                                    : loaded 2 times (x 115B)
Class org.gradle.tooling.internal.adapter.ProtocolToModelAdapter$PropertyCachingMethodInvoker: loaded 2 times (x 76B)
Class kotlin.reflect.jvm.internal.impl.types.TypeSubstitution                         : loaded 2 times (x 77B)
Class kotlin.reflect.jvm.internal.impl.metadata.ProtoBuf$Visibility                   : loaded 2 times (x 82B)
Class kotlin.reflect.jvm.internal.impl.builtins.jvm.JvmBuiltInClassDescriptorFactory  : loaded 2 times (x 77B)
Class kotlin.reflect.jvm.internal.impl.metadata.ProtoBuf$ConstructorOrBuilder         : loaded 2 times (x 70B)
Class kotlin.reflect.jvm.internal.impl.builtins.jvm.JvmBuiltInsCustomizer$$Lambda$0   : loaded 2 times (x 76B)
Class kotlin.reflect.jvm.internal.impl.load.java.typeEnhancement.SignatureEnhancement : loaded 2 times (x 72B)
Class kotlin.reflect.jvm.internal.impl.load.java.NullabilityAnnotationStatesImpl      : loaded 2 times (x 75B)
Class org.codehaus.groovy.classgen.asm.BinaryLongExpressionHelper                     : loaded 2 times (x 98B)
Class org.codehaus.groovy.ast.tools.GeneralUtils                                      : loaded 2 times (x 71B)
Class [Lgroovyjarjarantlr4.v4.runtime.atn.PredictionContext;                          : loaded 2 times (x 69B)
Class org.apache.groovy.parser.antlr4.GroovyParser$BreakStmtAltContext                : loaded 2 times (x 158B)
Class groovyjarjarantlr4.v4.runtime.atn.BlockStartState                               : loaded 2 times (x 90B)
Class org.apache.groovy.parser.antlr4.GroovyParser$CreatorContext                     : loaded 2 times (x 163B)
Class org.apache.groovy.parser.antlr4.GroovyParser$FinallyBlockContext                : loaded 2 times (x 159B)
Class org.apache.groovy.parser.antlr4.GroovyParser$BlockStatementsOptContext          : loaded 2 times (x 157B)
Class org.apache.groovy.parser.antlr4.GroovyParser$UnaryNotExprAltContext             : loaded 2 times (x 161B)
Class org.codehaus.groovy.control.CompilationUnit$ProgressCallback                    : loaded 2 times (x 70B)
Class org.codehaus.groovy.runtime.dgmimpl.arrays.BooleanArrayGetAtMetaMethod          : loaded 2 times (x 97B)
Class kotlin.reflect.jvm.internal.impl.metadata.jvm.JvmProtoBuf$StringTableTypes$Record$Operation: loaded 2 times (x 82B)
Class kotlin.reflect.jvm.internal.impl.load.java.typeEnhancement.SignatureParts       : loaded 2 times (x 91B)
Class kotlin.collections.IndexingIterable                                             : loaded 2 times (x 79B)
Class kotlin.reflect.jvm.internal.impl.types.checker.SimpleClassicTypeSystemContext   : loaded 2 times (x 185B)
Class com.android.utils.SdkUtils                                                      : loaded 2 times (x 71B)
Class kotlin.reflect.jvm.internal.impl.load.java.typeEnhancement.TypeComponentPosition: loaded 2 times (x 79B)
Class kotlin.reflect.jvm.internal.KProperty2Impl                                      : loaded 2 times (x 128B)
Class com.google.protobuf.Internal                                                    : loaded 2 times (x 71B)
Class org.gradle.api.internal.classpath.EffectiveClassPath                            : loaded 2 times (x 90B)
Class com.google.common.collect.Ordering                                              : loaded 2 times (x 114B)
Class org.jetbrains.plugins.gradle.tooling.serialization.internal.IdeaProjectSerializationService: loaded 2 times (x 77B)
Class com.google.common.collect.FluentIterable$3                                      : loaded 2 times (x 81B)
Class com.android.builder.model.v2.models.ProjectSyncIssues                           : loaded 2 times (x 70B)
Class com.intellij.openapi.externalSystem.model.ExternalSystemException               : loaded 2 times (x 86B)
Class org.jetbrains.plugins.gradle.model.ExternalTask                                 : loaded 2 times (x 70B)
Class com.amazon.ion.impl.bin.utf8.Utf8StringEncoderPool$1                            : loaded 2 times (x 76B)
Class com.amazon.ion.impl.lite.IonLoaderLite                                          : loaded 2 times (x 82B)
Class com.amazon.ion.impl.lite.IonContext                                             : loaded 2 times (x 70B)
Class com.amazon.ion.impl.IonWriterSystemText                                         : loaded 2 times (x 190B)
Class [Lcom.amazon.ion.impl.bin.IonManagedBinaryWriter$ImportedSymbolResolverMode;    : loaded 2 times (x 69B)
Class com.amazon.ion.ValueFactory                                                     : loaded 2 times (x 70B)
Class io.opentelemetry.api.GlobalOpenTelemetry$ObfuscatedOpenTelemetry                : loaded 2 times (x 92B)
Class org.gradle.internal.time.DefaultCountdownTimer                                  : loaded 2 times (x 88B)
Class com.google.protobuf.Internal$ProtobufList                                       : loaded 2 times (x 70B)
Class kotlin.reflect.jvm.internal.impl.metadata.jvm.JvmProtoBuf$StringTableTypes$Record: loaded 2 times (x 98B)
Class kotlin.reflect.jvm.internal.impl.metadata.ProtoBuf$Annotation$Argument$Value$Type: loaded 2 times (x 82B)
Class kotlin.reflect.jvm.internal.impl.builtins.jvm.JvmBuiltInsCustomizer$$Lambda$1   : loaded 2 times (x 76B)
Class kotlin.reflect.jvm.internal.impl.types.ClassTypeConstructorImpl                 : loaded 2 times (x 97B)
Class org.codehaus.groovy.classgen.asm.BinaryDoubleExpressionHelper                   : loaded 2 times (x 98B)
Class org.codehaus.groovy.classgen.asm.BinaryExpressionWriter                         : loaded 2 times (x 98B)
Class org.codehaus.groovy.control.GenericsVisitor                                     : loaded 2 times (x 212B)
Class groovy.lang.GeneratedGroovyProxy                                                : loaded 2 times (x 70B)
Class org.codehaus.groovy.classgen.VariableScopeVisitor$StateStackElement             : loaded 2 times (x 72B)
Class groovyjarjarantlr4.v4.runtime.CommonTokenStream                                 : loaded 2 times (x 127B)
Class groovyjarjarantlr4.v4.runtime.tree.Tree                                         : loaded 2 times (x 70B)
Class org.codehaus.groovy.util.AbstractConcurrentMap$Entry                            : loaded 2 times (x 70B)
Class org.codehaus.groovy.control.messages.ExceptionMessage                           : loaded 2 times (x 74B)
Class groovy.lang.ClosureInvokingMethod                                               : loaded 2 times (x 70B)
Class org.codehaus.groovy.reflection.CachedConstructor                                : loaded 2 times (x 88B)
Class org.codehaus.groovy.runtime.dgmimpl.arrays.ByteArrayPutAtMetaMethod             : loaded 2 times (x 97B)
Class org.codehaus.groovy.util.ReferenceType$HardRef                                  : loaded 2 times (x 80B)
Class com.android.utils.PositionXmlParser$AbstractParserPool                          : loaded 2 times (x 70B)
Class org.jetbrains.kotlin.idea.projectModel.KotlinTaskProperties                     : loaded 2 times (x 70B)
Class it.unimi.dsi.fastutil.ints.IntArrays$ForkJoinQuickSort2                         : loaded 2 times (x 96B)
Class it.unimi.dsi.fastutil.objects.ObjectBidirectionalIterator                       : loaded 2 times (x 70B)
Class kotlin.reflect.jvm.internal.impl.builtins.jvm.JavaToKotlinClassMap              : loaded 2 times (x 71B)
Class kotlin.reflect.jvm.internal.KotlinReflectionInternalError                       : loaded 2 times (x 82B)
Class it.unimi.dsi.fastutil.ints.Int2ObjectMap$FastEntrySet                           : loaded 2 times (x 70B)
Class com.intellij.openapi.diagnostic.Logger$Factory                                  : loaded 2 times (x 70B)
Class com.android.tools.lint.model.DefaultLintModelVariant$artifact$2                 : loaded 2 times (x 79B)
Class com.google.gson.internal.bind.ObjectTypeAdapter                                 : loaded 2 times (x 74B)
Class com.android.tools.lint.model.LintModelMavenName$Companion                       : loaded 2 times (x 71B)
Class it.unimi.dsi.fastutil.ints.Int2ObjectMap                                        : loaded 2 times (x 70B)
Class com.google.gson.internal.ObjectConstructor                                      : loaded 2 times (x 70B)
Class com.amazon.ion.impl.bin.IonManagedBinaryWriter$SymbolResolver                   : loaded 2 times (x 70B)
Class com.amazon.ion.impl._Private_SymbolToken                                        : loaded 2 times (x 70B)
Class com.amazon.ion.impl.bin._Private_IonManagedBinaryWriterBuilder$AllocatorMode    : loaded 2 times (x 80B)
Class org.jetbrains.plugins.gradle.model.GradleTaskModel                              : loaded 2 times (x 70B)
Class org.jetbrains.plugins.gradle.tooling.util.ObjectCollector                       : loaded 2 times (x 72B)
Class org.gradle.tooling.internal.adapter.ProtocolToModelAdapter$AdaptingMethodInvoker: loaded 2 times (x 76B)
Class org.gradle.tooling.internal.gradle.DefaultBuildIdentifier                       : loaded 2 times (x 79B)
Class org.gradle.api.internal.classpath.Module                                        : loaded 2 times (x 70B)
Class com.google.protobuf.ExtensionRegistry$ExtensionInfo                             : loaded 2 times (x 72B)
Class kotlin.reflect.jvm.internal.impl.types.model.CapturedTypeConstructorMarker      : loaded 2 times (x 70B)
Class kotlin.reflect.jvm.internal.impl.resolve.OverridingStrategy                     : loaded 2 times (x 75B)
Class kotlin.reflect.jvm.internal.impl.metadata.ProtoBuf$QualifiedNameTable$1         : loaded 2 times (x 87B)
Class kotlin.reflect.jvm.internal.impl.protobuf.RopeByteString                        : loaded 2 times (x 99B)
Class kotlin.reflect.jvm.internal.impl.incremental.UtilsKt                            : loaded 2 times (x 71B)
Class kotlin.reflect.jvm.internal.impl.metadata.jvm.JvmProtoBuf$JvmMethodSignatureOrBuilder: loaded 2 times (x 70B)
Class kotlin.reflect.jvm.internal.impl.builtins.jvm.JvmBuiltInsCustomizer$$Lambda$2   : loaded 2 times (x 76B)
Class kotlin.reflect.jvm.internal.impl.load.kotlin.AbstractBinaryClassAnnotationAndConstantLoader$$Lambda$0: loaded 2 times (x 76B)
Class kotlin.reflect.jvm.internal.impl.resolve.sam.SamConversionResolver              : loaded 2 times (x 70B)
Class kotlin.reflect.jvm.internal.impl.builtins.jvm.JvmBuiltIns                       : loaded 2 times (x 114B)
Class org.codehaus.groovy.ast.tools.WideningCategories$LowestUpperBoundClassNode      : loaded 2 times (x 244B)
Class org.codehaus.groovy.classgen.InnerClassCompletionVisitor                        : loaded 2 times (x 212B)
Class org.codehaus.groovy.transform.trait.SuperCallTraitTransformer                   : loaded 2 times (x 216B)
Class [Lorg.codehaus.groovy.ast.Variable;                                             : loaded 2 times (x 69B)
Class org.apache.groovy.parser.antlr4.GroovyParser$VariableDeclaratorsContext         : loaded 2 times (x 162B)
Class org.apache.groovy.parser.antlr4.GroovyParser$ClassBodyDeclarationContext        : loaded 2 times (x 160B)
Class groovyjarjarantlr4.v4.runtime.dfa.EmptyEdgeMap                                  : loaded 2 times (x 97B)
Class groovyjarjarantlr4.v4.runtime.CodePointCharStream$CodePoint8BitCharStream       : loaded 2 times (x 91B)
Class org.apache.groovy.parser.antlr4.GroovyParser$ForStmtAltContext                  : loaded 2 times (x 163B)
Class org.codehaus.groovy.control.ErrorCollector                                      : loaded 2 times (x 99B)
Class org.codehaus.groovy.runtime.GroovyCategorySupport$MyThreadLocal                 : loaded 2 times (x 86B)
Class org.codehaus.groovy.runtime.memoize.MemoizeCache                                : loaded 2 times (x 70B)
Class groovy.lang.TrampolineClosure                                                   : loaded 2 times (x 132B)
Class com.google.common.collect.AbstractMultimap$Values                               : loaded 2 times (x 118B)
Class kotlin.sequences.DropSequence$iterator$1                                        : loaded 2 times (x 79B)
Class kotlin.KotlinVersion                                                            : loaded 2 times (x 74B)
Class com.android.utils.PositionXmlParser$ReleasableParserContainer                   : loaded 2 times (x 76B)
Class it.unimi.dsi.fastutil.ints.IntOpenHashSet                                       : loaded 2 times (x 239B)
Class com.intellij.openapi.util.Comparing                                             : loaded 2 times (x 71B)
Class kotlin.reflect.jvm.internal.KClassImpl$Data$$Lambda$0                           : loaded 2 times (x 76B)
Class kotlin.reflect.jvm.internal.KClassifierImpl                                     : loaded 2 times (x 70B)
Class kotlin.reflect.KMutableProperty                                                 : loaded 2 times (x 70B)
Class kotlin.reflect.jvm.internal.KProperty1Impl                                      : loaded 2 times (x 128B)
Class kotlin.collections.CharIterator                                                 : loaded 2 times (x 82B)
Class com.google.common.cache.Weigher                                                 : loaded 2 times (x 70B)
Class [Lcom.amazon.ion.util.GzipStreamInterceptor;                                    : loaded 2 times (x 69B)
Class com.amazon.ion.impl._Private_IonReaderBuilder$Mutable                           : loaded 2 times (x 97B)
Class com.intellij.openapi.externalSystem.model.project.IExternalSystemSourceType     : loaded 2 times (x 70B)
Class kotlin.io.FileAlreadyExistsException                                            : loaded 2 times (x 82B)
Class org.gradle.api.internal.classpath.UnknownModuleException                        : loaded 2 times (x 82B)
Class org.codehaus.groovy.reflection.CachedClass                                      : loaded 2 times (x 95B)
Class com.google.gson.stream.JsonReader$1                                             : loaded 2 times (x 72B)
Class kotlin.reflect.jvm.internal.KPropertyImplKt                                     : loaded 2 times (x 71B)
Class kotlin.reflect.jvm.internal.impl.types.DelegatingSimpleTypeImpl                 : loaded 2 times (x 95B)
Class kotlin.reflect.jvm.internal.impl.serialization.deserialization.DeserializedPackageFragmentImpl$$Lambda$0: loaded 2 times (x 76B)
Class kotlin.reflect.jvm.internal.impl.types.TypeAttributeTranslator$DefaultImpls     : loaded 2 times (x 71B)
Class kotlin.reflect.jvm.internal.impl.protobuf.CodedOutputStream$OutOfSpaceException : loaded 2 times (x 82B)
Class kotlin.reflect.jvm.internal.impl.load.kotlin.KotlinJvmBinaryClass$AnnotationVisitor: loaded 2 times (x 70B)
Class kotlin.reflect.jvm.internal.impl.builtins.jvm.JvmBuiltInClassDescriptorFactory$$Lambda$0: loaded 2 times (x 76B)
Class kotlin.reflect.jvm.internal.impl.protobuf.SmallSortedMap$EmptySet$1             : loaded 2 times (x 78B)
Class kotlin.reflect.jvm.internal.impl.protobuf.FieldSet                              : loaded 2 times (x 72B)
Class kotlin.reflect.jvm.internal.impl.descriptors.ConstructorDescriptor              : loaded 2 times (x 70B)
Class kotlin.reflect.jvm.internal.impl.builtins.jvm.JvmBuiltInsCustomizer$$Lambda$3   : loaded 2 times (x 76B)
Class kotlin.reflect.jvm.internal.impl.storage.LockBasedStorageManager$ExceptionHandlingStrategy$1: loaded 2 times (x 74B)
Class org.codehaus.groovy.classgen.asm.MethodCallerMultiAdapter                       : loaded 2 times (x 73B)
Class org.apache.groovy.parser.antlr4.GroovyParser$CatchTypeContext                   : loaded 2 times (x 160B)
Class org.apache.groovy.parser.antlr4.GroovyParser$EmptyDimsOptContext                : loaded 2 times (x 157B)
Class [Lorg.codehaus.groovy.util.AbstractConcurrentMapBase$Segment;                   : loaded 2 times (x 69B)
Class [Lorg.codehaus.groovy.ast.NodeMetaDataHandler;                                  : loaded 2 times (x 69B)
Class org.codehaus.groovy.runtime.dgmimpl.arrays.IntegerArrayPutAtMetaMethod          : loaded 2 times (x 97B)
Class org.codehaus.groovy.ast.expr.ListExpression                                     : loaded 2 times (x 132B)
Class [Lorg.codehaus.groovy.reflection.CachedClass;                                   : loaded 2 times (x 69B)
Class org.codehaus.groovy.util.LazyReference                                          : loaded 2 times (x 81B)
Class kotlin.reflect.jvm.internal.KClassImpl$Data$$Lambda$1                           : loaded 2 times (x 76B)
Class kotlin.jvm.internal.PropertyReference                                           : loaded 2 times (x 115B)
Class com.intellij.openapi.util.SystemInfoRt                                          : loaded 2 times (x 71B)
Class org.jetbrains.kotlin.config.ApiVersion                                          : loaded 2 times (x 86B)
Class com.intellij.openapi.diagnostic.Logger                                          : loaded 2 times (x 99B)
Class com.android.prefs.VariableValue                                                 : loaded 2 times (x 82B)
Class com.android.prefs.AbstractAndroidLocations$Companion                            : loaded 2 times (x 71B)
Class com.google.common.base.Stopwatch                                                : loaded 2 times (x 72B)
Class com.google.common.cache.LocalCache$Strength                                     : loaded 2 times (x 81B)
Class com.google.common.cache.Cache                                                   : loaded 2 times (x 70B)
Class io.opentelemetry.api.trace.TraceStateBuilder                                    : loaded 2 times (x 70B)
Class com.intellij.openapi.externalSystem.model.project.dependencies.ProjectDependencies: loaded 2 times (x 70B)
Class org.jetbrains.plugins.gradle.tooling.serialization.ProjectDependenciesSerializationService$ReadContext: loaded 2 times (x 72B)
Class kotlin.reflect.KProperty1$Getter                                                : loaded 2 times (x 70B)
Class kotlin.reflect.jvm.internal.impl.serialization.deserialization.descriptors.NonEmptyDeserializedAnnotations: loaded 2 times (x 89B)
Class kotlin.reflect.jvm.internal.calls.ValueClassAwareCallerKt                       : loaded 2 times (x 71B)
Class kotlin.reflect.jvm.internal.impl.types.AbstractTypeChecker                      : loaded 2 times (x 71B)
Class kotlin.reflect.jvm.internal.impl.builtins.jvm.JvmBuiltInsCustomizer$$Lambda$4   : loaded 2 times (x 76B)
Class [Lkotlin.reflect.jvm.internal.impl.descriptors.DeclarationDescriptorNonRoot;    : loaded 2 times (x 69B)
Class kotlin.reflect.jvm.internal.impl.serialization.deserialization.DeserializedPackageFragmentImpl$$Lambda$1: loaded 2 times (x 76B)
Class kotlin.reflect.jvm.internal.impl.storage.SingleThreadValue                      : loaded 2 times (x 74B)
Class kotlin.reflect.jvm.internal.impl.serialization.deserialization.ProtoEnumFlags$WhenMappings: loaded 2 times (x 71B)
Class kotlin.reflect.jvm.internal.impl.builtins.jvm.JvmBuiltInClassDescriptorFactory$$Lambda$1: loaded 2 times (x 75B)
Class kotlin.reflect.jvm.internal.impl.metadata.ProtoBuf$PackageOrBuilder             : loaded 2 times (x 70B)
Class kotlin.reflect.jvm.internal.impl.protobuf.SmallSortedMap$EmptySet$2             : loaded 2 times (x 78B)
Class kotlin.reflect.jvm.internal.impl.types.error.ErrorModuleDescriptor              : loaded 2 times (x 90B)
Class kotlin.reflect.jvm.internal.impl.descriptors.ClassifierDescriptorWithTypeParameters: loaded 2 times (x 70B)
Class org.codehaus.groovy.classgen.asm.OptimizingStatementWriter$OptimizeFlagsCollector$OptimizeFlagsEntry: loaded 2 times (x 72B)
Class org.codehaus.groovy.classgen.asm.BinaryFloatExpressionHelper                    : loaded 2 times (x 98B)
Class [Lgroovyjarjarasm.asm.SymbolTable$Entry;                                        : loaded 2 times (x 69B)
Class groovyjarjarasm.asm.ClassTooLargeException                                      : loaded 2 times (x 83B)
Class org.codehaus.groovy.transform.stc.ExtensionMethodCache                          : loaded 2 times (x 76B)
Class org.apache.groovy.util.concurrent.concurrentlinkedhashmap.Weigher               : loaded 2 times (x 70B)
Class org.codehaus.groovy.classgen.ReturnAdder                                        : loaded 2 times (x 73B)
Class org.codehaus.groovy.transform.sc.StaticCompilationMetadataKeys                  : loaded 2 times (x 79B)
Class org.codehaus.groovy.classgen.EnumCompletionVisitor$1                            : loaded 2 times (x 187B)
Class org.apache.groovy.parser.antlr4.GroovyParser$AnnotationNameContext              : loaded 2 times (x 157B)
Class groovyjarjarantlr4.v4.runtime.atn.NotSetTransition                              : loaded 2 times (x 76B)
Class groovyjarjarantlr4.v4.runtime.CodePointCharStream                               : loaded 2 times (x 91B)
Class org.apache.groovy.parser.antlr4.GroovyParser$NamePartContext                    : loaded 2 times (x 160B)
Class org.codehaus.groovy.runtime.dgmimpl.arrays.ObjectArrayPutAtMetaMethod           : loaded 2 times (x 97B)
Class org.codehaus.groovy.runtime.MethodClosure                                       : loaded 2 times (x 135B)
Class org.codehaus.groovy.ast.ASTNode                                                 : loaded 2 times (x 104B)
Class org.codehaus.groovy.reflection.GroovyClassValue$ComputeValue                    : loaded 2 times (x 70B)
Class kotlin.collections.IndexingIterator                                             : loaded 2 times (x 79B)
Class org.apache.groovy.util.BeanUtils                                                : loaded 2 times (x 71B)
Class kotlin.reflect.jvm.internal.KPackageImpl$$Lambda$0                              : loaded 2 times (x 76B)
Class org.codehaus.groovy.syntax.RuntimeParserException                               : loaded 2 times (x 88B)
Class kotlin.reflect.jvm.internal.KClassImpl$Data$$Lambda$2                           : loaded 2 times (x 76B)
Class com.android.tools.lint.model.LintModelAndroidArtifact                           : loaded 2 times (x 70B)
Class [Lcom.android.tools.lint.model.LintModelSerialization$TargetFile;               : loaded 2 times (x 69B)
Class org.apache.groovy.parser.antlr4.GroovyParser$PostfixExpressionContext           : loaded 2 times (x 159B)
Class com.google.common.io.AppendableWriter                                           : loaded 2 times (x 100B)
Class com.google.common.collect.AbstractMultimap$Entries                              : loaded 2 times (x 120B)
Class com.google.common.util.concurrent.AbstractFuture$Cancellation                   : loaded 2 times (x 72B)
Class com.android.tools.lint.model.LintModelJavaArtifact                              : loaded 2 times (x 70B)
Class kotlin.reflect.jvm.internal.KFunctionImpl                                       : loaded 2 times (x 186B)
Class kotlin.reflect.jvm.internal.impl.load.java.typeEnhancement.JavaTypeQualifiers$Companion: loaded 2 times (x 71B)
Class kotlin.reflect.jvm.internal.impl.load.java.typeEnhancement.JavaTypeQualifiers   : loaded 2 times (x 72B)
Class [Lkotlin.reflect.jvm.internal.KDeclarationContainerImpl$MemberBelonginess;      : loaded 2 times (x 69B)
Class kotlin.reflect.jvm.internal.impl.serialization.deserialization.descriptors.DeserializedMemberScope$$Lambda$0: loaded 2 times (x 76B)
Class kotlin.reflect.jvm.internal.impl.metadata.deserialization.Flags                 : loaded 2 times (x 71B)
Class kotlin.reflect.jvm.internal.impl.metadata.ProtoBuf$TypeParameter                : loaded 2 times (x 104B)
Class kotlin.reflect.jvm.internal.impl.metadata.ProtoBuf$Annotation                   : loaded 2 times (x 98B)
Class kotlin.reflect.jvm.internal.impl.descriptors.VariableDescriptor                 : loaded 2 times (x 70B)
Class [Lkotlin.reflect.jvm.internal.impl.descriptors.DescriptorVisibility;            : loaded 2 times (x 69B)
Class kotlin.reflect.jvm.internal.impl.descriptors.PackageFragmentProvider            : loaded 2 times (x 70B)
Class kotlin.reflect.jvm.internal.impl.load.java.JavaNullabilityAnnotationsStatus     : loaded 2 times (x 72B)
Class org.codehaus.groovy.classgen.Verifier$1                                         : loaded 2 times (x 78B)
Class org.codehaus.groovy.runtime.memoize.EvictableCache$EvictionStrategy             : loaded 2 times (x 79B)
Class org.apache.groovy.ast.tools.MethodNodeUtils                                     : loaded 2 times (x 71B)
Class groovyjarjarantlr4.v4.runtime.dfa.HashEdgeMap                                   : loaded 2 times (x 98B)
Class groovyjarjarantlr4.v4.runtime.atn.ATNConfig                                     : loaded 2 times (x 84B)
Class org.apache.groovy.parser.antlr4.GroovyParser$ClassOrInterfaceModifiersOptContext: loaded 2 times (x 159B)
Class org.codehaus.groovy.transform.ASTTransformationVisitor                          : loaded 2 times (x 212B)
Class org.codehaus.groovy.ast.expr.DeclarationExpression                              : loaded 2 times (x 137B)
Class groovyjarjarantlr4.v4.runtime.atn.ActionTransition                              : loaded 2 times (x 76B)
Class [Lkotlin.reflect.jvm.internal.impl.builtins.PrimitiveType;                      : loaded 2 times (x 69B)
Class kotlin.reflect.jvm.internal.impl.builtins.StandardNames                         : loaded 2 times (x 71B)
Class kotlin.reflect.jvm.internal.KClassImpl$Data$$Lambda$3                           : loaded 2 times (x 76B)
Class kotlin.reflect.jvm.internal.ReflectProperties$LazySoftVal                       : loaded 2 times (x 78B)
Class [Lkotlin.reflect.KAnnotatedElement;                                             : loaded 2 times (x 69B)
Class com.google.common.collect.Maps$EntryFunction$1                                  : loaded 2 times (x 91B)
Class com.google.common.base.Present                                                  : loaded 2 times (x 81B)
Class com.google.common.cache.RemovalListener                                         : loaded 2 times (x 70B)
Class [Lcom.google.gson.ToNumberPolicy;                                               : loaded 2 times (x 69B)
Class com.google.gson.ToNumberPolicy                                                  : loaded 2 times (x 83B)
Class com.amazon.ion.IonBufferConfiguration                                           : loaded 2 times (x 72B)
Class com.amazon.ion.impl.bin.Symbols                                                 : loaded 2 times (x 71B)
Class org.jetbrains.plugins.gradle.tooling.serialization.RepositoriesModelSerializationService: loaded 2 times (x 82B)
Class com.android.ide.gradle.model.artifacts.AdditionalClassifierArtifactsModel       : loaded 2 times (x 70B)
Class org.gradle.tooling.internal.gradle.GradleProjectIdentity                        : loaded 2 times (x 70B)
Class org.gradle.api.internal.DefaultClassPathRegistry                                : loaded 2 times (x 76B)
Class com.android.tools.analytics.AnalyticsSettings$optedIn$1                         : loaded 2 times (x 78B)
Class kotlin.reflect.jvm.internal.impl.types.AbbreviatedType                          : loaded 2 times (x 95B)
Class kotlin.reflect.jvm.internal.impl.metadata.ProtoBuf$VersionRequirement$VersionKind$1: loaded 2 times (x 74B)
Class kotlin.reflect.jvm.internal.impl.load.java.typeEnhancement.AbstractSignatureParts: loaded 2 times (x 90B)
Class kotlin.reflect.jvm.internal.impl.serialization.deserialization.descriptors.DeserializedMemberScope$$Lambda$1: loaded 2 times (x 76B)
Class kotlin.reflect.jvm.internal.impl.metadata.deserialization.TypeTable             : loaded 2 times (x 72B)
Class kotlin.reflect.jvm.internal.impl.descriptors.runtime.components.ReflectKotlinClass: loaded 2 times (x 79B)
Class kotlin.reflect.jvm.internal.impl.load.java.lazy.LazyJavaPackageFragmentProvider$$Lambda$0: loaded 2 times (x 76B)
Class [Lkotlin.reflect.jvm.internal.impl.descriptors.PackageFragmentProviderOptimized;: loaded 2 times (x 69B)
Class kotlin.reflect.jvm.internal.impl.metadata.ProtoBuf$ValueParameterOrBuilder      : loaded 2 times (x 70B)
Class kotlin.reflect.jvm.internal.impl.metadata.ProtoBuf$Function                     : loaded 2 times (x 104B)
Class kotlin.reflect.jvm.internal.impl.types.TypeAttributes                           : loaded 2 times (x 82B)
Class kotlin.reflect.jvm.internal.impl.renderer.RenderingFormat$PLAIN                 : loaded 2 times (x 80B)
Class org.apache.groovy.util.concurrent.concurrentlinkedhashmap.LinkedDeque           : loaded 2 times (x 201B)
Class org.codehaus.groovy.classgen.Verifier$2                                         : loaded 2 times (x 73B)
Class org.codehaus.groovy.classgen.FinalVariableAnalyzer$VariableNotFinalCallback     : loaded 2 times (x 70B)
Class groovyjarjarantlr4.v4.runtime.atn.ATNDeserializationOptions                     : loaded 2 times (x 72B)
Class org.apache.groovy.parser.antlr4.GroovyParser$LogicalOrExprAltContext            : loaded 2 times (x 162B)
Class org.apache.groovy.parser.antlr4.GroovyParser$CatchClauseContext                 : loaded 2 times (x 164B)
Class org.codehaus.groovy.util.AbstractConcurrentMap$Segment                          : loaded 2 times (x 85B)
Class [Lorg.codehaus.groovy.ast.ClassNode;                                            : loaded 2 times (x 69B)
Class org.codehaus.groovy.control.CompilationUnit                                     : loaded 2 times (x 123B)
Class org.codehaus.groovy.ast.GenericsType                                            : loaded 2 times (x 118B)
Class org.codehaus.groovy.runtime.powerassert.PowerAssertionError                     : loaded 2 times (x 82B)
Class groovy.lang.MetaClassRegistryChangeEventListener                                : loaded 2 times (x 70B)
Class org.codehaus.groovy.util.ManagedConcurrentLinkedQueue                           : loaded 2 times (x 84B)
Class org.jetbrains.kotlin.load.java.JvmAbi                                           : loaded 2 times (x 71B)
Class kotlin.annotation.AnnotationTarget                                              : loaded 2 times (x 79B)
Class [Lorg.jetbrains.kotlin.config.JvmDefaultMode;                                   : loaded 2 times (x 69B)
Class kotlin.jvm.JvmClassMappingKt                                                    : loaded 2 times (x 71B)
Class kotlin.reflect.jvm.internal.KClassImpl$Data$$Lambda$4                           : loaded 2 times (x 76B)
Class kotlin.reflect.jvm.internal.KPropertyImpl                                       : loaded 2 times (x 115B)
Class kotlin.jvm.internal.Reflection                                                  : loaded 2 times (x 71B)
Class kotlin.reflect.KProperty                                                        : loaded 2 times (x 70B)
Class org.jetbrains.kotlin.cli.common.messages.MessageCollector                       : loaded 2 times (x 70B)
Class org.apache.groovy.parser.antlr4.GroovyParser                                    : loaded 2 times (x 180B)
Class org.apache.groovy.parser.antlr4.GroovyParser$PostfixExprAltContext              : loaded 2 times (x 158B)
Class org.apache.groovy.parser.antlr4.GroovyParser$ModifiersOptContext                : loaded 2 times (x 158B)
Class com.android.sdklib.AndroidApiLevel                                              : loaded 2 times (x 74B)
Class com.android.tools.lint.model.LintModelLintOptions                               : loaded 2 times (x 70B)
Class com.android.prefs.PathLocator$singlePathOf$values$1                             : loaded 2 times (x 79B)
Class com.android.tools.lint.model.PathVariables$Companion$PATH_COMPARATOR$1          : loaded 2 times (x 78B)
Class com.google.common.reflect.Invokable$ConstructorInvokable                        : loaded 2 times (x 107B)
Class com.google.common.collect.Maps$EntryFunction$2                                  : loaded 2 times (x 91B)
Class com.google.common.collect.ImmutableMultimap$Keys                                : loaded 2 times (x 166B)
Class com.android.builder.model.v2.ide.JavaArtifact                                   : loaded 2 times (x 70B)
Class [Lcom.amazon.ion.impl.bin.AbstractIonWriter$WriteValueOptimization;             : loaded 2 times (x 69B)
Class io.opentelemetry.api.internal.AutoValue_ImmutableSpanContext                    : loaded 2 times (x 92B)
Class org.jetbrains.plugins.gradle.tooling.serialization.RepositoriesModelSerializationService$ReadContext: loaded 2 times (x 72B)
Class org.gradle.api.internal.ClassPathRegistry                                       : loaded 2 times (x 70B)
Class org.gradle.internal.classpath.DefaultClassPath$ImmutableUniqueList              : loaded 2 times (x 199B)
Class kotlin.reflect.jvm.internal.impl.load.java.JvmAbi                               : loaded 2 times (x 71B)
Class kotlin.reflect.jvm.internal.impl.resolve.DescriptorFactory$DefaultClassConstructorDescriptor: loaded 2 times (x 218B)
Class kotlin.reflect.jvm.internal.impl.metadata.ProtoBuf$QualifiedNameTableOrBuilder  : loaded 2 times (x 70B)
Class kotlin.reflect.jvm.internal.impl.resolve.scopes.ChainedMemberScope$Companion    : loaded 2 times (x 71B)
Class kotlin.reflect.jvm.internal.impl.descriptors.impl.SubpackagesScope              : loaded 2 times (x 93B)
Class kotlin.reflect.jvm.internal.impl.load.java.lazy.LazyJavaAnnotations$$Lambda$0   : loaded 2 times (x 76B)
Class kotlin.reflect.jvm.internal.impl.protobuf.GeneratedMessageLite$ExtensionDescriptor: loaded 2 times (x 83B)
Class kotlin.reflect.jvm.internal.impl.load.java.lazy.LazyJavaPackageFragmentProvider : loaded 2 times (x 80B)
Class org.apache.groovy.util.concurrent.concurrentlinkedhashmap.ConcurrentLinkedHashMap$DrainStatus: loaded 2 times (x 80B)
Class org.codehaus.groovy.classgen.Verifier$3                                         : loaded 2 times (x 73B)
Class org.codehaus.groovy.ast.DynamicVariable                                         : loaded 2 times (x 94B)
Class groovyjarjarantlr4.v4.runtime.dfa.AcceptStateInfo                               : loaded 2 times (x 74B)
Class org.apache.groovy.parser.antlr4.GroovyParser$AnnotationsOptContext              : loaded 2 times (x 160B)
Class groovyjarjarantlr4.v4.runtime.atn.RuleStopState                                 : loaded 2 times (x 89B)
Class org.apache.groovy.parser.antlr4.GroovyParser$ParExpressionContext               : loaded 2 times (x 157B)
Class org.codehaus.groovy.control.ParserPlugin                                        : loaded 2 times (x 70B)
Class org.codehaus.groovy.util.ManagedConcurrentMap$EntryWithValue                    : loaded 2 times (x 92B)
Class org.codehaus.groovy.control.CompilationUnit$ClassgenCallback                    : loaded 2 times (x 70B)
Class com.google.common.collect.Table$Cell                                            : loaded 2 times (x 70B)
Class org.codehaus.groovy.classgen.asm.BytecodeHelper$ReturnVarHandler                : loaded 2 times (x 79B)
Class kotlin.reflect.jvm.internal.impl.serialization.deserialization.AnnotationLoader : loaded 2 times (x 70B)
Class kotlin.reflect.jvm.internal.impl.load.kotlin.JavaFlexibleTypeDeserializer       : loaded 2 times (x 74B)
Class kotlin.reflect.jvm.internal.impl.types.error.ErrorType                          : loaded 2 times (x 92B)
Class kotlin.reflect.jvm.internal.impl.resolve.jvm.JvmPrimitiveType                   : loaded 2 times (x 79B)
Class kotlin.reflect.jvm.internal.KClassImpl$Data$$Lambda$5                           : loaded 2 times (x 76B)
Class kotlin.reflect.jvm.internal.ComputableClassValue                                : loaded 2 times (x 80B)
Class it.unimi.dsi.fastutil.ints.Int2ObjectOpenHashMap                                : loaded 2 times (x 222B)
Class kotlin.jvm.internal.TypeIntrinsics                                              : loaded 2 times (x 71B)
Class com.android.prefs.PathLocator$singlePathOf$values$2                             : loaded 2 times (x 78B)
Class com.android.tools.lint.model.PathVariables$Companion$PATH_COMPARATOR$2          : loaded 2 times (x 78B)
Class kotlin.reflect.jvm.internal.impl.types.error.ErrorTypeConstructor               : loaded 2 times (x 80B)
Class com.google.common.reflect.TypeToken                                             : loaded 2 times (x 73B)
Class com.amazon.ion.impl.bin.IonManagedBinaryWriter$UserState                        : loaded 2 times (x 85B)
Class com.amazon.ion.impl._Private_IonWriter                                          : loaded 2 times (x 70B)
Class com.amazon.ion.impl.bin._Private_IonManagedBinaryWriterBuilder                  : loaded 2 times (x 72B)
Class com.intellij.gradle.toolingExtension.impl.model.projectModel.GradleExternalProjectSerializationService$WriteContext: loaded 2 times (x 73B)
Class [Lkotlin.reflect.jvm.internal.impl.protobuf.WireFormat$FieldType;               : loaded 2 times (x 69B)
Class com.google.protobuf.Utf8$UnsafeProcessor                                        : loaded 2 times (x 77B)
Class com.google.protobuf.UnknownFieldSet$Parser                                      : loaded 2 times (x 150B)
Class kotlin.reflect.jvm.internal.impl.builtins.jvm.CloneableClassScope               : loaded 2 times (x 94B)
Class [Lkotlin.reflect.jvm.internal.impl.resolve.ExternalOverridabilityCondition$Result;: loaded 2 times (x 69B)
Class kotlin.reflect.jvm.internal.impl.serialization.deserialization.descriptors.DeserializedPackageMemberScope: loaded 2 times (x 103B)
Class kotlin.reflect.jvm.internal.impl.serialization.deserialization.descriptors.DeserializedAnnotations: loaded 2 times (x 89B)
Class kotlin.reflect.jvm.internal.impl.serialization.deserialization.descriptors.DeserializedMemberScope$Implementation: loaded 2 times (x 70B)
Class kotlin.reflect.jvm.internal.impl.load.kotlin.KotlinClassFinder$Result$KotlinClass: loaded 2 times (x 72B)
Class kotlin.reflect.jvm.internal.impl.load.kotlin.header.KotlinClassHeader           : loaded 2 times (x 72B)
Class kotlin.reflect.jvm.internal.impl.protobuf.WireFormat$FieldType$1                : loaded 2 times (x 83B)
Class kotlin.reflect.jvm.internal.impl.descriptors.Visibilities$Protected             : loaded 2 times (x 75B)
Class kotlin.reflect.jvm.internal.impl.renderer.RenderingFormat                       : loaded 2 times (x 80B)
Class kotlin.reflect.jvm.internal.impl.load.java.AnnotationQualifierApplicabilityType : loaded 2 times (x 79B)
Class kotlin.reflect.jvm.internal.impl.load.kotlin.DeserializationComponentsForJavaKt : loaded 2 times (x 71B)
Class kotlin.reflect.jvm.internal.impl.builtins.KotlinBuiltIns$1                      : loaded 2 times (x 77B)
Class org.codehaus.groovy.transform.stc.ExtensionMethodNode                           : loaded 2 times (x 159B)
Class org.codehaus.groovy.classgen.Verifier$4                                         : loaded 2 times (x 73B)
Class org.codehaus.groovy.classgen.InnerClassVisitorHelper                            : loaded 2 times (x 211B)
Class org.codehaus.groovy.util.ListHashMap                                            : loaded 2 times (x 122B)
Class groovyjarjarantlr4.v4.runtime.atn.SemanticContext$AND                           : loaded 2 times (x 75B)
Class groovyjarjarantlr4.v4.runtime.atn.ATNDeserializer$UnicodeDeserializingMode      : loaded 2 times (x 79B)
Class org.codehaus.groovy.ast.stmt.IfStatement                                        : loaded 2 times (x 116B)
Class org.codehaus.groovy.runtime.metaclass.ClosureMetaMethod                         : loaded 2 times (x 103B)
Class org.codehaus.groovy.runtime.MethodKey                                           : loaded 2 times (x 79B)
Class org.codehaus.groovy.util.ManagedReference                                       : loaded 2 times (x 76B)
Class org.jetbrains.kotlin.config.JvmDefaultMode$Companion                            : loaded 2 times (x 71B)
Class kotlin.reflect.jvm.internal.impl.metadata.ProtoBuf$Function$1                   : loaded 2 times (x 87B)
Class it.unimi.dsi.fastutil.longs.LongCollection                                      : loaded 2 times (x 70B)
Class com.intellij.openapi.util.io.FileUtilRt$RepeatableIOOperation                   : loaded 2 times (x 70B)
Class kotlin.reflect.jvm.internal.impl.metadata.ProtoBuf$EnumEntry                    : loaded 2 times (x 104B)
Class kotlin.reflect.jvm.internal.KClassImpl$Data$$Lambda$6                           : loaded 2 times (x 76B)
Class kotlin.reflect.jvm.internal.impl.load.java.structure.JavaElement                : loaded 2 times (x 70B)
Class com.android.tools.lint.model.PathVariables$Companion$PATH_COMPARATOR$3          : loaded 2 times (x 78B)
Class kotlin.reflect.jvm.internal.impl.load.kotlin.header.ReadKotlinClassHeaderAnnotationVisitor$KotlinMetadataArgumentVisitor$1: loaded 2 times (x 85B)
Class com.android.builder.model.v2.dsl.SigningConfig                                  : loaded 2 times (x 70B)
Class com.android.builder.model.v2.models.AndroidProject                              : loaded 2 times (x 70B)
Class com.android.builder.model.v2.AndroidModel                                       : loaded 2 times (x 70B)
Class com.google.common.cache.CacheBuilder                                            : loaded 2 times (x 72B)
Class com.google.gson.internal.bind.ArrayTypeAdapter$1                                : loaded 2 times (x 75B)
Class [Lcom.amazon.ion.SymbolToken;                                                   : loaded 2 times (x 69B)
Class io.opentelemetry.api.trace.ImmutableTraceFlags                                  : loaded 2 times (x 77B)
Class org.gradle.internal.classpath.ClassPath                                         : loaded 2 times (x 70B)
Class org.gradle.api.UncheckedIOException                                             : loaded 2 times (x 82B)
Class kotlin.reflect.jvm.internal.impl.types.DisjointKeysUnionTypeSubstitution        : loaded 2 times (x 78B)
Class kotlin.reflect.jvm.internal.impl.types.KotlinTypeFactory$$Lambda$0              : loaded 2 times (x 76B)
Class kotlin.reflect.jvm.internal.impl.util.collectionUtils.ScopeUtilsKt              : loaded 2 times (x 71B)
Class kotlin.reflect.jvm.internal.impl.protobuf.WireFormat$FieldType$2                : loaded 2 times (x 83B)
Class kotlin.reflect.jvm.internal.impl.descriptors.DescriptorVisibilities             : loaded 2 times (x 71B)
Class kotlin.reflect.jvm.internal.impl.descriptors.ModuleDescriptor$DefaultImpls      : loaded 2 times (x 71B)
Class kotlin.reflect.jvm.internal.impl.renderer.ClassifierNamePolicy$SHORT            : loaded 2 times (x 74B)
Class kotlin.reflect.jvm.internal.impl.builtins.KotlinBuiltIns$2                      : loaded 2 times (x 77B)
Class kotlin.reflect.jvm.internal.impl.storage.StorageManager                         : loaded 2 times (x 70B)
Class kotlin.reflect.jvm.internal.impl.descriptors.runtime.components.RuntimeErrorReporter: loaded 2 times (x 75B)
Class org.codehaus.groovy.classgen.asm.ExpressionAsVariableSlot                       : loaded 2 times (x 130B)
Class org.codehaus.groovy.classgen.Verifier$5                                         : loaded 2 times (x 186B)
Class groovyjarjarantlr4.v4.runtime.atn.ATNSimulator                                  : loaded 2 times (x 74B)
Class org.codehaus.groovy.runtime.memoize.EvictableCache$Action                       : loaded 2 times (x 70B)
Class groovy.lang.SpreadMap                                                           : loaded 2 times (x 135B)
Class kotlin.sequences.DropSequence                                                   : loaded 2 times (x 79B)
Class it.unimi.dsi.fastutil.objects.Object2IntMap$FastEntrySet                        : loaded 2 times (x 70B)
Class kotlin.reflect.jvm.internal.impl.types.TypeAttributesKt                         : loaded 2 times (x 71B)
Class [Lkotlin.reflect.jvm.internal.impl.types.model.TypeParameterMarker;             : loaded 2 times (x 69B)
Class kotlin.reflect.jvm.internal.KPackageImpl                                        : loaded 2 times (x 85B)
Class com.google.protobuf.UnknownFieldSet                                             : loaded 2 times (x 87B)
Class kotlin.reflect.jvm.internal.KClassImpl$Data$$Lambda$7                           : loaded 2 times (x 76B)
Class [Lkotlin.reflect.jvm.internal.impl.name.FqName;                                 : loaded 2 times (x 69B)
Class jdk.internal.jrtfs.ExplodedImage                                                : loaded 2 times (x 77B)
Class com.android.tools.lint.model.PathVariables$Companion$PATH_COMPARATOR$4          : loaded 2 times (x 78B)
Class org.gradle.internal.classloader.ClassLoaderVisitor                              : loaded 2 times (x 76B)
Class com.google.common.collect.Interners$InternerBuilder                             : loaded 2 times (x 76B)
Class [Lcom.google.common.reflect.Types$JavaVersion;                                  : loaded 2 times (x 69B)
Class org.jetbrains.plugins.gradle.model.ExternalProjectDependency                    : loaded 2 times (x 70B)
Class org.jetbrains.plugins.gradle.tooling.serialization.KotlinDslScriptsModelSerializationService: loaded 2 times (x 81B)
Class build_bk8sz87gsp6ecxt9pmcs7plf3$_run_closure1$_closure3                         : loaded 2 times (x 139B)
Class com.google.gson.internal.JsonReaderInternalAccess                               : loaded 2 times (x 72B)
Class com.google.common.io.CharSource$CharSequenceCharSource                          : loaded 2 times (x 86B)
Class kotlin.reflect.jvm.internal.impl.utils.SmartSet$Companion                       : loaded 2 times (x 71B)
Class kotlin.reflect.jvm.internal.impl.util.AbstractArrayMapOwner$AbstractArrayMapAccessor: loaded 2 times (x 71B)
Class kotlin.reflect.jvm.internal.impl.protobuf.CodedInputStream                      : loaded 2 times (x 72B)
Class kotlin.reflect.jvm.internal.impl.load.java.lazy.descriptors.LazyJavaScope       : loaded 2 times (x 104B)
Class kotlin.reflect.jvm.internal.impl.protobuf.WireFormat$FieldType$3                : loaded 2 times (x 83B)
Class [Lkotlin.reflect.jvm.internal.impl.types.error.ErrorEntity;                     : loaded 2 times (x 69B)
Class kotlin.reflect.jvm.internal.impl.incremental.components.LookupTracker           : loaded 2 times (x 70B)
Class kotlin.reflect.jvm.internal.impl.storage.LockBasedStorageManager$CacheWithNullableValuesBasedOnMemoizedFunction: loaded 2 times (x 83B)
Class kotlin.reflect.jvm.internal.impl.builtins.KotlinBuiltIns$3                      : loaded 2 times (x 77B)
Class org.codehaus.groovy.classgen.Verifier$6                                         : loaded 2 times (x 187B)
Class org.codehaus.groovy.syntax.Types                                                : loaded 2 times (x 71B)
Class groovyjarjarantlr4.v4.runtime.atn.PredictionContextCache                        : loaded 2 times (x 75B)
Class org.apache.groovy.parser.antlr4.GroovyParser$EmptyStmtAltContext                : loaded 2 times (x 158B)
Class groovyjarjarantlr4.v4.runtime.atn.ATNDeserializer$UnicodeDeserializer           : loaded 2 times (x 70B)
Class org.apache.groovy.parser.antlr4.GroovyParser$ArgumentsContext                   : loaded 2 times (x 160B)
Class org.apache.groovy.parser.antlr4.GroovyParser$UnaryAddExprAltContext             : loaded 2 times (x 162B)
Class groovyjarjarantlr4.v4.runtime.tree.ParseTree                                    : loaded 2 times (x 70B)
Class org.codehaus.groovy.ast.stmt.ContinueStatement                                  : loaded 2 times (x 111B)
Class org.codehaus.groovy.runtime.InvokerHelper                                       : loaded 2 times (x 71B)
Class org.codehaus.groovy.vmplugin.v8.Java8                                           : loaded 2 times (x 109B)
Class groovy.lang.MetaClassRegistry$MetaClassCreationHandle                           : loaded 2 times (x 74B)
Class kotlin.reflect.jvm.internal.KClassImpl$Data$$Lambda$8                           : loaded 2 times (x 76B)
Class [Lkotlin.reflect.KDeclarationContainer;                                         : loaded 2 times (x 69B)
Class it.unimi.dsi.fastutil.objects.ObjectIterable                                    : loaded 2 times (x 70B)
Class com.android.tools.lint.model.DefaultLintModelAndroidLibrary                     : loaded 2 times (x 111B)
Class com.google.common.collect.ReverseNaturalOrdering                                : loaded 2 times (x 114B)
Class com.android.sdklib.AndroidApiLevel$Companion                                    : loaded 2 times (x 71B)
Class com.android.prefs.AndroidLocationsProvider                                      : loaded 2 times (x 70B)
Class kotlin.jvm.internal.Lambda                                                      : loaded 2 times (x 75B)
Class com.google.common.io.CharStreams$NullWriter                                     : loaded 2 times (x 99B)
Class org.objectweb.asm.SymbolTable$Entry                                             : loaded 2 times (x 74B)
Class com.google.common.util.concurrent.AbstractFuture$AtomicHelper                   : loaded 2 times (x 78B)
Class com.amazon.ion.system.IonSystemBuilder$Mutable                                  : loaded 2 times (x 75B)
Class com.amazon.ion.impl.bin.IonManagedBinaryWriter$SymbolResolverBuilder            : loaded 2 times (x 70B)
Class org.jetbrains.kotlin.idea.gradleTooling.KotlinGradleModel                       : loaded 2 times (x 70B)
Class [Lio.opentelemetry.api.trace.TraceFlags;                                        : loaded 2 times (x 69B)
Class [Lio.opentelemetry.context.ContextStorage;                                      : loaded 2 times (x 69B)
Class com.intellij.platform.diagnostic.telemetry.rt.context.TelemetryContext          : loaded 2 times (x 134B)
Class org.jetbrains.plugins.gradle.tooling.serialization.ExternalTestsSerializationService$WriteContext: loaded 2 times (x 72B)
Class io.opentelemetry.context.Scope                                                  : loaded 2 times (x 70B)
Class build_bk8sz87gsp6ecxt9pmcs7plf3$_run_closure1$_closure4                         : loaded 2 times (x 139B)
Class [Lcom.google.common.base.CaseFormat;                                            : loaded 2 times (x 69B)
Class kotlin.reflect.jvm.internal.impl.resolve.OverridingUtil$OverrideCompatibilityInfo: loaded 2 times (x 73B)
Class kotlin.reflect.jvm.internal.impl.types.checker.ClassicTypeCheckerStateKt        : loaded 2 times (x 71B)
Class [Lkotlin.reflect.jvm.internal.impl.resolve.scopes.MemberScope;                  : loaded 2 times (x 69B)
Class kotlin.reflect.jvm.internal.impl.protobuf.WireFormat$FieldType$4                : loaded 2 times (x 83B)
Class kotlin.reflect.jvm.internal.impl.descriptors.impl.FunctionDescriptorImpl        : loaded 2 times (x 194B)
Class kotlin.reflect.jvm.internal.impl.types.ClassifierBasedTypeConstructor           : loaded 2 times (x 86B)
Class kotlin.reflect.jvm.internal.impl.renderer.DescriptorRenderer$$Lambda$10         : loaded 2 times (x 75B)
Class kotlin.reflect.jvm.internal.impl.renderer.PropertyAccessorRenderingPolicy       : loaded 2 times (x 79B)
Class kotlin.reflect.jvm.internal.impl.load.kotlin.AbstractBinaryClassAnnotationAndConstantLoader: loaded 2 times (x 107B)
Class kotlin.reflect.jvm.internal.impl.load.java.JavaModuleAnnotationsProvider        : loaded 2 times (x 70B)
Class kotlin.reflect.jvm.internal.impl.incremental.components.LookupTracker$DO_NOTHING: loaded 2 times (x 75B)
Class kotlin.reflect.jvm.internal.impl.builtins.KotlinBuiltIns$4                      : loaded 2 times (x 77B)
Class org.codehaus.groovy.classgen.Verifier$7                                         : loaded 2 times (x 187B)
Class org.codehaus.groovy.ast.tools.ParameterUtils                                    : loaded 2 times (x 71B)
Class org.apache.groovy.parser.antlr4.GroovyParser$SwitchBlockStatementGroupContext   : loaded 2 times (x 161B)
Class groovyjarjarantlr4.v4.runtime.atn.BlockEndState                                 : loaded 2 times (x 89B)
Class org.apache.groovy.parser.antlr4.GroovyParser$MethodBodyContext                  : loaded 2 times (x 157B)
Class org.codehaus.groovy.ast.expr.MapExpression                                      : loaded 2 times (x 131B)
Class groovy.lang.Script                                                              : loaded 2 times (x 95B)
Class org.codehaus.groovy.runtime.metaclass.ClosureMetaMethod$AnonymousMetaMethod     : loaded 2 times (x 96B)
Class org.codehaus.groovy.util.ReferenceManager$CallBackedManager                     : loaded 2 times (x 76B)
Class kotlin.jvm.internal.markers.KMutableMap$Entry                                   : loaded 2 times (x 70B)
Class com.amazon.ion.impl.bin.IonManagedBinaryWriter$ImportedSymbolResolverMode$2     : loaded 2 times (x 80B)
Class it.unimi.dsi.fastutil.objects.Object2IntOpenHashMap                             : loaded 2 times (x 247B)
Class kotlin.reflect.jvm.internal.KClassImpl$Data$$Lambda$9                           : loaded 2 times (x 76B)
Class [Lcom.intellij.openapi.diagnostic.LogLevel;                                     : loaded 2 times (x 69B)
Class com.android.builder.model.v2.ide.Variant                                        : loaded 2 times (x 70B)
Class org.objectweb.asm.Edge                                                          : loaded 2 times (x 72B)
Class com.google.common.base.Suppliers$SupplierOfInstance                             : loaded 2 times (x 79B)
Class com.google.gson.internal.bind.ReflectiveTypeAdapterFactory                      : loaded 2 times (x 75B)
Class com.google.gson.internal.sql.SqlTimestampTypeAdapter                            : loaded 2 times (x 76B)
Class com.amazon.ion.impl.bin.IonManagedBinaryWriter$LocalSymbolTableView             : loaded 2 times (x 119B)
Class com.amazon.ion.impl.bin.IonRawBinaryWriter$ThrowingRunnable                     : loaded 2 times (x 70B)
Class io.opentelemetry.context.ThreadLocalContextStorage                              : loaded 2 times (x 85B)
Class org.gradle.tooling.model.Model                                                  : loaded 2 times (x 70B)
Class build_bk8sz87gsp6ecxt9pmcs7plf3$_run_closure1$_closure5                         : loaded 2 times (x 139B)
Class com.google.protobuf.Utf8                                                        : loaded 2 times (x 71B)
Class com.google.protobuf.GeneratedMessageV3                                          : loaded 2 times (x 178B)
Class kotlin.reflect.jvm.internal.KDeclarationContainerImpl$FunctionJvmDescriptor     : loaded 2 times (x 72B)
Class kotlin.reflect.jvm.internal.impl.serialization.deserialization.SuspendFunctionTypeUtilKt: loaded 2 times (x 71B)
Class kotlin.reflect.jvm.internal.impl.types.model.TypeSystemContext                  : loaded 2 times (x 70B)
Class kotlin.reflect.jvm.internal.impl.metadata.ProtoBuf$QualifiedNameTable$QualifiedName$Kind: loaded 2 times (x 82B)
Class kotlin.reflect.jvm.internal.impl.metadata.ProtoBuf$StringTable$1                : loaded 2 times (x 87B)
Class kotlin.reflect.jvm.internal.impl.load.java.structure.ListBasedJavaAnnotationOwner: loaded 2 times (x 70B)
Class kotlin.reflect.jvm.internal.impl.descriptors.runtime.components.RuntimeSourceElementFactory$RuntimeSourceElement: loaded 2 times (x 78B)
Class kotlin.reflect.jvm.internal.impl.descriptors.runtime.structure.ReflectJavaClass : loaded 2 times (x 116B)
Class kotlin.reflect.jvm.internal.impl.metadata.deserialization.Flags$EnumLiteFlagField: loaded 2 times (x 76B)
Class kotlin.reflect.jvm.internal.impl.serialization.deserialization.FlexibleTypeDeserializer$ThrowException: loaded 2 times (x 74B)
Class kotlin.reflect.jvm.internal.impl.metadata.jvm.JvmProtoBuf                       : loaded 2 times (x 71B)
Class kotlin.reflect.jvm.internal.impl.descriptors.impl.ClassDescriptorBase           : loaded 2 times (x 175B)
Class kotlin.reflect.jvm.internal.impl.renderer.DescriptorRendererOptionsImpl$$Lambda$0: loaded 2 times (x 75B)
Class kotlin.reflect.jvm.internal.impl.resolve.constants.IntegerValueConstant         : loaded 2 times (x 74B)
Class kotlin.reflect.jvm.internal.impl.types.checker.NewKotlinTypeChecker$Companion   : loaded 2 times (x 71B)
Class kotlin.reflect.jvm.internal.impl.load.java.JavaClassesTracker                   : loaded 2 times (x 70B)
Class kotlin.reflect.jvm.internal.impl.builtins.ReflectionTypes$Companion             : loaded 2 times (x 71B)
Class kotlin.reflect.jvm.internal.impl.descriptors.DeclarationDescriptorNonRoot       : loaded 2 times (x 70B)
Class org.codehaus.groovy.classgen.Verifier$8                                         : loaded 2 times (x 187B)
Class org.codehaus.groovy.classgen.asm.OptimizingStatementWriter$OptVisitor           : loaded 2 times (x 212B)
Class org.codehaus.groovy.transform.stc.StaticTypeCheckingSupport$1                   : loaded 2 times (x 91B)
Class org.apache.groovy.util.concurrent.concurrentlinkedhashmap.ConcurrentLinkedHashMap$Builder: loaded 2 times (x 72B)
Class org.codehaus.groovy.classgen.asm.BytecodeHelper                                 : loaded 2 times (x 71B)
Class org.apache.groovy.parser.antlr4.GroovyParser$ModifiersContext                   : loaded 2 times (x 160B)
Class org.codehaus.groovy.ast.expr.ArrayExpression                                    : loaded 2 times (x 134B)
Class org.codehaus.groovy.ast.expr.UnaryPlusExpression                                : loaded 2 times (x 129B)
Class org.codehaus.groovy.ast.expr.ClosureListExpression                              : loaded 2 times (x 134B)
Class org.codehaus.groovy.util.ManagedConcurrentMap$Entry                             : loaded 2 times (x 92B)
Class [Lorg.codehaus.groovy.util.LockableObject;                                      : loaded 2 times (x 69B)
Class org.codehaus.groovy.runtime.callsite.ClassMetaClassGetPropertySite              : loaded 2 times (x 146B)
Class groovy.lang.Tuple                                                               : loaded 2 times (x 206B)
Class org.codehaus.groovy.util.ReferenceType$WeakRef                                  : loaded 2 times (x 86B)
Class org.codehaus.groovy.reflection.stdclasses.BigIntegerCachedClass                 : loaded 2 times (x 95B)
Class groovy.lang.Buildable                                                           : loaded 2 times (x 70B)
Class kotlin.properties.Delegates                                                     : loaded 2 times (x 71B)
Class com.google.gson.internal.bind.TypeAdapters$32                                   : loaded 2 times (x 76B)
Class kotlin.collections.AbstractMutableSet                                           : loaded 2 times (x 142B)
Class [Lcom.google.common.collect.AbstractIterator$State;                             : loaded 2 times (x 69B)
Class org.jetbrains.kotlin.config.LanguageVersionSettings                             : loaded 2 times (x 70B)
Class com.android.utils.EnvironmentProvider$DirectEnvironmentProvider                 : loaded 2 times (x 80B)
Class kotlin.reflect.jvm.internal.KPropertyImpl$$Lambda$1                             : loaded 2 times (x 76B)
Class com.google.common.reflect.TypeToken$1                                           : loaded 2 times (x 110B)
Class com.android.ide.common.repository.AgpVersion$PreviewKind$WhenMappings           : loaded 2 times (x 71B)
Class com.google.common.cache.LocalCache$ComputingValueReference                      : loaded 2 times (x 96B)
Class com.google.gson.internal.sql.SqlDateTypeAdapter$1                               : loaded 2 times (x 75B)
Class com.amazon.ion.UnknownSymbolException                                           : loaded 2 times (x 86B)
Class com.android.ide.gradle.model.composites.BuildMap                                : loaded 2 times (x 70B)
Class kotlin.KotlinVersion$Companion                                                  : loaded 2 times (x 71B)
Class build_bk8sz87gsp6ecxt9pmcs7plf3$_run_closure1$_closure6                         : loaded 2 times (x 139B)
Class com.google.protobuf.MessageLite$Builder                                         : loaded 2 times (x 70B)
Class kotlin.reflect.jvm.internal.impl.load.java.components.DescriptorResolverUtils$1 : loaded 2 times (x 77B)
Class kotlin.reflect.jvm.internal.impl.serialization.deserialization.descriptors.DeserializedClassDescriptor$DeserializedClassTypeConstructor$$Lambda$0: loaded 2 times (x 76B)
Class kotlin.reflect.jvm.internal.impl.load.kotlin.KotlinJvmBinarySourceElement       : loaded 2 times (x 78B)
Class kotlin.reflect.jvm.internal.impl.descriptors.impl.ModuleDependencies            : loaded 2 times (x 70B)
Class kotlin.reflect.jvm.internal.impl.renderer.DescriptorRendererOptionsImpl$$Lambda$1: loaded 2 times (x 75B)
Class kotlin.reflect.jvm.internal.impl.renderer.DescriptorRendererOptions             : loaded 2 times (x 70B)
Class kotlin.reflect.jvm.internal.impl.metadata.deserialization.BinaryVersion         : loaded 2 times (x 72B)
Class org.codehaus.groovy.classgen.asm.StatementWriter                                : loaded 2 times (x 92B)
Class groovyjarjarantlr4.v4.runtime.atn.SemanticContext                               : loaded 2 times (x 73B)
Class [Lgroovyjarjarantlr4.v4.runtime.dfa.DFA;                                        : loaded 2 times (x 69B)
Class groovyjarjarantlr4.v4.runtime.atn.StarLoopEntryState                            : loaded 2 times (x 90B)
Class org.apache.groovy.parser.antlr4.GroovyParser$CompilationUnitContext             : loaded 2 times (x 161B)
Class org.codehaus.groovy.runtime.metaclass.MetaMethodIndex$CacheEntry                : loaded 2 times (x 72B)
Class org.codehaus.groovy.runtime.dgmimpl.arrays.DoubleArrayGetAtMetaMethod           : loaded 2 times (x 97B)
Class kotlin.reflect.KProperty$Getter                                                 : loaded 2 times (x 70B)
Class com.google.common.collect.AbstractMapBasedMultimap$AsMap$AsMapEntries           : loaded 2 times (x 138B)
Class com.google.common.reflect.TypeToken$2                                           : loaded 2 times (x 110B)
Class com.android.builder.model.v2.ide.Library                                        : loaded 2 times (x 70B)
Class com.android.builder.model.v2.ide.ArtifactDependenciesAdjacencyList              : loaded 2 times (x 70B)
Class com.android.builder.model.v2.models.Versions                                    : loaded 2 times (x 70B)
Class com.google.common.cache.LocalCache$Segment                                      : loaded 2 times (x 154B)
Class io.opentelemetry.context.Context                                                : loaded 2 times (x 70B)
Class org.jetbrains.plugins.gradle.model.IntelliJProjectSettings                      : loaded 2 times (x 70B)
Class org.gradle.tooling.internal.adapter.ProtocolToModelAdapter$MethodInvocationCache: loaded 2 times (x 73B)
Class groovy.lang.GroovyCodeSource                                                    : loaded 2 times (x 79B)
Class build_bk8sz87gsp6ecxt9pmcs7plf3$_run_closure1$_closure7                         : loaded 2 times (x 139B)
Class com.google.protobuf.Parser                                                      : loaded 2 times (x 70B)
Class kotlin.reflect.jvm.internal.impl.types.FlexibleTypesKt                          : loaded 2 times (x 71B)
Class kotlin.reflect.jvm.internal.impl.metadata.jvm.JvmProtoBuf$StringTableTypes$Record$1: loaded 2 times (x 87B)
Class kotlin.reflect.jvm.internal.impl.types.WrappedType                              : loaded 2 times (x 84B)
Class [Lorg.apache.groovy.util.concurrent.concurrentlinkedhashmap.EvictionListener;   : loaded 2 times (x 69B)
Class org.codehaus.groovy.classgen.InnerClassVisitor                                  : loaded 2 times (x 212B)
Class org.apache.groovy.parser.antlr4.GroovyParser$ForUpdateContext                   : loaded 2 times (x 157B)
Class org.codehaus.groovy.ast.expr.StaticMethodCallExpression                         : loaded 2 times (x 141B)
Class org.apache.groovy.parser.antlr4.GroovyParser$WhileStmtAltContext                : loaded 2 times (x 161B)
Class org.apache.groovy.parser.antlr4.GroovyParser$MultiplicativeExprAltContext       : loaded 2 times (x 164B)
Class org.codehaus.groovy.transform.ASTTransformationVisitor$1                        : loaded 2 times (x 71B)
Class org.codehaus.groovy.vmplugin.VMPlugin                                           : loaded 2 times (x 70B)
Class org.codehaus.groovy.reflection.GeneratedMetaMethod$DgmMethodRecord              : loaded 2 times (x 72B)
Class groovy.lang.GroovyInterceptable                                                 : loaded 2 times (x 70B)
Class [Lcom.android.ide.common.resources.DataFile$FileType;                           : loaded 2 times (x 69B)
Class org.apache.groovy.parser.antlr4.GroovyParser$PrimaryContext                     : loaded 2 times (x 157B)
Class org.apache.groovy.parser.antlr4.GroovyParser$StringLiteralContext               : loaded 2 times (x 157B)
Class org.apache.groovy.parser.antlr4.GroovyParser$RparenContext                      : loaded 2 times (x 157B)
Class kotlin.reflect.jvm.internal.ReflectProperties                                   : loaded 2 times (x 71B)
Class kotlin.SafePublicationLazyImpl                                                  : loaded 2 times (x 76B)
Class it.unimi.dsi.fastutil.objects.ObjectIterator                                    : loaded 2 times (x 70B)
Class org.jetbrains.kotlin.utils.DescriptionAware                                     : loaded 2 times (x 70B)
Class com.android.builder.model.v2.models.ndk.NativeModule                            : loaded 2 times (x 70B)
Class [Lorg.objectweb.asm.SymbolTable$Entry;                                          : loaded 2 times (x 69B)
Class com.google.common.cache.CacheLoader                                             : loaded 2 times (x 74B)
Class com.google.gson.internal.bind.ReflectiveTypeAdapterFactory$Adapter              : loaded 2 times (x 77B)
Class com.google.gson.internal.bind.TypeAdapters$10                                   : loaded 2 times (x 75B)
Class org.jetbrains.plugins.gradle.model.ExternalDependency                           : loaded 2 times (x 70B)
Class com.intellij.util.containers.IntObjectHashMap                                   : loaded 2 times (x 72B)
Class org.gradle.internal.installation.GradleInstallation$1                           : loaded 2 times (x 75B)
Class org.gradle.api.internal.classpath.ModuleRegistry                                : loaded 2 times (x 70B)
Class build_bk8sz87gsp6ecxt9pmcs7plf3$_run_closure1$_closure8                         : loaded 2 times (x 139B)
Class com.google.protobuf.Descriptors$GenericDescriptor                               : loaded 2 times (x 75B)
Class kotlin.reflect.jvm.internal.impl.types.AbstractStubType                         : loaded 2 times (x 94B)
Class kotlin.reflect.jvm.internal.impl.metadata.deserialization.NameResolver          : loaded 2 times (x 70B)
Class kotlin.reflect.jvm.internal.impl.descriptors.FindClassInModuleKt                : loaded 2 times (x 71B)
Class [Lkotlin.reflect.jvm.internal.impl.descriptors.DeclarationDescriptor;           : loaded 2 times (x 69B)
Class kotlin.reflect.jvm.internal.impl.metadata.ProtoBuf$VersionRequirementTableOrBuilder: loaded 2 times (x 70B)
Class kotlin.reflect.jvm.internal.impl.metadata.ProtoBuf$ValueParameter$1             : loaded 2 times (x 87B)
Class kotlin.reflect.jvm.internal.impl.descriptors.FieldDescriptor                    : loaded 2 times (x 70B)
Class [Lorg.codehaus.groovy.classgen.asm.MethodCaller;                                : loaded 2 times (x 69B)
Class org.codehaus.groovy.transform.trait.Traits                                      : loaded 2 times (x 71B)
Class [Lgroovyjarjarantlr4.v4.runtime.atn.SemanticContext;                            : loaded 2 times (x 69B)
Class groovyjarjarantlr4.v4.runtime.DefaultErrorStrategy                              : loaded 2 times (x 107B)
Class [Lorg.codehaus.groovy.runtime.metaclass.MetaMethodIndex$Entry;                  : loaded 2 times (x 69B)
Class org.codehaus.groovy.runtime.metaclass.MetaClassRegistryImpl                     : loaded 2 times (x 101B)
Class org.apache.groovy.parser.antlr4.util.StringUtils                                : loaded 2 times (x 71B)
Class com.android.resources.ResourceType$Kind                                         : loaded 2 times (x 79B)
Class org.apache.groovy.util.concurrent.concurrentlinkedhashmap.Linked                : loaded 2 times (x 70B)
Class org.codehaus.groovy.classgen.asm.BytecodeVariable                               : loaded 2 times (x 85B)
Class com.android.ProgressManagerAdapter                                              : loaded 2 times (x 73B)
Class kotlin.reflect.jvm.internal.impl.builtins.jvm.JvmBuiltIns$Kind                  : loaded 2 times (x 79B)
Class com.google.common.util.concurrent.internal.InternalFutureFailureAccess          : loaded 2 times (x 72B)
Class com.google.gson.internal.bind.TypeAdapters$11                                   : loaded 2 times (x 75B)
Class [Lcom.google.gson.FieldNamingPolicy;                                            : loaded 2 times (x 69B)
Class com.amazon.ion.impl.bin.IonManagedBinaryWriter$SymbolState$1                    : loaded 2 times (x 80B)
Class com.amazon.ion.impl.LocalSymbolTableAsStruct$Factory                            : loaded 2 times (x 79B)
Class [Lcom.amazon.ion.IonType;                                                       : loaded 2 times (x 69B)
Class org.jetbrains.plugins.gradle.model.VersionCatalogsModel                         : loaded 2 times (x 70B)
Class com.intellij.gradle.toolingExtension.impl.model.sourceSetDependencyModel.GradleSourceSetDependencySerialisationService$SourceSetDependencyModelReadContext: loaded 2 times (x 72B)
Class com.intellij.gradle.toolingExtension.impl.model.dependencyModel.DependencyReadContext: loaded 2 times (x 72B)
Class org.gradle.tooling.internal.adapter.ObjectGraphAdapter                          : loaded 2 times (x 70B)
Class com.google.protobuf.AbstractMessageLite                                         : loaded 2 times (x 101B)
Class kotlin.reflect.jvm.internal.impl.serialization.deserialization.descriptors.DeserializedPropertyDescriptor: loaded 2 times (x 216B)
Class kotlin.reflect.jvm.internal.impl.descriptors.runtime.structure.ReflectJavaType$Factory: loaded 2 times (x 71B)
Class kotlin.reflect.jvm.internal.impl.metadata.ProtoBuf$Modality$1                   : loaded 2 times (x 74B)
Class kotlin.reflect.jvm.internal.impl.metadata.jvm.deserialization.JvmNameResolverKt : loaded 2 times (x 71B)
Class kotlin.reflect.jvm.internal.impl.protobuf.ByteString                            : loaded 2 times (x 97B)
Class kotlin.reflect.jvm.internal.impl.renderer.DescriptorRenderer$$Lambda$0          : loaded 2 times (x 75B)
Class kotlin.reflect.jvm.internal.impl.serialization.deserialization.LocalClassifierTypeSettings: loaded 2 times (x 70B)
Class kotlin.reflect.jvm.internal.impl.load.java.ReportLevel$Companion                : loaded 2 times (x 71B)
Class kotlin.reflect.jvm.internal.impl.load.java.ReportLevel                          : loaded 2 times (x 79B)
Class kotlin.reflect.jvm.internal.impl.load.java.JavaClassFinder                      : loaded 2 times (x 70B)
Class org.codehaus.groovy.classgen.asm.UnaryExpressionHelper                          : loaded 2 times (x 76B)
Class org.codehaus.groovy.classgen.asm.InvocationWriter                               : loaded 2 times (x 93B)
Class groovyjarjarantlr4.v4.runtime.atn.ConflictInfo                                  : loaded 2 times (x 72B)
Class groovyjarjarantlr4.v4.runtime.InputMismatchException                            : loaded 2 times (x 90B)
Class org.codehaus.groovy.control.ResolveVisitor$ConstructedNestedClass               : loaded 2 times (x 243B)
Class org.codehaus.groovy.runtime.metaclass.MethodHelper                              : loaded 2 times (x 71B)
Class groovy.lang.MetaClassImpl$MetaConstructor                                       : loaded 2 times (x 96B)
Class org.codehaus.groovy.runtime.metaclass.MethodMetaProperty                        : loaded 2 times (x 78B)
Class org.codehaus.groovy.runtime.dgmimpl.arrays.ByteArrayGetAtMetaMethod             : loaded 2 times (x 97B)
Class org.codehaus.groovy.reflection.ClassInfo$1                                      : loaded 2 times (x 76B)
Class kotlin.reflect.jvm.internal.impl.types.checker.KotlinTypeChecker$TypeConstructorEquality: loaded 2 times (x 70B)
Class kotlin.reflect.jvm.internal.KDeclarationContainerImpl                           : loaded 2 times (x 84B)
Class [Lkotlin.reflect.jvm.internal.impl.renderer.DescriptorRendererModifier;         : loaded 2 times (x 69B)
Class org.jetbrains.kotlin.name.FqNameUnsafe                                          : loaded 2 times (x 72B)
Class kotlin.reflect.jvm.internal.impl.types.TypeUtils                                : loaded 2 times (x 71B)
Class kotlin.reflect.jvm.internal.impl.types.TypeProjection                           : loaded 2 times (x 70B)
Class com.google.common.collect.Iterators$6                                           : loaded 2 times (x 81B)
Class com.google.common.collect.ImmutableMultimap$Values                              : loaded 2 times (x 126B)
Class com.android.builder.model.v2.ide.Installation                                   : loaded 2 times (x 70B)
Class com.google.common.util.concurrent.AbstractFuture$UnsafeAtomicHelper             : loaded 2 times (x 78B)
Class com.google.common.cache.LocalCache$LocalManualCache$1                           : loaded 2 times (x 75B)
Class com.google.gson.internal.bind.TypeAdapters$12                                   : loaded 2 times (x 75B)
Class [Lcom.google.gson.ToNumberStrategy;                                             : loaded 2 times (x 69B)
Class org.jetbrains.plugins.gradle.model.ProjectImportModelProvider                   : loaded 2 times (x 70B)
Class org.jetbrains.plugins.gradle.model.ExternalSourceSet                            : loaded 2 times (x 70B)
Class com.amazon.ion.impl.bin.IonManagedBinaryWriter$SymbolState$2                    : loaded 2 times (x 80B)
Class com.amazon.ion.IonNull                                                          : loaded 2 times (x 70B)
Class com.intellij.gradle.toolingExtension.impl.model.warmUp.GradleTaskWarmUpRequest  : loaded 2 times (x 70B)
Class com.android.ide.gradle.model.LegacyAndroidGradlePluginPropertiesModelParameters : loaded 2 times (x 70B)
Class com.google.common.collect.ImmutableSortedAsList                                 : loaded 2 times (x 221B)
Class [Lkotlin.reflect.jvm.internal.impl.descriptors.annotations.Annotated;           : loaded 2 times (x 69B)
Class kotlin.reflect.jvm.internal.impl.load.java.typeEnhancement.AbstractSignatureParts$$Lambda$0: loaded 2 times (x 76B)
Class kotlin.reflect.jvm.internal.impl.metadata.ProtoBuf$PackageFragment$1            : loaded 2 times (x 87B)
Class kotlin.reflect.jvm.internal.impl.load.java.lazy.descriptors.ClassDeclaredMemberIndex$$Lambda$0: loaded 2 times (x 76B)
Class kotlin.reflect.jvm.internal.impl.protobuf.SmallSortedMap$EntrySet               : loaded 2 times (x 137B)
Class kotlin.reflect.jvm.internal.impl.protobuf.CodedOutputStream                     : loaded 2 times (x 72B)
Class kotlin.reflect.jvm.internal.impl.load.java.structure.JavaPackage                : loaded 2 times (x 70B)
Class kotlin.reflect.jvm.internal.impl.util.ModuleVisibilityHelper$EMPTY              : loaded 2 times (x 74B)
Class kotlin.reflect.jvm.internal.impl.descriptors.impl.ModuleAwareClassDescriptor    : loaded 2 times (x 172B)
Class kotlin.reflect.jvm.internal.impl.renderer.DescriptorRenderer$$Lambda$1          : loaded 2 times (x 75B)
Class kotlin.reflect.jvm.internal.impl.load.java.AbstractAnnotationTypeQualifierResolver$Companion: loaded 2 times (x 71B)
Class org.codehaus.groovy.classgen.FinalVariableAnalyzer$StateMap                     : loaded 2 times (x 136B)
Class org.apache.groovy.parser.antlr4.GroovyParser$AssertStmtAltContext               : loaded 2 times (x 158B)
Class groovyjarjarantlr4.v4.runtime.NoViableAltException                              : loaded 2 times (x 92B)
Class groovyjarjarantlr4.v4.runtime.tree.TerminalNode                                 : loaded 2 times (x 70B)
Class groovyjarjarantlr4.v4.runtime.atn.LexerSkipAction                               : loaded 2 times (x 76B)
Class [Lorg.codehaus.groovy.ast.MixinNode;                                            : loaded 2 times (x 69B)
Class org.codehaus.groovy.control.CompilationUnit$ISourceUnitOperation                : loaded 2 times (x 70B)
Class org.codehaus.groovy.reflection.stdclasses.ArrayCachedClass                      : loaded 2 times (x 95B)
Class org.codehaus.groovy.reflection.stdclasses.BigDecimalCachedClass                 : loaded 2 times (x 95B)
Class com.google.common.collect.Multimaps$CustomListMultimap                          : loaded 2 times (x 174B)
Class com.android.utils.PositionXmlParser$SaxParserPool                               : loaded 2 times (x 79B)
Class org.jetbrains.kotlin.config.AnalysisFlag                                        : loaded 2 times (x 72B)
Class kotlin.reflect.jvm.internal.impl.descriptors.runtime.structure.Java16SealedRecordLoader: loaded 2 times (x 71B)
Class kotlin.reflect.jvm.internal.impl.load.java.lazy.descriptors.LazyJavaClassDescriptor$$Lambda$2: loaded 2 times (x 76B)
Class [Lcom.android.prefs.Global;                                                     : loaded 2 times (x 69B)
Class kotlin.reflect.jvm.internal.impl.types.TypeSubstitution$Companion$EMPTY$1       : loaded 2 times (x 77B)
Class kotlin.reflect.jvm.internal.impl.name.CallableId                                : loaded 2 times (x 72B)
Class com.google.common.collect.Multimaps$CustomSetMultimap                           : loaded 2 times (x 178B)
Class com.android.builder.model.v2.models.ModelBuilderParameter                       : loaded 2 times (x 70B)
Class com.google.gson.internal.bind.TypeAdapters$13                                   : loaded 2 times (x 75B)
Class com.amazon.ion.impl.bin.IonRawBinaryWriter$ContainerInfo                        : loaded 2 times (x 74B)
Class com.amazon.ion.impl.bin.IonManagedBinaryWriter$SymbolState$3                    : loaded 2 times (x 80B)
Class com.amazon.ion.impl.bin.IonRawBinaryWriter$StreamFlushMode                      : loaded 2 times (x 79B)
Class com.amazon.ion.IonBinaryWriter                                                  : loaded 2 times (x 70B)
Class com.intellij.gradle.toolingExtension.impl.model.sourceSetArtifactIndex.GradleSourceSetArtifactBuildRequest: loaded 2 times (x 70B)
Class com.google.common.collect.Lists$TransformingRandomAccessList                    : loaded 2 times (x 199B)
Class org.gradle.api.internal.classpath.DefaultModuleRegistry                         : loaded 2 times (x 86B)
Class com.google.common.io.ByteSource$ConcatenatedByteSource                          : loaded 2 times (x 85B)
Class kotlin.reflect.jvm.internal.impl.name.CallableId$Companion                      : loaded 2 times (x 71B)
Class kotlin.reflect.jvm.internal.impl.metadata.ProtoBuf$VersionRequirement$Level$1   : loaded 2 times (x 74B)
Class kotlin.reflect.jvm.internal.impl.load.java.typeEnhancement.AbstractSignatureParts$$Lambda$1: loaded 2 times (x 76B)
Class kotlin.reflect.jvm.internal.impl.load.java.lazy.types.JavaTypeFlexibility       : loaded 2 times (x 79B)
Class kotlin.reflect.jvm.internal.impl.load.java.lazy.descriptors.DeclaredMemberIndex : loaded 2 times (x 70B)
Class kotlin.reflect.jvm.internal.impl.resolve.scopes.DescriptorKindFilter$Companion$MaskToName: loaded 2 times (x 72B)
Class kotlin.reflect.jvm.internal.impl.metadata.ProtoBuf$Type$Argument$1              : loaded 2 times (x 87B)
Class kotlin.reflect.jvm.internal.impl.descriptors.impl.AbstractClassDescriptor$1     : loaded 2 times (x 77B)
Class kotlin.reflect.jvm.internal.impl.types.LazyWrappedType                          : loaded 2 times (x 85B)
Class kotlin.reflect.jvm.internal.impl.renderer.DescriptorRenderer$$Lambda$2          : loaded 2 times (x 75B)
Class kotlin.reflect.jvm.internal.impl.storage.MemoizedFunctionToNotNull              : loaded 2 times (x 70B)
Class kotlin.reflect.jvm.internal.impl.descriptors.runtime.components.RuntimeModuleData$Companion: loaded 2 times (x 71B)
Class groovyjarjarasm.asm.SymbolTable                                                 : loaded 2 times (x 72B)
Class org.codehaus.groovy.classgen.asm.MopWriter$Factory                              : loaded 2 times (x 70B)
Class groovyjarjarantlr4.v4.runtime.tree.ParseTreeListener                            : loaded 2 times (x 70B)
Class groovyjarjarantlr4.v4.runtime.dfa.DFAState                                      : loaded 2 times (x 79B)
Class groovyjarjarantlr4.v4.runtime.ConsoleErrorListener                              : loaded 2 times (x 75B)
Class groovyjarjarantlr4.v4.runtime.atn.LoopEndState                                  : loaded 2 times (x 89B)
Class groovyjarjarantlr4.v4.runtime.CodePointBuffer                                   : loaded 2 times (x 81B)
Class org.apache.groovy.parser.antlr4.GroovyParser$MapEntryLabelContext               : loaded 2 times (x 158B)
Class org.apache.groovy.parser.antlr4.GroovyParser$FormalParameterContext             : loaded 2 times (x 164B)
Class org.codehaus.groovy.control.ASTTransformationsContext                           : loaded 2 times (x 75B)
Class org.codehaus.groovy.control.messages.Message                                    : loaded 2 times (x 72B)
Class org.codehaus.groovy.runtime.metaclass.MissingMethodExceptionNoStack             : loaded 2 times (x 92B)
Class org.codehaus.groovy.runtime.dgmimpl.arrays.IntegerArrayGetAtMetaMethod          : loaded 2 times (x 97B)
Class groovy.lang.Closure$WritableClosure                                             : loaded 2 times (x 137B)
Class org.codehaus.groovy.util.ReferenceType$SoftRef                                  : loaded 2 times (x 86B)
Class org.codehaus.groovy.runtime.GStringImpl                                         : loaded 2 times (x 163B)
Class kotlin.collections.IndexedValue                                                 : loaded 2 times (x 72B)
Class kotlin.collections.builders.MapBuilder$Itr                                      : loaded 2 times (x 72B)
Class kotlin.KotlinVersionCurrentValue                                                : loaded 2 times (x 71B)
Class kotlin.reflect.jvm.internal.impl.name.SpecialNames                              : loaded 2 times (x 71B)
Class kotlin.reflect.jvm.internal.impl.builtins.functions.FunctionTypeKind$KFunction  : loaded 2 times (x 72B)
Class org.gradle.internal.classloader.DefaultClassLoaderFactory                       : loaded 2 times (x 82B)
Class com.intellij.util.containers.IntObjectHashMap$ArrayProducer                     : loaded 2 times (x 70B)
Class io.opentelemetry.api.GlobalOpenTelemetry                                        : loaded 2 times (x 71B)
Class com.amazon.ion.impl.bin.IonManagedBinaryWriter$ImportedSymbolResolverMode$1     : loaded 2 times (x 80B)
Class com.amazon.ion.impl.lite.IonSymbolLite                                          : loaded 2 times (x 247B)
Class com.google.common.util.concurrent.ListenableFuture                              : loaded 2 times (x 70B)
Class com.google.common.cache.ReferenceEntry                                          : loaded 2 times (x 70B)
Class com.google.gson.internal.bind.NumberTypeAdapter$1                               : loaded 2 times (x 76B)
Class com.google.gson.internal.bind.TypeAdapters$1                                    : loaded 2 times (x 75B)
Class com.google.gson.internal.bind.TypeAdapters$14                                   : loaded 2 times (x 75B)
Class com.amazon.ion.impl.bin.IonManagedBinaryWriter$SymbolState$4                    : loaded 2 times (x 80B)
Class [Lcom.amazon.ion.util.InputStreamInterceptor;                                   : loaded 2 times (x 69B)
Class org.jetbrains.plugins.gradle.tooling.serialization.internal.IdeaProjectSerializationService$WriteContext$1: loaded 2 times (x 83B)
Class org.jetbrains.plugins.gradle.model.ExternalProject                              : loaded 2 times (x 70B)
Class jdk.internal.jimage.BasicImageReader$2                                          : loaded 2 times (x 77B)
Class [Lcom.amazon.ion.impl.bin.IonRawBinaryWriter$StreamCloseMode;                   : loaded 2 times (x 69B)
Class [Lkotlin.reflect.jvm.internal.impl.metadata.ProtoBuf$VersionRequirement$VersionKind;: loaded 2 times (x 69B)
Class kotlin.reflect.jvm.internal.impl.descriptors.SimpleFunctionDescriptor           : loaded 2 times (x 70B)
Class kotlin.reflect.jvm.internal.impl.load.java.typeEnhancement.AbstractSignatureParts$$Lambda$2: loaded 2 times (x 76B)
Class kotlin.reflect.jvm.internal.impl.load.java.lazy.types.JavaTypeAttributesKt      : loaded 2 times (x 71B)
Class kotlin.reflect.jvm.internal.impl.descriptors.TypeAliasDescriptor                : loaded 2 times (x 70B)
Class kotlin.reflect.jvm.internal.impl.protobuf.Internal$EnumLite                     : loaded 2 times (x 70B)
Class kotlin.reflect.jvm.internal.impl.descriptors.Visibilities$Public                : loaded 2 times (x 75B)
Class kotlin.reflect.jvm.internal.impl.descriptors.ReceiverParameterDescriptor        : loaded 2 times (x 70B)
Class kotlin.reflect.jvm.internal.impl.descriptors.impl.AbstractClassDescriptor$2     : loaded 2 times (x 77B)
Class kotlin.reflect.jvm.internal.impl.renderer.DescriptorRenderer$$Lambda$3          : loaded 2 times (x 75B)
Class kotlin.reflect.jvm.internal.impl.descriptors.SourceElement                      : loaded 2 times (x 70B)
Class org.codehaus.groovy.transform.stc.UnionTypeClassNode                            : loaded 2 times (x 244B)
Class groovyjarjarantlr4.v4.runtime.misc.AbstractEqualityComparator                   : loaded 2 times (x 77B)
Class groovyjarjarantlr4.v4.runtime.atn.ArrayPredictionContext                        : loaded 2 times (x 85B)
Class groovyjarjarantlr4.v4.runtime.atn.ProfilingATNSimulator                         : loaded 2 times (x 121B)
Class groovyjarjarantlr4.v4.runtime.atn.LexerCustomAction                             : loaded 2 times (x 76B)
Class groovyjarjarantlr4.v4.runtime.atn.LexerMoreAction                               : loaded 2 times (x 76B)
Class groovyjarjarantlr4.v4.runtime.CodePointCharStream$CodePoint16BitCharStream      : loaded 2 times (x 91B)
Class org.apache.groovy.parser.antlr4.GroovyParser$BuiltInTypeContext                 : loaded 2 times (x 158B)
Class org.codehaus.groovy.runtime.m12n.ExtensionModuleScanner                         : loaded 2 times (x 74B)
Class org.codehaus.groovy.runtime.dgmimpl.arrays.ObjectArrayGetAtMetaMethod           : loaded 2 times (x 97B)
Class org.codehaus.groovy.ast.expr.ClassExpression                                    : loaded 2 times (x 127B)
Class org.jetbrains.kotlin.idea.gradleTooling.AndroidAwareGradleModelProvider$Companion: loaded 2 times (x 71B)
Class com.google.gson.internal.bind.TypeAdapters$31                                   : loaded 2 times (x 76B)
Class com.google.gson.internal.bind.JsonAdapterAnnotationTypeAdapterFactory$DummyTypeAdapterFactory: loaded 2 times (x 75B)
Class com.intellij.openapi.util.io.FileTooBigException                                : loaded 2 times (x 82B)
Class kotlin.jvm.internal.markers.KMutableSet                                         : loaded 2 times (x 70B)
Class com.google.common.base.Suppliers                                                : loaded 2 times (x 71B)
Class com.android.tools.lint.model.LintModelSerialization                             : loaded 2 times (x 75B)
Class [Lcom.google.common.cache.CacheBuilder$OneWeigher;                              : loaded 2 times (x 69B)
Class [Lcom.android.builder.model.v2.ide.CodeShrinker;                                : loaded 2 times (x 69B)
Class com.google.common.util.concurrent.AbstractFuture                                : loaded 2 times (x 106B)
Class com.google.gson.internal.sql.SqlTypesSupport$1                                  : loaded 2 times (x 74B)
Class com.google.gson.internal.bind.TypeAdapters$2                                    : loaded 2 times (x 75B)
Class com.google.gson.internal.bind.TypeAdapters$15                                   : loaded 2 times (x 75B)
Class com.amazon.ion.impl.bin.utf8.Pool                                               : loaded 2 times (x 74B)
Class org.jetbrains.plugins.gradle.tooling.serialization.internal.IdeaProjectSerializationService$WriteContext$2: loaded 2 times (x 83B)
Class com.google.common.base.CaseFormat$StringConverter                               : loaded 2 times (x 90B)
Class kotlin.reflect.jvm.internal.impl.types.checker.ClassicTypeSystemContext$DefaultImpls: loaded 2 times (x 71B)
Class kotlin.reflect.jvm.internal.impl.metadata.ProtoBuf$QualifiedNameTable$QualifiedNameOrBuilder: loaded 2 times (x 70B)
Class kotlin.reflect.jvm.internal.impl.builtins.BuiltInsPackageFragment               : loaded 2 times (x 70B)
Class kotlin.reflect.jvm.internal.impl.serialization.deserialization.descriptors.DeserializedContainerSource: loaded 2 times (x 70B)
Class kotlin.reflect.jvm.internal.impl.metadata.ProtoBuf$Package                      : loaded 2 times (x 104B)
Class kotlin.reflect.jvm.internal.impl.metadata.ProtoBuf$Constructor                  : loaded 2 times (x 104B)
Class kotlin.reflect.jvm.internal.impl.descriptors.impl.AbstractClassDescriptor$3     : loaded 2 times (x 77B)
Class kotlin.reflect.jvm.internal.impl.types.model.TypeConstructorMarker              : loaded 2 times (x 70B)
Class kotlin.reflect.jvm.internal.impl.renderer.DescriptorRenderer$$Lambda$4          : loaded 2 times (x 75B)
Class kotlin.reflect.jvm.internal.impl.types.DefaultTypeAttributeTranslator           : loaded 2 times (x 74B)
Class kotlin.reflect.jvm.internal.impl.load.java.ErasedOverridabilityCondition        : loaded 2 times (x 75B)
Class groovyjarjarasm.asm.FieldVisitor                                                : loaded 2 times (x 77B)
Class org.codehaus.groovy.classgen.Verifier                                           : loaded 2 times (x 108B)
Class org.apache.groovy.parser.antlr4.GroovyLangParser$LightWeightFailedPredicateException: loaded 2 times (x 94B)
Class groovyjarjarantlr4.v4.runtime.misc.IntervalSet                                  : loaded 2 times (x 122B)
Class groovyjarjarantlr4.v4.runtime.misc.IntSet                                       : loaded 2 times (x 70B)
Class org.apache.groovy.parser.antlr4.GroovyParser$ElementValueArrayInitializerContext: loaded 2 times (x 162B)
Class org.apache.groovy.parser.antlr4.GroovyParser$BlockStatementContext              : loaded 2 times (x 158B)
Class org.apache.groovy.parser.antlr4.GroovyParser$IndexPropertyArgsContext           : loaded 2 times (x 160B)
Class org.apache.groovy.parser.antlr4.GroovyParser$ClassDeclarationContext            : loaded 2 times (x 171B)
Class org.codehaus.groovy.ast.ClassNode$MapOfLists                                    : loaded 2 times (x 75B)
Class org.codehaus.groovy.ast.stmt.ForStatement                                       : loaded 2 times (x 122B)
Class org.codehaus.groovy.ast.expr.LambdaExpression                                   : loaded 2 times (x 135B)
Class org.codehaus.groovy.ast.ClassCodeExpressionTransformer                          : loaded 2 times (x 215B)
Class org.codehaus.groovy.ast.Variable                                                : loaded 2 times (x 70B)
Class org.jetbrains.kotlin.config.ExplicitApiMode                                     : loaded 2 times (x 79B)
Class org.objectweb.asm.MethodTooLargeException                                       : loaded 2 times (x 83B)
Class kotlin.coroutines.CoroutineContext$Key                                          : loaded 2 times (x 70B)
Class com.android.ide.common.gradle.Module                                            : loaded 2 times (x 72B)
Class kotlin.LazyKt__LazyJVMKt                                                        : loaded 2 times (x 71B)
Class com.google.common.io.CharStreams                                                : loaded 2 times (x 71B)
Class com.google.common.reflect.TypeResolver$TypeTable                                : loaded 2 times (x 73B)
Class com.google.common.collect.ImmutableMultiset                                     : loaded 2 times (x 163B)
Class org.objectweb.asm.RecordComponentVisitor                                        : loaded 2 times (x 77B)
Class com.google.common.cache.CacheLoader$SupplierToCacheLoader                       : loaded 2 times (x 75B)
Class com.google.gson.internal.sql.SqlTypesSupport$2                                  : loaded 2 times (x 74B)
Class com.google.gson.internal.bind.TypeAdapters$16                                   : loaded 2 times (x 75B)
Class com.google.gson.internal.bind.TypeAdapters$3                                    : loaded 2 times (x 75B)
Class com.amazon.ion.impl._Private_IonSymbol                                          : loaded 2 times (x 70B)
Class com.amazon.ion.impl.lite.IonValueLite                                           : loaded 2 times (x 148B)
Class com.amazon.ion.IonContainer                                                     : loaded 2 times (x 70B)
Class com.amazon.ion.impl.bin.PooledBlockAllocatorProvider                            : loaded 2 times (x 73B)
Class [Lio.opentelemetry.context.Scope;                                               : loaded 2 times (x 69B)
Class org.jetbrains.plugins.gradle.tooling.serialization.AnnotationProcessingModelSerializationService$ReadContext: loaded 2 times (x 72B)
Class org.jetbrains.plugins.gradle.tooling.serialization.internal.IdeaProjectSerializationService$WriteContext$3: loaded 2 times (x 83B)
Class gnu.trove.TObjectHash$NULL                                                      : loaded 2 times (x 71B)
Class org.gradle.util.internal.DefaultGradleVersion$Stage                             : loaded 2 times (x 75B)
Class com.google.common.collect.MapMakerInternalMap$StrongKeyDummyValueEntry$LinkedStrongKeyDummyValueEntry: loaded 2 times (x 82B)
Class com.android.tools.lint.model.LintModelModule                                    : loaded 2 times (x 70B)
Class com.google.protobuf.IterableByteBufferInputStream                               : loaded 2 times (x 92B)
Class kotlin.reflect.jvm.internal.impl.types.CustomTypeParameter                      : loaded 2 times (x 70B)
Class kotlin.reflect.jvm.internal.impl.descriptors.java.JavaVisibilities$ProtectedAndPackage: loaded 2 times (x 75B)
Class kotlin.reflect.jvm.internal.impl.descriptors.impl.FieldDescriptorImpl           : loaded 2 times (x 78B)
Class kotlin.reflect.jvm.internal.impl.types.model.FlexibleTypeMarker                 : loaded 2 times (x 70B)
Class kotlin.reflect.jvm.internal.impl.load.java.FakePureImplementationsProvider      : loaded 2 times (x 71B)
Class kotlin.reflect.jvm.internal.impl.builtins.jvm.JvmBuiltInsSignatures             : loaded 2 times (x 71B)
Class [Lkotlin.reflect.jvm.internal.impl.metadata.ProtoBuf$Modality;                  : loaded 2 times (x 69B)
Class kotlin.reflect.jvm.internal.impl.metadata.deserialization.Flags$BooleanFlagField: loaded 2 times (x 75B)
Class kotlin.reflect.jvm.internal.impl.metadata.ProtoBuf$Annotation$Argument$Value    : loaded 2 times (x 98B)
Class kotlin.reflect.jvm.internal.impl.protobuf.LazyFieldLite                         : loaded 2 times (x 76B)
Class kotlin.reflect.jvm.internal.impl.descriptors.PropertyGetterDescriptor           : loaded 2 times (x 70B)
Class kotlin.reflect.jvm.internal.impl.renderer.DescriptorRenderer$$Lambda$5          : loaded 2 times (x 75B)
Class kotlin.reflect.jvm.internal.impl.descriptors.impl.PackageFragmentDescriptorImpl : loaded 2 times (x 105B)
Class kotlin.reflect.jvm.internal.impl.builtins.jvm.JvmBuiltInsCustomizer             : loaded 2 times (x 81B)
Class [Lorg.apache.groovy.util.concurrent.concurrentlinkedhashmap.ConcurrentLinkedHashMap$DrainStatus;: loaded 2 times (x 69B)
Class org.apache.groovy.util.concurrent.concurrentlinkedhashmap.Weighers$SingletonEntryWeigher: loaded 2 times (x 82B)
Class org.apache.groovy.parser.antlr4.internal.atnmanager.LexerAtnManager             : loaded 2 times (x 74B)
Class groovyjarjarantlr4.v4.runtime.atn.TokensStartState                              : loaded 2 times (x 89B)
Class org.codehaus.groovy.ast.ModifierNode                                            : loaded 2 times (x 114B)
Class org.codehaus.groovy.control.io.NullWriter                                       : loaded 2 times (x 99B)
Class groovy.lang.GroovyClassLoader                                                   : loaded 2 times (x 142B)
Class org.codehaus.groovy.control.CompilePhase                                        : loaded 2 times (x 79B)
Class org.codehaus.groovy.runtime.dgmimpl.arrays.LongArrayPutAtMetaMethod             : loaded 2 times (x 97B)
Class org.codehaus.groovy.runtime.dgmimpl.arrays.ArrayMetaMethod                      : loaded 2 times (x 97B)
Class kotlin.io.LinesSequence                                                         : loaded 2 times (x 75B)
Class org.jetbrains.kotlin.cli.common.CompilerSystemProperties$value$1                : loaded 2 times (x 125B)
Class [Lkotlin.reflect.KClass;                                                        : loaded 2 times (x 69B)
Class kotlin.reflect.jvm.internal.impl.name.FqName                                    : loaded 2 times (x 72B)
Class kotlin.reflect.jvm.internal.KPropertyImpl$$Lambda$0                             : loaded 2 times (x 76B)
Class org.codehaus.groovy.util.Finalizable                                            : loaded 2 times (x 70B)
Class org.codehaus.groovy.util.ReferenceBundle                                        : loaded 2 times (x 74B)
Class com.google.common.reflect.TypeResolver$TypeTable$1                              : loaded 2 times (x 73B)
Class com.google.gson.internal.bind.TypeAdapters$17                                   : loaded 2 times (x 75B)
Class com.google.gson.internal.bind.TypeAdapters$4                                    : loaded 2 times (x 75B)
Class org.jetbrains.kotlin.idea.gradleTooling.AndroidAwareGradleModelProvider         : loaded 2 times (x 79B)
Class com.intellij.gradle.toolingExtension.impl.telemetry.GradleOpenTelemetry         : loaded 2 times (x 72B)
Class org.jetbrains.plugins.gradle.tooling.serialization.internal.IdeaProjectSerializationService$WriteContext$4: loaded 2 times (x 83B)
Class com.intellij.gradle.toolingExtension.impl.model.sourceSetDependencyModel.GradleSourceSetDependencySerialisationService$Companion: loaded 2 times (x 71B)
Class com.google.common.collect.UsingToStringOrdering                                 : loaded 2 times (x 114B)
Class org.gradle.internal.time.MonotonicClock                                         : loaded 2 times (x 77B)
Class org.gradle.internal.service.ServiceLookupException                              : loaded 2 times (x 82B)
Class groovy.lang.GroovyRuntimeException                                              : loaded 2 times (x 87B)
Class com.google.protobuf.FieldSet$FieldDescriptorLite                                : loaded 2 times (x 70B)
Class com.google.protobuf.ExtensionLite                                               : loaded 2 times (x 77B)
Class kotlin.reflect.jvm.internal.impl.resolve.OverridingUtil$OverrideCompatibilityInfo$Result: loaded 2 times (x 79B)
Class kotlin.reflect.jvm.internal.impl.load.java.UtilsKt                              : loaded 2 times (x 71B)
Class kotlin.reflect.jvm.internal.impl.descriptors.impl.LazyPackageViewDescriptorImpl : loaded 2 times (x 102B)
Class kotlin.reflect.jvm.internal.impl.metadata.ProtoBuf$TypeTable                    : loaded 2 times (x 98B)
Class kotlin.reflect.jvm.internal.impl.protobuf.MessageLiteOrBuilder                  : loaded 2 times (x 70B)
Class kotlin.reflect.jvm.internal.impl.util.AbstractArrayMapOwner                     : loaded 2 times (x 81B)
Class kotlin.reflect.jvm.internal.impl.renderer.DescriptorRenderer$$Lambda$6          : loaded 2 times (x 75B)
Class kotlin.reflect.jvm.internal.impl.serialization.deserialization.AnnotationAndConstantLoader: loaded 2 times (x 70B)
Class kotlin.reflect.jvm.internal.impl.load.java.components.JavaPropertyInitializerEvaluator$DoNothing: loaded 2 times (x 74B)
Class [Lkotlin.reflect.jvm.internal.impl.load.java.ReportLevel;                       : loaded 2 times (x 69B)
Class kotlin.reflect.jvm.internal.impl.storage.LockBasedStorageManager$MapBasedMemoizedFunction: loaded 2 times (x 82B)
Class kotlin.reflect.jvm.internal.impl.storage.NotNullLazyValue                       : loaded 2 times (x 70B)
Class org.apache.groovy.parser.antlr4.internal.atnmanager.ParserAtnManager            : loaded 2 times (x 74B)
Class groovyjarjarantlr4.v4.runtime.atn.LexerPopModeAction                            : loaded 2 times (x 76B)
Class org.apache.groovy.parser.antlr4.GroovyParser$ForControlContext                  : loaded 2 times (x 158B)
Class org.apache.groovy.parser.antlr4.GroovyParser$LogicalAndExprAltContext           : loaded 2 times (x 162B)
Class org.apache.groovy.parser.antlr4.GroovyParser$TypeParametersContext              : loaded 2 times (x 164B)
Class org.codehaus.groovy.ast.CodeVisitorSupport                                      : loaded 2 times (x 186B)
Class org.codehaus.groovy.runtime.metaclass.MetaMethodIndex$Header                    : loaded 2 times (x 72B)
Class [Lorg.codehaus.groovy.reflection.CachedMethod;                                  : loaded 2 times (x 69B)
Class com.google.common.base.CharMatcher$JavaLetter                                   : loaded 2 times (x 111B)
Class [Lcom.android.resources.ResourceEnum;                                           : loaded 2 times (x 69B)
Class org.codehaus.groovy.runtime.metaclass.MultipleSetterProperty                    : loaded 2 times (x 82B)
Class kotlin.jvm.internal.MutablePropertyReference1Impl                               : loaded 2 times (x 137B)
Class org.codehaus.groovy.ast.stmt.SynchronizedStatement                              : loaded 2 times (x 114B)
Class [Lkotlin.sequences.Sequence;                                                    : loaded 2 times (x 69B)
Class com.android.tools.lint.model.LintModelBuildFeatures                             : loaded 2 times (x 70B)
Class com.google.gson.annotations.JsonAdapter                                         : loaded 2 times (x 70B)
Class org.codehaus.groovy.ast.stmt.ExpressionStatement                                : loaded 2 times (x 112B)
Class [Lcom.google.common.cache.LocalCache$EntryFactory;                              : loaded 2 times (x 69B)
Class com.google.gson.internal.bind.SerializationDelegatingTypeAdapter                : loaded 2 times (x 74B)
Class com.google.gson.internal.bind.TypeAdapters$18                                   : loaded 2 times (x 75B)
Class com.google.gson.internal.bind.TypeAdapters$5                                    : loaded 2 times (x 75B)
Class com.amazon.ion.BufferConfiguration$Builder                                      : loaded 2 times (x 78B)
Class com.intellij.gradle.toolingExtension.util.GradleVersionSpecificsUtil            : loaded 2 times (x 71B)
Class io.opentelemetry.context.ContextStorage                                         : loaded 2 times (x 70B)
Class org.jetbrains.plugins.gradle.tooling.serialization.internal.IdeaProjectSerializationService$WriteContext$5: loaded 2 times (x 83B)
Class com.intellij.gradle.toolingExtension.impl.model.sourceSetDependencyModel.GradleSourceSetDependencySerialisationService$SourceSetDependencyModelWriteContext: loaded 2 times (x 72B)
Class kotlin.sequences.SequencesKt___SequencesKt$sortedWith$1                         : loaded 2 times (x 75B)
Class org.gradle.internal.classloader.ClassLoaderFactory                              : loaded 2 times (x 70B)
Class com.google.protobuf.UnsafeUtil                                                  : loaded 2 times (x 71B)
Class kotlin.reflect.jvm.internal.impl.resolve.VisibilityUtilKt                       : loaded 2 times (x 71B)
Class kotlin.reflect.jvm.internal.impl.descriptors.impl.TypeAliasConstructorDescriptor: loaded 2 times (x 70B)
Class kotlin.reflect.jvm.internal.impl.descriptors.impl.PropertyAccessorDescriptorImpl: loaded 2 times (x 189B)
Class kotlin.reflect.jvm.internal.impl.util.EmptyArrayMap$iterator$1                  : loaded 2 times (x 78B)
Class [Lkotlin.reflect.jvm.internal.impl.descriptors.Named;                           : loaded 2 times (x 69B)
Class kotlin.reflect.jvm.internal.impl.metadata.ProtoBuf$TypeTable$1                  : loaded 2 times (x 87B)
Class kotlin.reflect.jvm.internal.impl.protobuf.WireFormat$FieldType                  : loaded 2 times (x 83B)
Class kotlin.reflect.jvm.internal.impl.types.error.ErrorScopeKind                     : loaded 2 times (x 79B)
Class kotlin.reflect.jvm.internal.impl.descriptors.FunctionDescriptor$CopyBuilder     : loaded 2 times (x 70B)
Class kotlin.reflect.jvm.internal.impl.types.error.ErrorModuleDescriptor$$Lambda$0    : loaded 2 times (x 75B)
Class kotlin.reflect.jvm.internal.impl.renderer.KeywordStringsGenerated               : loaded 2 times (x 71B)
Class kotlin.reflect.jvm.internal.impl.renderer.DescriptorRenderer$$Lambda$7          : loaded 2 times (x 75B)
Class kotlin.reflect.jvm.internal.impl.renderer.ClassifierNamePolicy$SOURCE_CODE_QUALIFIED: loaded 2 times (x 74B)
Class org.codehaus.groovy.classgen.BytecodeInstruction                                : loaded 2 times (x 72B)
Class org.codehaus.groovy.syntax.CSTNode                                              : loaded 2 times (x 104B)
Class org.apache.groovy.parser.antlr4.GroovyParser$StringLiteralAltContext            : loaded 2 times (x 158B)
Class org.apache.groovy.parser.antlr4.GroovyParser$NlsContext                         : loaded 2 times (x 158B)
Class groovyjarjarantlr4.v4.runtime.misc.Tuple2                                       : loaded 2 times (x 72B)
Class org.apache.groovy.parser.antlr4.GroovyParser$BlockContext                       : loaded 2 times (x 160B)
Class org.apache.groovy.parser.antlr4.GroovyParser$IdentifierPrmrAltContext           : loaded 2 times (x 159B)
Class groovyjarjarantlr4.v4.runtime.ParserRuleContext                                 : loaded 2 times (x 136B)
Class org.codehaus.groovy.runtime.InvokerHelper$1                                     : loaded 2 times (x 95B)
Class org.codehaus.groovy.util.ReferenceManager$1                                     : loaded 2 times (x 77B)
Class kotlin.reflect.jvm.internal.impl.builtins.PrimitiveType                         : loaded 2 times (x 79B)
Class org.apache.groovy.parser.antlr4.GroovyParser$LiteralContext                     : loaded 2 times (x 157B)
Class org.apache.groovy.parser.antlr4.GroovyParser$NamedPropertyArgsContext           : loaded 2 times (x 161B)
Class com.android.builder.model.v2.ide.LibraryInfo                                    : loaded 2 times (x 70B)
Class com.google.common.cache.LocalCache$LocalManualCache                             : loaded 2 times (x 99B)
Class com.google.gson.internal.bind.ReflectiveTypeAdapterFactory$FieldReflectionAdapter: loaded 2 times (x 77B)
Class com.google.gson.internal.bind.TypeAdapters$19                                   : loaded 2 times (x 75B)
Class com.google.gson.internal.bind.TypeAdapters$6                                    : loaded 2 times (x 75B)
Class com.amazon.ion.impl.bin.IntList                                                 : loaded 2 times (x 77B)
Class com.amazon.ion.impl.lite._Private_LiteDomTrampoline                             : loaded 2 times (x 71B)
Class com.amazon.ion.IonType                                                          : loaded 2 times (x 79B)
Class org.jetbrains.plugins.gradle.tooling.serialization.internal.IdeaProjectSerializationService$WriteContext$6: loaded 2 times (x 83B)
Class org.jetbrains.plugins.gradle.tooling.util.IntObjectMap                          : loaded 2 times (x 73B)
Class org.gradle.internal.service.CachingServiceLocator                               : loaded 2 times (x 82B)
Class com.android.utils.DateProvider                                                  : loaded 2 times (x 70B)
Class org.apache.groovy.parser.antlr4.GroovyParser$TypeParameterContext               : loaded 2 times (x 160B)
Class kotlin.reflect.jvm.internal.impl.serialization.deserialization.descriptors.DeserializedClassDescriptor$EnumEntryClassDescriptors: loaded 2 times (x 72B)
Class kotlin.reflect.jvm.internal.impl.serialization.deserialization.descriptors.DeserializedMemberScope$OptimizedImplementation$computeDescriptors$1$1: loaded 2 times (x 75B)
Class kotlin.reflect.jvm.internal.impl.types.AnnotationsTypeAttributeKt               : loaded 2 times (x 71B)
Class kotlin.reflect.jvm.internal.impl.load.kotlin.KotlinJvmBinaryClass               : loaded 2 times (x 70B)
Class kotlin.reflect.jvm.internal.impl.descriptors.impl.CompositePackageFragmentProvider: loaded 2 times (x 80B)
Class kotlin.reflect.jvm.internal.impl.metadata.ProtoBuf$Contract                     : loaded 2 times (x 98B)
Class kotlin.reflect.jvm.internal.impl.descriptors.impl.PropertyDescriptorImpl        : loaded 2 times (x 204B)
Class kotlin.reflect.jvm.internal.impl.descriptors.Visibilities$Unknown               : loaded 2 times (x 75B)
Class kotlin.reflect.jvm.internal.impl.renderer.DescriptorRenderer$$Lambda$8          : loaded 2 times (x 75B)
Class kotlin.reflect.jvm.internal.impl.serialization.deserialization.DeserializationComponents: loaded 2 times (x 72B)
Class kotlin.reflect.jvm.internal.impl.types.checker.KotlinTypeChecker                : loaded 2 times (x 70B)
Class kotlin.reflect.jvm.internal.impl.descriptors.runtime.components.ReflectKotlinClassFinder: loaded 2 times (x 79B)
Class org.codehaus.groovy.classgen.VariableScopeVisitor                               : loaded 2 times (x 213B)
Class groovyjarjarantlr4.v4.runtime.WritableToken                                     : loaded 2 times (x 70B)
Class groovyjarjarantlr4.v4.runtime.atn.PredictionContext$IdentityHashMap             : loaded 2 times (x 125B)
Class org.apache.groovy.parser.antlr4.GroovyParser$ElementValuePairsContext           : loaded 2 times (x 160B)
Class groovyjarjarantlr4.v4.runtime.atn.LexerActionType                               : loaded 2 times (x 79B)
Class groovyjarjarantlr4.v4.runtime.misc.Tuple3                                       : loaded 2 times (x 72B)
Class groovyjarjarantlr4.v4.runtime.atn.PredicateTransition                           : loaded 2 times (x 76B)
Class org.apache.groovy.parser.antlr4.GroovyLexer                                     : loaded 2 times (x 177B)
Class org.apache.groovy.parser.antlr4.GroovyParser$ThisPrmrAltContext                 : loaded 2 times (x 158B)
Class org.apache.groovy.parser.antlr4.GroovyParser$MapEntryContext                    : loaded 2 times (x 161B)
Class org.apache.groovy.parser.antlr4.GroovyParser$CommandArgumentContext             : loaded 2 times (x 160B)
Class org.codehaus.groovy.antlr.AntlrParserPluginFactory                              : loaded 2 times (x 72B)
Class org.codehaus.groovy.ast.stmt.WhileStatement                                     : loaded 2 times (x 118B)
Class org.codehaus.groovy.ast.expr.ArgumentListExpression                             : loaded 2 times (x 138B)
Class org.codehaus.groovy.runtime.InvokerHelper$2                                     : loaded 2 times (x 95B)
Class org.codehaus.groovy.runtime.dgmimpl.NumberNumberMinus                           : loaded 2 times (x 114B)
Class [Lgroovy.lang.MetaClassRegistryChangeEventListener;                             : loaded 2 times (x 69B)
Class kotlin.jvm.internal.Intrinsics$Kotlin                                           : loaded 2 times (x 71B)
Class org.apache.groovy.parser.antlr4.GroovyParser$EnumConstantContext                : loaded 2 times (x 160B)
Class it.unimi.dsi.fastutil.ints.IntListIterator                                      : loaded 2 times (x 70B)
Class it.unimi.dsi.fastutil.objects.AbstractObjectCollection                          : loaded 2 times (x 143B)
Class kotlin.collections.AbstractList$IteratorImpl                                    : loaded 2 times (x 82B)
Class groovyjarjarantlr4.v4.runtime.atn.LexerATNSimulator                             : loaded 2 times (x 100B)
Class org.apache.groovy.parser.antlr4.GroovyParser$ClassNameContext                   : loaded 2 times (x 157B)
Class kotlin.reflect.jvm.internal.impl.utils.DFS$Neighbors                            : loaded 2 times (x 70B)
Class com.google.common.collect.Streams                                               : loaded 2 times (x 71B)
Class com.google.gson.annotations.SerializedName                                      : loaded 2 times (x 70B)
Class com.google.gson.internal.bind.TypeAdapters$7                                    : loaded 2 times (x 75B)
Class com.amazon.ion.impl.lite.ValueFactoryLite                                       : loaded 2 times (x 218B)
Class org.jetbrains.plugins.gradle.model.RepositoryModels                             : loaded 2 times (x 70B)
Class org.jetbrains.plugins.gradle.tooling.serialization.internal.IdeaProjectSerializationService$WriteContext$7: loaded 2 times (x 83B)
Class kotlin.reflect.jvm.internal.impl.builtins.jvm.JvmBuiltIns$Settings              : loaded 2 times (x 72B)
Class kotlin.reflect.jvm.internal.impl.metadata.deserialization.ProtoTypeTableUtilKt  : loaded 2 times (x 71B)
Class kotlin.reflect.jvm.internal.impl.serialization.deserialization.TypeDeserializer$$Lambda$0: loaded 2 times (x 76B)
Class kotlin.reflect.jvm.internal.impl.metadata.jvm.JvmProtoBuf$StringTableTypes$1    : loaded 2 times (x 87B)
Class kotlin.reflect.jvm.internal.impl.protobuf.MessageLite$Builder                   : loaded 2 times (x 70B)
Class kotlin.reflect.jvm.internal.impl.descriptors.Visibilities$Local                 : loaded 2 times (x 75B)
Class kotlin.reflect.jvm.internal.impl.descriptors.CallableMemberDescriptor$Kind      : loaded 2 times (x 79B)
Class kotlin.reflect.jvm.internal.impl.renderer.DescriptorRenderer$$Lambda$9          : loaded 2 times (x 75B)
Class kotlin.reflect.jvm.internal.impl.descriptors.CallableDescriptor                 : loaded 2 times (x 70B)
Class kotlin.reflect.jvm.internal.impl.load.java.Jsr305Settings$$Lambda$0             : loaded 2 times (x 76B)
Class org.apache.groovy.parser.antlr4.GroovydocManager                                : loaded 2 times (x 72B)
Class org.apache.groovy.parser.antlr4.GroovyLangParser                                : loaded 2 times (x 180B)
Class [Lgroovyjarjarantlr4.v4.runtime.atn.RuleStopState;                              : loaded 2 times (x 69B)
Class org.apache.groovy.parser.antlr4.GroovyParser$LambdaBodyContext                  : loaded 2 times (x 158B)
Class org.apache.groovy.parser.antlr4.GroovyParser$LoopStatementContext               : loaded 2 times (x 157B)
Class org.codehaus.groovy.control.io.ReaderSource                                     : loaded 2 times (x 70B)
Class org.codehaus.groovy.ast.expr.VariableExpression                                 : loaded 2 times (x 157B)
Class org.codehaus.groovy.runtime.dgmimpl.arrays.ArrayPutAtMetaMethod                 : loaded 2 times (x 97B)
Class org.codehaus.groovy.ast.stmt.Statement                                          : loaded 2 times (x 110B)
Class kotlin.reflect.jvm.internal.impl.serialization.deserialization.FlexibleTypeDeserializer: loaded 2 times (x 70B)
Class kotlin.reflect.jvm.internal.impl.descriptors.impl.AbstractClassDescriptor       : loaded 2 times (x 174B)
Class kotlin.reflect.jvm.internal.impl.protobuf.LiteralByteString                     : loaded 2 times (x 102B)
Class kotlin.properties.ReadOnlyProperty                                              : loaded 2 times (x 70B)
Class kotlin.reflect.jvm.internal.impl.descriptors.runtime.structure.ReflectClassUtilKt: loaded 2 times (x 71B)
Class kotlin.jvm.internal.markers.KMutableMap                                         : loaded 2 times (x 70B)
Class kotlin.reflect.jvm.internal.impl.metadata.ProtoBuf$Contract$1                   : loaded 2 times (x 87B)
Class com.google.common.reflect.Types$TypeVariableInvocationHandler                   : loaded 2 times (x 75B)
Class org.objectweb.asm.commons.InstructionAdapter                                    : loaded 2 times (x 188B)
Class com.google.gson.internal.bind.CollectionTypeAdapterFactory$Adapter              : loaded 2 times (x 74B)
Class com.google.gson.internal.bind.TypeAdapters$8                                    : loaded 2 times (x 75B)
Class com.amazon.ion.impl.bin.WriteBuffer                                             : loaded 2 times (x 78B)
Class com.amazon.ion.impl.bin.IonManagedBinaryWriter                                  : loaded 2 times (x 165B)
Class org.jetbrains.plugins.gradle.tooling.serialization.internal.IdeaProjectSerializationService$WriteContext$8: loaded 2 times (x 83B)
Class gnu.trove.TObjectIntProcedure                                                   : loaded 2 times (x 70B)
Class [Lorg.gradle.api.JavaVersion;                                                   : loaded 2 times (x 69B)
Class org.gradle.tooling.model.idea.IdeaDependencyScope                               : loaded 2 times (x 70B)
Class org.gradle.internal.time.TimeSource                                             : loaded 2 times (x 70B)
Class org.gradle.tooling.model.kotlin.dsl.KotlinDslScriptsModel                       : loaded 2 times (x 70B)
Class kotlin.reflect.jvm.internal.impl.protobuf.ProtocolStringList                    : loaded 2 times (x 70B)
Class kotlin.reflect.jvm.internal.impl.serialization.deserialization.descriptors.DeserializedMemberScope$OptimizedImplementation$$Lambda$0: loaded 2 times (x 76B)
Class kotlin.reflect.jvm.internal.impl.serialization.deserialization.TypeDeserializer$$Lambda$1: loaded 2 times (x 76B)
Class kotlin.reflect.jvm.internal.impl.serialization.deserialization.TypeDeserializer : loaded 2 times (x 72B)
Class kotlin.reflect.jvm.internal.impl.descriptors.PropertyDescriptor                 : loaded 2 times (x 70B)
Class kotlin.reflect.jvm.internal.impl.renderer.DescriptorRenderer$ValueParametersHandler: loaded 2 times (x 70B)
Class kotlin.reflect.jvm.internal.impl.storage.LockBasedStorageManager$LockBasedLazyValue: loaded 2 times (x 81B)
Class kotlin.reflect.jvm.internal.impl.serialization.deserialization.builtins.BuiltInsResourceLoader: loaded 2 times (x 72B)
Class org.apache.groovy.ast.tools.ConstructorNodeUtils                                : loaded 2 times (x 71B)
Class [Lorg.codehaus.groovy.transform.sc.StaticCompilationMetadataKeys;               : loaded 2 times (x 69B)
Class org.apache.groovy.parser.antlr4.GroovyParser$ParenPrmrAltContext                : loaded 2 times (x 158B)
Class groovyjarjarantlr4.v4.runtime.atn.PrecedencePredicateTransition                 : loaded 2 times (x 76B)
Class groovyjarjarantlr4.v4.runtime.atn.BasicBlockStartState                          : loaded 2 times (x 90B)
Class org.apache.groovy.parser.antlr4.GroovyParser$EqualityExprAltContext             : loaded 2 times (x 166B)
Class org.apache.groovy.parser.antlr4.GroovyParserBaseVisitor                         : loaded 2 times (x 478B)
Class org.codehaus.groovy.ast.stmt.CatchStatement                                     : loaded 2 times (x 114B)
Class org.codehaus.groovy.runtime.typehandling.ShortTypeHandling                      : loaded 2 times (x 71B)
Class groovy.lang.ExpandoMetaClass$Callable                                           : loaded 2 times (x 70B)
Class org.codehaus.groovy.runtime.metaclass.MissingPropertyExceptionNoStack           : loaded 2 times (x 89B)
Class groovy.lang.ObjectRange                                                         : loaded 2 times (x 244B)
Class kotlin.reflect.jvm.internal.impl.metadata.ProtoBuf$PropertyOrBuilder            : loaded 2 times (x 70B)
Class kotlin.reflect.jvm.internal.impl.builtins.jvm.JvmBuiltInsPackageFragmentProvider: loaded 2 times (x 85B)
Class org.jetbrains.kotlin.name.FqName                                                : loaded 2 times (x 72B)
Class com.android.prefs.LocationValue                                                 : loaded 2 times (x 70B)
Class kotlin.reflect.jvm.internal.impl.load.java.lazy.descriptors.LazyJavaScope$$Lambda$8: loaded 2 times (x 76B)
Class kotlin.reflect.jvm.internal.impl.load.kotlin.KotlinClassFinder$Result           : loaded 2 times (x 71B)
Class com.google.common.base.Predicates                                               : loaded 2 times (x 71B)
Class com.google.common.collect.ImmutableMultimap                                     : loaded 2 times (x 147B)
Class com.android.builder.model.v2.ide.TestInfo                                       : loaded 2 times (x 70B)
Class com.google.gson.internal.bind.TypeAdapters$9                                    : loaded 2 times (x 75B)
Class com.amazon.ion.impl.lite.IonBlobLite                                            : loaded 2 times (x 220B)
Class com.amazon.ion.impl.LocalSymbolTable                                            : loaded 2 times (x 127B)
Class org.jetbrains.plugins.gradle.tooling.serialization.SerializationService         : loaded 2 times (x 70B)
Class org.gradle.tooling.internal.gradle.GradleBuildIdentity                          : loaded 2 times (x 70B)
Class com.android.tools.analytics.AnalyticsSettingsData$DataTypeAdapter               : loaded 2 times (x 73B)
Class kotlin.reflect.jvm.internal.impl.resolve.scopes.SubstitutingScope$$Lambda$0     : loaded 2 times (x 76B)
Class kotlin.reflect.jvm.internal.impl.resolve.scopes.receivers.ImplicitClassReceiver : loaded 2 times (x 82B)
Class kotlin.reflect.jvm.internal.impl.serialization.deserialization.TypeDeserializer$$Lambda$2: loaded 2 times (x 76B)
Class kotlin.reflect.jvm.internal.impl.serialization.deserialization.descriptors.DeserializedMemberScope$OptimizedImplementation$$Lambda$1: loaded 2 times (x 76B)
Class kotlin.reflect.jvm.internal.impl.serialization.deserialization.descriptors.DeserializedClassDescriptor$DeserializedClassMemberScope$$Lambda$0: loaded 2 times (x 76B)
Class kotlin.reflect.jvm.internal.impl.descriptors.runtime.components.PackagePartScopeCache: loaded 2 times (x 72B)
Class kotlin.reflect.jvm.internal.impl.metadata.ProtoBuf$Annotation$Argument$ValueOrBuilder: loaded 2 times (x 70B)
Class kotlin.reflect.jvm.internal.impl.serialization.deserialization.AnnotationDeserializer: loaded 2 times (x 72B)
Class kotlin.reflect.jvm.internal.impl.load.java.components.SignaturePropagator       : loaded 2 times (x 70B)
Class kotlin.reflect.jvm.internal.impl.load.kotlin.DeserializationComponentsForJava$Companion: loaded 2 times (x 71B)
Class org.codehaus.groovy.vmplugin.v8.Java8$1                                         : loaded 2 times (x 71B)
Class org.codehaus.groovy.ast.InterfaceHelperClassNode                                : loaded 2 times (x 250B)
Class [Lorg.codehaus.groovy.runtime.memoize.EvictableCache$EvictionStrategy;          : loaded 2 times (x 69B)
Class groovyjarjarantlr4.v4.runtime.misc.MurmurHash                                   : loaded 2 times (x 71B)
Class kotlin.reflect.jvm.internal.impl.load.java.lazy.descriptors.LazyJavaClassDescriptor$$Lambda$1: loaded 2 times (x 76B)
Class kotlin.reflect.jvm.internal.impl.resolve.OverridingUtil$8                       : loaded 2 times (x 71B)
Class kotlin.jvm.internal.markers.KMutableListIterator                                : loaded 2 times (x 70B)
Class [Lorg.jetbrains.kotlin.cli.common.CompilerSystemProperties;                     : loaded 2 times (x 69B)
Class org.jetbrains.kotlin.name.ClassId$Companion                                     : loaded 2 times (x 71B)
Class kotlin.reflect.jvm.internal.impl.resolve.OverridingUtilTypeSystemContext        : loaded 2 times (x 186B)
Class com.android.tools.lint.model.DefaultLintModelJavaLibrary                        : loaded 2 times (x 103B)
Class com.android.prefs.PathLocator                                                   : loaded 2 times (x 73B)
Class ijJvmDebugger1_6vmskn6yep3i26zgxq6fdk22x                                        : loaded 2 times (x 179B)
Class com.android.builder.model.v2.ide.JavaCompileOptions                             : loaded 2 times (x 70B)
Class com.google.common.cache.CacheBuilder$OneWeigher                                 : loaded 2 times (x 82B)
Class com.amazon.ion.IonList                                                          : loaded 2 times (x 70B)
Class org.jetbrains.plugins.gradle.tooling.serialization.internal.adapter.Supplier    : loaded 2 times (x 70B)
Class org.gradle.tooling.internal.adapter.ProtocolToModelAdapter$MixInMappingAction   : loaded 2 times (x 80B)
Class org.gradle.internal.exceptions.ResolutionProvider                               : loaded 2 times (x 70B)
Class com.google.protobuf.Internal$IntList                                            : loaded 2 times (x 70B)
Class com.google.protobuf.GeneratedMessageV3$BuilderParent                            : loaded 2 times (x 70B)
Class kotlin.reflect.jvm.internal.impl.resolve.ExternalOverridabilityCondition$Result : loaded 2 times (x 79B)
Class kotlin.reflect.jvm.internal.impl.resolve.scopes.SubstitutingScope$$Lambda$1     : loaded 2 times (x 76B)
Class kotlin.reflect.jvm.internal.impl.metadata.ProtoBuf$Annotation$Argument          : loaded 2 times (x 98B)
Class kotlin.reflect.jvm.internal.impl.load.java.structure.JavaClassifierType         : loaded 2 times (x 70B)
Class kotlin.reflect.jvm.internal.impl.resolve.scopes.InnerClassesScopeWrapper        : loaded 2 times (x 93B)
Class kotlin.reflect.jvm.internal.impl.serialization.deserialization.descriptors.DeserializedClassDescriptor$DeserializedClassMemberScope$$Lambda$1: loaded 2 times (x 76B)
Class kotlin.reflect.jvm.internal.impl.serialization.deserialization.descriptors.DeserializedMemberScope$OptimizedImplementation$$Lambda$2: loaded 2 times (x 76B)
Class [Lkotlin.reflect.jvm.internal.impl.metadata.ProtoBuf$MemberKind;                : loaded 2 times (x 69B)
Class kotlin.reflect.jvm.internal.impl.protobuf.GeneratedMessageLite$Builder          : loaded 2 times (x 89B)
Class kotlin.reflect.jvm.internal.impl.descriptors.runtime.components.ReflectJavaClassFinderKt: loaded 2 times (x 71B)
Class kotlin.reflect.jvm.internal.impl.metadata.ProtoBuf$TypeParameter$Variance       : loaded 2 times (x 82B)
Class kotlin.reflect.jvm.internal.impl.metadata.ProtoBuf$Type                         : loaded 2 times (x 104B)
Class kotlin.reflect.jvm.internal.impl.protobuf.AbstractMessageLite                   : loaded 2 times (x 93B)
Class kotlin.reflect.jvm.internal.impl.descriptors.VariableAccessorDescriptor         : loaded 2 times (x 70B)
Class kotlin.reflect.jvm.internal.impl.load.kotlin.header.KotlinClassHeader$Kind      : loaded 2 times (x 79B)
Class kotlin.reflect.jvm.internal.impl.descriptors.annotations.AnnotatedImpl          : loaded 2 times (x 76B)
Class kotlin.reflect.jvm.internal.impl.types.model.SimpleTypeMarker                   : loaded 2 times (x 70B)
Class kotlin.reflect.jvm.internal.impl.serialization.deserialization.ErrorReporter    : loaded 2 times (x 70B)
Class org.codehaus.groovy.classgen.Verifier$DefaultArgsAction                         : loaded 2 times (x 70B)
Class [Lgroovyjarjarantlr4.v4.runtime.atn.ATNState;                                   : loaded 2 times (x 69B)
Class org.apache.groovy.parser.antlr4.AbstractLexer                                   : loaded 2 times (x 171B)
Class groovyjarjarantlr4.v4.runtime.CharStreams                                       : loaded 2 times (x 79B)
Class org.apache.groovy.parser.antlr4.GroovyParser$ContinueStatementContext           : loaded 2 times (x 158B)
Class org.apache.groovy.parser.antlr4.GroovyParser$KeywordsContext                    : loaded 2 times (x 207B)
Class org.apache.groovy.parser.antlr4.GroovyParser$NewPrmrAltContext                  : loaded 2 times (x 160B)
Class org.apache.groovy.parser.antlr4.GroovyParser$ShiftExprAltContext                : loaded 2 times (x 167B)
Class org.apache.groovy.parser.antlr4.GroovyParser$MapContext                         : loaded 2 times (x 161B)
Class [Lgroovy.lang.MetaMethod;                                                       : loaded 2 times (x 69B)
Class com.android.builder.model.MavenCoordinates                                      : loaded 2 times (x 70B)
Class com.android.Version                                                             : loaded 2 times (x 71B)
Class kotlin.reflect.jvm.internal.KDeclarationContainerImpl$Companion                 : loaded 2 times (x 71B)
Class com.android.sdklib.AndroidVersion                                               : loaded 2 times (x 75B)
Class com.android.tools.lint.model.LintModelLibraryResolver                           : loaded 2 times (x 70B)
Class org.gradle.internal.operations.MultipleBuildOperationFailures                   : loaded 2 times (x 95B)
Class com.android.tools.lint.model.LintModelSerialization$LintModelSerializationAdapter: loaded 2 times (x 70B)
Class com.google.common.reflect.Types$ClassOwnership$1LocalClass                      : loaded 2 times (x 71B)
Class com.google.common.collect.Maps$EntryFunction                                    : loaded 2 times (x 91B)
Class com.amazon.ion.IonSystem                                                        : loaded 2 times (x 70B)
Class com.amazon.ion.impl.bin.IonManagedBinaryWriter$ImportedSymbolContext            : loaded 2 times (x 72B)
Class org.gradle.tooling.model.idea.IdeaCompilerOutput                                : loaded 2 times (x 70B)
Class org.gradle.tooling.model.ProjectIdentifier                                      : loaded 2 times (x 70B)
Class org.gradle.internal.classloader.ClasspathUtil                                   : loaded 2 times (x 71B)
Class kotlin.reflect.jvm.internal.impl.descriptors.impl.ReceiverParameterDescriptorImpl: loaded 2 times (x 139B)
Class kotlin.reflect.jvm.internal.impl.resolve.ExternalOverridabilityCondition$Contract: loaded 2 times (x 79B)
Class kotlin.reflect.jvm.internal.impl.metadata.ProtoBuf$VersionRequirement$Level     : loaded 2 times (x 82B)
Class kotlin.reflect.jvm.internal.impl.metadata.ProtoBuf$QualifiedNameTable$QualifiedName$1: loaded 2 times (x 87B)
Class kotlin.reflect.jvm.internal.impl.metadata.ProtoBuf$QualifiedNameTable           : loaded 2 times (x 98B)
Class kotlin.reflect.jvm.internal.impl.load.kotlin.SignatureBuildingComponents        : loaded 2 times (x 71B)
Class kotlin.reflect.jvm.internal.impl.load.java.sources.JavaSourceElement            : loaded 2 times (x 70B)
Class kotlin.reflect.jvm.internal.impl.load.java.lazy.descriptors.LazyJavaPackageScope$KotlinClassLookupResult$NotFound: loaded 2 times (x 71B)
Class kotlin.reflect.jvm.internal.CreateKCallableVisitor                              : loaded 2 times (x 104B)
Class kotlin.reflect.jvm.internal.impl.serialization.deserialization.descriptors.DeserializedClassDescriptor$DeserializedClassMemberScope$$Lambda$2: loaded 2 times (x 76B)
Class kotlin.reflect.jvm.internal.impl.serialization.deserialization.descriptors.DeserializedMemberScope$OptimizedImplementation$$Lambda$3: loaded 2 times (x 76B)
Class kotlin.reflect.jvm.internal.impl.metadata.jvm.JvmProtoBuf$JvmMethodSignature$Builder: loaded 2 times (x 91B)
Class kotlin.reflect.jvm.internal.impl.metadata.jvm.JvmProtoBuf$JvmFieldSignatureOrBuilder: loaded 2 times (x 70B)
Class [Lkotlin.reflect.jvm.internal.impl.types.error.ErrorScopeKind;                  : loaded 2 times (x 69B)
Class kotlin.reflect.jvm.internal.impl.resolve.scopes.MemberScope                     : loaded 2 times (x 70B)
Class kotlin.reflect.jvm.internal.impl.storage.StorageKt                              : loaded 2 times (x 71B)
Class org.codehaus.groovy.classgen.asm.MopWriter$MopKey                               : loaded 2 times (x 72B)
Class org.codehaus.groovy.ast.tools.GeneralUtils$1                                    : loaded 2 times (x 128B)
Class org.apache.groovy.parser.antlr4.internal.atnmanager.AtnManager$AtnWrapper       : loaded 2 times (x 73B)
Class groovyjarjarantlr4.v4.runtime.Recognizer                                        : loaded 2 times (x 95B)
Class org.apache.groovy.parser.antlr4.GroovyParser$CommandExprAltContext              : loaded 2 times (x 158B)
Class org.apache.groovy.parser.antlr4.GroovyParser$StatementContext                   : loaded 2 times (x 157B)
Class org.codehaus.groovy.ast.expr.MethodReferenceExpression                          : loaded 2 times (x 131B)
Class org.codehaus.groovy.runtime.NumberAwareComparator                               : loaded 2 times (x 90B)
Class groovy.lang.ListWithDefault                                                     : loaded 2 times (x 175B)
Class [Lorg.codehaus.groovy.util.ReferenceType;                                       : loaded 2 times (x 69B)
Class com.android.utils.PositionXmlParser$SaxParserFactoryFunction                    : loaded 2 times (x 70B)
Class org.objectweb.asm.tree.MethodNode                                               : loaded 2 times (x 110B)
Class kotlin.jvm.internal.PropertyReference0                                          : loaded 2 times (x 127B)
Class it.unimi.dsi.fastutil.Hash                                                      : loaded 2 times (x 70B)
Class kotlin.sequences.EmptySequence                                                  : loaded 2 times (x 78B)
Class com.android.builder.model.v2.ide.ComponentInfo                                  : loaded 2 times (x 70B)
Class org.jetbrains.kotlin.tooling.core.HasExtras                                     : loaded 2 times (x 70B)
Class com.google.common.base.Charsets                                                 : loaded 2 times (x 71B)
Class com.google.common.util.concurrent.Uninterruptibles                              : loaded 2 times (x 71B)
Class com.android.builder.model.v2.ide.ProjectType                                    : loaded 2 times (x 79B)
Class com.intellij.gradle.toolingExtension.impl.model.sourceSetModel.GradleSourceSetSerialisationService: loaded 2 times (x 77B)
Class kotlin.io.FileSystemException                                                   : loaded 2 times (x 82B)
Class com.google.common.collect.ComparisonChain                                       : loaded 2 times (x 80B)
Class com.google.common.io.CharSource                                                 : loaded 2 times (x 85B)
Class kotlin.reflect.jvm.internal.impl.types.checker.ClassicTypeSystemContext         : loaded 2 times (x 70B)
Class kotlin.reflect.jvm.internal.impl.types.TypeUsage                                : loaded 2 times (x 79B)
Class kotlin.reflect.jvm.internal.impl.serialization.deserialization.descriptors.DeserializedMemberScope$OptimizedImplementation$$Lambda$4: loaded 2 times (x 76B)
Class kotlin.reflect.jvm.internal.impl.load.kotlin.header.ReadKotlinClassHeaderAnnotationVisitor$CollectStringArrayAnnotationVisitor: loaded 2 times (x 85B)
Class kotlin.reflect.jvm.internal.impl.descriptors.DelegatedDescriptorVisibility      : loaded 2 times (x 76B)
Class [Lkotlin.reflect.jvm.internal.impl.load.kotlin.header.KotlinClassHeader$Kind;   : loaded 2 times (x 69B)
Class org.codehaus.groovy.classgen.asm.util.LoggableClassVisitor                      : loaded 2 times (x 88B)
Class org.codehaus.groovy.ast.tools.GenericsUtils                                     : loaded 2 times (x 71B)
Class groovyjarjarantlr4.v4.runtime.dfa.DFAState$PredPrediction                       : loaded 2 times (x 72B)
Class groovyjarjarantlr4.v4.runtime.atn.ATNDeserializer                               : loaded 2 times (x 81B)
Class org.apache.groovy.parser.antlr4.GroovyLangLexer                                 : loaded 2 times (x 177B)
Class org.codehaus.groovy.ast.expr.NotExpression                                      : loaded 2 times (x 129B)
Class org.codehaus.groovy.control.messages.LocatedMessage                             : loaded 2 times (x 75B)
Class org.codehaus.groovy.control.ConfigurationException                              : loaded 2 times (x 88B)
Class groovy.lang.GroovyClassLoader$1                                                 : loaded 2 times (x 76B)
Class org.codehaus.groovy.control.CompilationUnit$PhaseOperation                      : loaded 2 times (x 70B)
Class org.codehaus.groovy.ast.ClassCodeVisitorSupport                                 : loaded 2 times (x 211B)
Class org.codehaus.groovy.runtime.dgmimpl.NumberNumberMetaMethod                      : loaded 2 times (x 114B)
Class groovy.io.FileType                                                              : loaded 2 times (x 79B)
Class org.codehaus.groovy.runtime.m12n.ExtensionModuleScanner$ExtensionModuleListener : loaded 2 times (x 70B)
Class kotlin.reflect.jvm.internal.impl.builtins.functions.FunctionTypeKind$KSuspendFunction: loaded 2 times (x 72B)
Class kotlin.reflect.jvm.internal.KClassImpl$$Lambda$0                                : loaded 2 times (x 76B)
Class org.gradle.tooling.internal.adapter.MethodInvocation                            : loaded 2 times (x 85B)
Class kotlin.reflect.full.IllegalCallableAccessException                              : loaded 2 times (x 82B)
Class kotlin.jvm.internal.PropertyReference1                                          : loaded 2 times (x 127B)
Class it.unimi.dsi.fastutil.ints.IntList                                              : loaded 2 times (x 70B)
Class com.android.tools.lint.model.LintModelNamespacingMode                           : loaded 2 times (x 79B)
Class io.opentelemetry.api.internal.OtelEncodingUtils                                 : loaded 2 times (x 71B)
Class com.google.common.collect.AbstractMapBasedMultimap$WrappedSet                   : loaded 2 times (x 142B)
Class com.android.builder.model.v2.dsl.BaseConfig                                     : loaded 2 times (x 70B)
Class com.amazon.ion.impl.lite.IonIntLite                                             : loaded 2 times (x 190B)
Class com.amazon.ion.impl._Private_IonReaderBuilder$TwoElementInputStream             : loaded 2 times (x 92B)
Class com.amazon.ion.util._Private_FastAppendable                                     : loaded 2 times (x 70B)
Class [Lcom.amazon.ion.impl.bin.IonRawBinaryWriter$PreallocationMode;                 : loaded 2 times (x 69B)
Class io.opentelemetry.context.propagation.TextMapGetter                              : loaded 2 times (x 70B)
Class org.gradle.internal.time.TimeSource$1                                           : loaded 2 times (x 77B)
Class org.gradle.api.specs.Spec                                                       : loaded 2 times (x 70B)
Class com.intellij.util.ThrowableConsumer                                             : loaded 2 times (x 70B)
Class [Lcom.google.protobuf.ProtocolMessageEnum;                                      : loaded 2 times (x 69B)
Class [Lkotlin.reflect.jvm.internal.impl.metadata.ProtoBuf$VersionRequirement$Level;  : loaded 2 times (x 69B)
Class kotlin.reflect.jvm.internal.impl.metadata.jvm.JvmProtoBuf$StringTableTypes$RecordOrBuilder: loaded 2 times (x 70B)
Class kotlin.reflect.jvm.internal.impl.metadata.jvm.deserialization.JvmNameResolver   : loaded 2 times (x 80B)
Class kotlin.reflect.jvm.internal.impl.types.DelegatingSimpleType                     : loaded 2 times (x 94B)
Class kotlin.reflect.jvm.internal.impl.types.AbstractClassTypeConstructor             : loaded 2 times (x 97B)
Class kotlin.reflect.jvm.internal.impl.descriptors.PackageFragmentDescriptor          : loaded 2 times (x 70B)
Class kotlin.reflect.jvm.internal.impl.resolve.constants.UnsignedValueConstant        : loaded 2 times (x 74B)
Class kotlin.reflect.jvm.internal.impl.load.java.NullabilityAnnotationStatesImpl$$Lambda$0: loaded 2 times (x 76B)
Class org.codehaus.groovy.classgen.asm.OptimizingStatementWriter$StatementMeta        : loaded 2 times (x 73B)
Class org.codehaus.groovy.ast.tools.GenericsUtils$1                                   : loaded 2 times (x 236B)
Class org.apache.groovy.parser.antlr4.GroovyParser$ElementValuePairContext            : loaded 2 times (x 161B)
Class [Lgroovyjarjarantlr4.v4.runtime.atn.ATNType;                                    : loaded 2 times (x 69B)
Class groovyjarjarantlr4.v4.runtime.CodePointBuffer$1                                 : loaded 2 times (x 71B)
Class org.codehaus.groovy.ast.expr.MapEntryExpression                                 : loaded 2 times (x 131B)
Class org.codehaus.groovy.ast.expr.AttributeExpression                                : loaded 2 times (x 140B)
Class org.apache.groovy.parser.antlr4.GroovyParser$TypeArgumentContext                : loaded 2 times (x 162B)
Class groovy.lang.Tuple10                                                             : loaded 2 times (x 206B)
Class org.codehaus.groovy.runtime.memoize.StampedCommonCache                          : loaded 2 times (x 154B)
Class org.codehaus.groovy.reflection.AccessPermissionChecker                          : loaded 2 times (x 71B)
Class org.codehaus.groovy.runtime.metaclass.MixinInstanceMetaMethod                   : loaded 2 times (x 96B)
Class groovy.lang.MetaClass                                                           : loaded 2 times (x 70B)
Class org.codehaus.groovy.reflection.ClassInfo                                        : loaded 2 times (x 92B)
Class com.google.gson.TypeAdapterFactory                                              : loaded 2 times (x 70B)
Class com.google.gson.internal.bind.TypeAdapters$30                                   : loaded 2 times (x 76B)
Class kotlin.reflect.jvm.internal.CachesKt$$Lambda$0                                  : loaded 2 times (x 75B)
Class kotlin.jvm.internal.MutablePropertyReference                                    : loaded 2 times (x 119B)
Class kotlin.jvm.internal.PropertyReference2                                          : loaded 2 times (x 127B)
Class kotlin.UnsafeLazyImpl                                                           : loaded 2 times (x 76B)
Class kotlin.LazyKt__LazyJVMKt$WhenMappings                                           : loaded 2 times (x 71B)
Class org.jetbrains.kotlin.name.Name                                                  : loaded 2 times (x 75B)
Class com.android.tools.lint.model.LintModelExternalLibrary                           : loaded 2 times (x 70B)
Class ijKotlinCoroutineJvmDebugInit1_3o4nk6yq3nim207shrcgh1b8x                        : loaded 2 times (x 179B)
Class com.google.common.reflect.Types$JavaVersion                                     : loaded 2 times (x 83B)
Class com.google.gson.internal.sql.SqlDateTypeAdapter                                 : loaded 2 times (x 74B)
Class com.amazon.ion.impl.lite.IonSexpLite                                            : loaded 2 times (x 491B)
Class com.amazon.ion.impl.lite.IonListLite                                            : loaded 2 times (x 491B)
Class com.amazon.ion.IonFloat                                                         : loaded 2 times (x 70B)
Class io.opentelemetry.context.ThreadLocalContextStorage$ScopeImpl                    : loaded 2 times (x 79B)
Class com.google.protobuf.UninitializedMessageException                               : loaded 2 times (x 84B)
Class kotlin.reflect.jvm.internal.impl.metadata.jvm.deserialization.JvmMemberSignature: loaded 2 times (x 72B)
Class kotlin.reflect.jvm.internal.impl.load.java.lazy.descriptors.LazyJavaTypeParameterDescriptor: loaded 2 times (x 124B)
Class kotlin.reflect.jvm.internal.impl.load.java.lazy.descriptors.LazyJavaClassMemberScope: loaded 2 times (x 105B)
Class kotlin.reflect.jvm.internal.impl.types.AbstractTypeRefiner                      : loaded 2 times (x 72B)
Class kotlin.reflect.jvm.internal.impl.load.java.lazy.JavaResolverComponents          : loaded 2 times (x 72B)
Class org.apache.groovy.ast.tools.ExpressionUtils                                     : loaded 2 times (x 71B)
Class groovy.transform.SelfType                                                       : loaded 2 times (x 70B)
Class groovyjarjarantlr4.v4.runtime.atn.LexerIndexedCustomAction                      : loaded 2 times (x 77B)
Class org.apache.groovy.parser.antlr4.GroovyParser$ScriptStatementContext             : loaded 2 times (x 160B)
Class org.apache.groovy.parser.antlr4.GroovyParser$GstringPrmrAltContext              : loaded 2 times (x 158B)
Class org.apache.groovy.parser.antlr4.AstBuilder$DeclarationListStatement             : loaded 2 times (x 112B)
Class groovyjarjarantlr4.v4.runtime.tree.ParseTreeVisitor                             : loaded 2 times (x 70B)
Class groovy.lang.Tuple11                                                             : loaded 2 times (x 206B)
Class groovy.lang.Tuple0                                                              : loaded 2 times (x 206B)
Class [Lorg.codehaus.groovy.ast.ASTNode;                                              : loaded 2 times (x 69B)
Class groovy.lang.EmptyRange                                                          : loaded 2 times (x 242B)
Class org.codehaus.groovy.reflection.stdclasses.IntegerCachedClass                    : loaded 2 times (x 95B)
Class [Lkotlin.reflect.jvm.internal.impl.builtins.jvm.JavaToKotlinClassMap$PlatformMutabilityMapping;: loaded 2 times (x 69B)
Class kotlin.reflect.jvm.internal.CachesKt$$Lambda$1                                  : loaded 2 times (x 75B)
Class kotlin.reflect.full.IllegalPropertyDelegateAccessException                      : loaded 2 times (x 82B)
Class kotlin.LazyThreadSafetyMode                                                     : loaded 2 times (x 79B)
Class it.unimi.dsi.fastutil.HashCommon                                                : loaded 2 times (x 71B)
Class com.android.tools.lint.model.LintModelVariant                                   : loaded 2 times (x 70B)
Class kotlin.jvm.internal.ArrayIterator                                               : loaded 2 times (x 79B)
Class ijKotlinCoroutineJvmDebugInit1_3o4nk6yq3nim207shrcgh1b8x$_run_closure1          : loaded 2 times (x 139B)
Class com.google.common.cache.LocalCache$LoadingValueReference                        : loaded 2 times (x 96B)
Class com.amazon.ion.impl.LocalSymbolTable$Factory                                    : loaded 2 times (x 77B)
Class com.amazon.ion.impl.bin.IonManagedBinaryWriter$ImportedSymbolResolverMode       : loaded 2 times (x 80B)
Class com.intellij.gradle.toolingExtension.impl.model.buildScriptClasspathModel.GradleBuildScriptClasspathSerializationService: loaded 2 times (x 77B)
Class kotlin.reflect.jvm.internal.impl.metadata.ProtoBuf$VersionRequirement$VersionKind: loaded 2 times (x 82B)
Class kotlin.reflect.jvm.internal.impl.metadata.ProtoBuf$VersionRequirement           : loaded 2 times (x 98B)
Class kotlin.reflect.jvm.internal.impl.descriptors.impl.SimpleFunctionDescriptorImpl  : loaded 2 times (x 201B)
Class kotlin.reflect.jvm.internal.impl.serialization.deserialization.descriptors.DeserializedCallableMemberDescriptor: loaded 2 times (x 70B)
Class kotlin.reflect.jvm.internal.impl.serialization.deserialization.builtins.BuiltInsPackageFragmentImpl: loaded 2 times (x 111B)
Class kotlin.reflect.jvm.internal.impl.descriptors.runtime.components.ReflectKotlinClassFinderKt: loaded 2 times (x 71B)
Class kotlin.reflect.jvm.internal.impl.descriptors.impl.ModuleDependenciesImpl        : loaded 2 times (x 77B)
Class kotlin.reflect.jvm.internal.impl.resolve.jvm.SyntheticJavaPartsProvider$Companion: loaded 2 times (x 71B)
Class kotlin.reflect.jvm.internal.impl.resolve.jvm.SyntheticJavaPartsProvider         : loaded 2 times (x 70B)
Class kotlin.reflect.jvm.internal.impl.load.java.JavaTypeEnhancementState$Companion   : loaded 2 times (x 71B)
Class kotlin.reflect.jvm.internal.impl.builtins.jvm.JvmBuiltIns$WhenMappings          : loaded 2 times (x 71B)
Class org.codehaus.groovy.classgen.asm.indy.IndyCallSiteWriter                        : loaded 2 times (x 85B)
Class groovyjarjarasm.asm.MethodVisitor                                               : loaded 2 times (x 105B)
Class org.codehaus.groovy.ast.tools.ClosureUtils                                      : loaded 2 times (x 71B)
Class groovyjarjarantlr4.v4.runtime.atn.ATNConfig$ActionSemanticContextATNConfig      : loaded 2 times (x 85B)
Class groovyjarjarantlr4.v4.runtime.atn.SingletonPredictionContext                    : loaded 2 times (x 85B)
Class groovyjarjarantlr4.v4.runtime.atn.Transition                                    : loaded 2 times (x 76B)
Class org.apache.groovy.parser.antlr4.SyntaxErrorReportable                           : loaded 2 times (x 70B)
Class org.apache.groovy.parser.antlr4.GroovyParser$ClassOrInterfaceModifierContext    : loaded 2 times (x 165B)
Class org.apache.groovy.parser.antlr4.GroovySyntaxError                               : loaded 2 times (x 85B)
Class org.codehaus.groovy.ast.EnumConstantClassNode                                   : loaded 2 times (x 248B)
Class groovy.lang.Tuple12                                                             : loaded 2 times (x 206B)
Class groovy.lang.Tuple1                                                              : loaded 2 times (x 206B)
Class org.codehaus.groovy.GroovyException                                             : loaded 2 times (x 88B)
Class org.codehaus.groovy.runtime.ScriptBytecodeAdapter                               : loaded 2 times (x 71B)
Class org.codehaus.groovy.runtime.callsite.CallSiteArray                              : loaded 2 times (x 72B)
Class org.codehaus.groovy.runtime.typehandling.GroovyCastException                    : loaded 2 times (x 82B)
Class org.codehaus.groovy.runtime.DefaultGroovyMethods                                : loaded 2 times (x 71B)
Class groovy.lang.StringWriterIOException                                             : loaded 2 times (x 83B)
Class groovy.lang.GroovySystem                                                        : loaded 2 times (x 71B)
Class [Lorg.objectweb.asm.Symbol;                                                     : loaded 2 times (x 69B)
Class kotlin.jvm.internal.SpreadBuilder                                               : loaded 2 times (x 76B)
Class com.android.utils.PositionXmlParser$DomBuilder                                  : loaded 2 times (x 148B)
Class kotlin.reflect.jvm.internal.CachesKt$$Lambda$2                                  : loaded 2 times (x 75B)
Class com.android.builder.model.v2.ide.AaptOptions$Namespacing                        : loaded 2 times (x 79B)
Class com.google.common.reflect.TypeCapture                                           : loaded 2 times (x 71B)
Class kotlin.SynchronizedLazyImpl                                                     : loaded 2 times (x 76B)
Class [Lcom.android.tools.lint.model.LintModelArtifactType;                           : loaded 2 times (x 69B)
Class com.android.tools.lint.model.LintModelMavenName                                 : loaded 2 times (x 70B)
Class com.google.common.cache.LocalCache$Values                                       : loaded 2 times (x 118B)
Class com.google.common.collect.MapMakerInternalMap$StrongKeyDummyValueEntry          : loaded 2 times (x 82B)
Class com.google.common.io.LineReader$1                                               : loaded 2 times (x 75B)
Class com.google.common.collect.AbstractMapBasedMultimap$AsMap                        : loaded 2 times (x 128B)
Class com.google.common.collect.CollectSpliterators                                   : loaded 2 times (x 71B)
Class com.google.common.reflect.Invokable$MethodInvokable                             : loaded 2 times (x 107B)
Class com.google.common.collect.Multimaps$Entries                                     : loaded 2 times (x 118B)
Class com.google.gson.internal.bind.ReflectiveTypeAdapterFactory$RecordAdapter        : loaded 2 times (x 77B)
Class com.amazon.ion.impl.LocalSymbolTableAsStruct                                    : loaded 2 times (x 132B)
Class com.amazon.ion.impl.lite.IonTimestampLite                                       : loaded 2 times (x 193B)
Class org.jetbrains.plugins.gradle.model.FileCollectionDependency                     : loaded 2 times (x 70B)
Class io.opentelemetry.api.DefaultOpenTelemetry                                       : loaded 2 times (x 89B)
Class com.intellij.gradle.toolingExtension.impl.model.utilDummyModel.DummyModel       : loaded 2 times (x 70B)
Class org.gradle.internal.time.Clock                                                  : loaded 2 times (x 70B)
Class com.android.utils.ILogger                                                       : loaded 2 times (x 70B)
Class com.android.utils.NullLogger                                                    : loaded 2 times (x 85B)
Class com.google.protobuf.Internal$LongList                                           : loaded 2 times (x 70B)
Class kotlin.reflect.jvm.internal.calls.CallerImpl$Companion                          : loaded 2 times (x 71B)
Class kotlin.reflect.jvm.internal.calls.CallerImpl$Method$Instance                    : loaded 2 times (x 85B)
Class kotlin.reflect.jvm.internal.impl.descriptors.impl.TypeParameterDescriptorImpl   : loaded 2 times (x 127B)
Class kotlin.reflect.jvm.internal.impl.resolve.calls.inference.CapturedTypeConstructor: loaded 2 times (x 70B)
Class [Lkotlin.reflect.jvm.internal.impl.descriptors.DeclarationDescriptorWithSource; : loaded 2 times (x 69B)
Class kotlin.reflect.jvm.internal.impl.metadata.builtins.ReadPackageFragmentKt        : loaded 2 times (x 71B)
Class kotlin.reflect.jvm.internal.impl.protobuf.GeneratedMessageLite$ExtendableMessage$ExtensionWriter: loaded 2 times (x 73B)
Class kotlin.reflect.jvm.internal.impl.descriptors.PackageFragmentProviderKt          : loaded 2 times (x 71B)
Class kotlin.reflect.jvm.internal.impl.serialization.deserialization.ClassDeserializer$Companion: loaded 2 times (x 71B)
Class kotlin.reflect.jvm.internal.impl.protobuf.ByteString$ByteIterator               : loaded 2 times (x 70B)
Class kotlin.reflect.jvm.internal.impl.resolve.constants.ShortValue                   : loaded 2 times (x 74B)
Class org.codehaus.groovy.control.CompilationUnit$3$1                                 : loaded 2 times (x 212B)
Class groovyjarjarantlr4.v4.runtime.atn.PredictionContext$IdentityEqualityComparator  : loaded 2 times (x 77B)
Class groovy.lang.Tuple13                                                             : loaded 2 times (x 206B)
Class groovy.lang.Tuple2                                                              : loaded 2 times (x 206B)
Class org.codehaus.groovy.reflection.ReflectionUtils$ClassContextHelper               : loaded 2 times (x 101B)
Class org.codehaus.groovy.ast.ClassNode                                               : loaded 2 times (x 243B)
Class org.codehaus.groovy.reflection.stdclasses.ByteCachedClass                       : loaded 2 times (x 95B)
Class com.android.ide.common.gradle.Module$Companion                                  : loaded 2 times (x 71B)
Class kotlin.reflect.jvm.internal.KMutableProperty1Impl$$Lambda$0                     : loaded 2 times (x 76B)
Class it.unimi.dsi.fastutil.objects.ReferenceSet                                      : loaded 2 times (x 70B)
Class kotlin.reflect.jvm.internal.CachesKt$$Lambda$3                                  : loaded 2 times (x 75B)
Class com.android.tools.lint.model.LintModelLibrary                                   : loaded 2 times (x 70B)
Class kotlin.collections.builders.ListBuilder$Itr                                     : loaded 2 times (x 94B)
Class org.jetbrains.kotlin.config.ExplicitApiMode$Companion                           : loaded 2 times (x 71B)
Class com.google.common.collect.Tables$ImmutableCell                                  : loaded 2 times (x 82B)
Class org.codehaus.groovy.ast.PackageNode                                             : loaded 2 times (x 123B)
Class ijJvmDebugger1_6vmskn6yep3i26zgxq6fdk22x$_run_closure1$_closure2                : loaded 2 times (x 140B)
Class [Lorg.objectweb.asm.AnnotationWriter;                                           : loaded 2 times (x 69B)
Class com.android.builder.model.v2.dsl.ProductFlavor                                  : loaded 2 times (x 70B)
Class [Lcom.android.builder.model.v2.ide.TestInfo$Execution;                          : loaded 2 times (x 69B)
Class com.google.gson.internal.reflect.ReflectionHelper$RecordNotSupportedHelper      : loaded 2 times (x 78B)
Class com.amazon.ion.IonString                                                        : loaded 2 times (x 70B)
Class io.opentelemetry.context.propagation.TextMapPropagator                          : loaded 2 times (x 70B)
Class org.jetbrains.plugins.gradle.model.GradleSourceSetDependencyModel               : loaded 2 times (x 70B)
Class kotlin.io.FilePathComponents                                                    : loaded 2 times (x 72B)
Class com.google.common.collect.CompoundOrdering                                      : loaded 2 times (x 115B)
Class org.gradle.tooling.internal.adapter.TypeInspector                               : loaded 2 times (x 73B)
Class org.gradle.tooling.internal.adapter.ProtocolToModelAdapter$NoOpDecoration       : loaded 2 times (x 79B)
Class org.gradle.tooling.model.Element                                                : loaded 2 times (x 70B)
Class com.google.protobuf.InvalidProtocolBufferException                              : loaded 2 times (x 88B)
Class kotlin.reflect.jvm.internal.impl.utils.SmartSet$SingletonIterator               : loaded 2 times (x 81B)
Class kotlin.reflect.jvm.internal.impl.resolve.calls.inference.CapturedTypeConstructorKt: loaded 2 times (x 71B)
Class kotlin.reflect.jvm.internal.impl.types.model.TypeParameterMarker                : loaded 2 times (x 70B)
Class kotlin.reflect.jvm.internal.impl.metadata.deserialization.Flags$FlagField       : loaded 2 times (x 73B)
Class kotlin.reflect.jvm.internal.impl.descriptors.impl.VariableDescriptorImpl        : loaded 2 times (x 145B)
Class kotlin.reflect.jvm.internal.impl.descriptors.ClassConstructorDescriptor         : loaded 2 times (x 70B)
Class kotlin.reflect.jvm.internal.impl.renderer.OverrideRenderingPolicy               : loaded 2 times (x 79B)
Class kotlin.reflect.jvm.internal.impl.builtins.ReflectionTypes$$Lambda$0             : loaded 2 times (x 76B)
Class kotlin.reflect.jvm.internal.impl.utils.WrappedValues$1                          : loaded 2 times (x 71B)
Class kotlin.reflect.jvm.internal.impl.descriptors.deserialization.PlatformDependentDeclarationFilter: loaded 2 times (x 70B)
Class kotlin.reflect.jvm.internal.impl.descriptors.Named                              : loaded 2 times (x 70B)
Class org.codehaus.groovy.transform.stc.StaticTypesMarker                             : loaded 2 times (x 79B)
Class org.codehaus.groovy.classgen.asm.CompileStack$StateStackElement                 : loaded 2 times (x 72B)
Class org.codehaus.groovy.classgen.FinalVariableAnalyzer$VariableState                : loaded 2 times (x 79B)
Class [Lorg.apache.groovy.util.concurrent.concurrentlinkedhashmap.ConcurrentLinkedHashMap$DiscardingListener;: loaded 2 times (x 69B)
Class groovy.transform.CompileStatic                                                  : loaded 2 times (x 70B)
Class org.codehaus.groovy.classgen.EnumVisitor                                        : loaded 2 times (x 212B)
Class org.apache.groovy.parser.antlr4.GroovyParser$TryCatchStmtAltContext             : loaded 2 times (x 158B)
Class org.apache.groovy.parser.antlr4.GroovyParser$AssertStatementContext             : loaded 2 times (x 163B)
Class org.apache.groovy.parser.antlr4.GroovyParser$LoopStmtAltContext                 : loaded 2 times (x 158B)
Class org.apache.groovy.parser.antlr4.GroovyParser$DoWhileStmtAltContext              : loaded 2 times (x 163B)
Class org.codehaus.groovy.control.ParserPluginFactory                                 : loaded 2 times (x 72B)
Class groovy.lang.Tuple14                                                             : loaded 2 times (x 206B)
Class groovy.lang.Tuple3                                                              : loaded 2 times (x 206B)
Class org.codehaus.groovy.control.HasCleanup                                          : loaded 2 times (x 70B)
Class org.codehaus.groovy.ast.stmt.AssertStatement                                    : loaded 2 times (x 114B)
Class org.codehaus.groovy.control.ResolveVisitor                                      : loaded 2 times (x 236B)
Class org.codehaus.groovy.runtime.typehandling.DefaultTypeTransformation              : loaded 2 times (x 71B)
Class org.codehaus.groovy.util.SingleKeyHashMap$Copier                                : loaded 2 times (x 70B)
Class groovy.lang.MetaClassImpl                                                       : loaded 2 times (x 193B)
Class groovy.lang.MetaClassImpl$MethodIndex                                           : loaded 2 times (x 89B)
Class groovy.lang.MetaClassImpl$10                                                    : loaded 2 times (x 77B)
Class org.codehaus.groovy.reflection.MixinInMetaClass                                 : loaded 2 times (x 87B)
Class com.intellij.openapi.util.io.FileUtilRt$SymlinkResolver                         : loaded 2 times (x 70B)
Class org.codehaus.groovy.control.ProcessingUnit                                      : loaded 2 times (x 83B)
Class kotlin.reflect.jvm.internal.CachesKt$$Lambda$4                                  : loaded 2 times (x 75B)
Class kotlin.collections.ArrayAsCollection                                            : loaded 2 times (x 105B)
Class kotlin.LazyKt__LazyKt                                                           : loaded 2 times (x 71B)
Class org.apache.groovy.parser.antlr4.GroovyParser$VariableNamesContext               : loaded 2 times (x 162B)
Class com.android.utils.EnvironmentProvider                                           : loaded 2 times (x 70B)
Class org.codehaus.groovy.ast.VariableScope                                           : loaded 2 times (x 95B)
Class groovyjarjarantlr4.v4.runtime.atn.PlusLoopbackState                             : loaded 2 times (x 89B)
Class com.google.common.base.Predicates$CompositionPredicate                          : loaded 2 times (x 88B)
Class groovyjarjarantlr4.v4.runtime.BailErrorStrategy                                 : loaded 2 times (x 107B)
Class org.jetbrains.kotlin.tooling.core.Extras                                        : loaded 2 times (x 70B)
Class com.google.common.cache.LocalCache$StrongValueReference                         : loaded 2 times (x 90B)
Class com.google.common.util.concurrent.AbstractFuture$SynchronizedHelper             : loaded 2 times (x 78B)
Class com.amazon.ion.BufferConfiguration                                              : loaded 2 times (x 72B)
Class com.amazon.ion.system.SimpleCatalog                                             : loaded 2 times (x 91B)
Class io.opentelemetry.context.ArrayBasedContext                                      : loaded 2 times (x 100B)
Class com.intellij.gradle.toolingExtension.impl.model.taskModel.GradleTaskSerialisationService: loaded 2 times (x 76B)
Class com.android.ide.gradle.model.LegacyV1AgpVersionModel                            : loaded 2 times (x 70B)
Class com.google.protobuf.Extension                                                   : loaded 2 times (x 85B)
Class com.google.protobuf.MessageOrBuilder                                            : loaded 2 times (x 70B)
Class kotlin.reflect.jvm.internal.JvmFunctionSignature$KotlinFunction                 : loaded 2 times (x 73B)
Class kotlin.reflect.jvm.internal.impl.metadata.jvm.deserialization.ClassMapperLite   : loaded 2 times (x 71B)
Class kotlin.reflect.jvm.internal.impl.descriptors.impl.AbstractLazyTypeParameterDescriptor: loaded 2 times (x 124B)
Class [Lkotlin.reflect.jvm.internal.impl.metadata.ProtoBuf$Visibility;                : loaded 2 times (x 69B)
Class kotlin.reflect.jvm.internal.impl.metadata.jvm.deserialization.UtfEncodingKt     : loaded 2 times (x 71B)
Class kotlin.reflect.jvm.internal.impl.descriptors.runtime.components.ReflectKotlinClass$Factory: loaded 2 times (x 71B)
Class kotlin.reflect.jvm.internal.impl.serialization.deserialization.DeserializationConfiguration: loaded 2 times (x 70B)
Class kotlin.reflect.jvm.internal.impl.descriptors.NotFoundClasses$$Lambda$0          : loaded 2 times (x 76B)
Class kotlin.reflect.jvm.internal.impl.load.kotlin.header.KotlinClassHeader$Kind$Companion: loaded 2 times (x 71B)
Class org.codehaus.groovy.classgen.AsmClassGenerator                                  : loaded 2 times (x 227B)
Class org.codehaus.groovy.classgen.asm.OptimizingStatementWriter$ClassNodeSkip        : loaded 2 times (x 71B)
Class org.codehaus.groovy.util.URLStreams                                             : loaded 2 times (x 71B)
Class org.apache.groovy.parser.antlr4.GroovyParser$EmptyDimsContext                   : loaded 2 times (x 162B)
Class [Lgroovyjarjarantlr4.v4.runtime.atn.LexerActionType;                            : loaded 2 times (x 69B)
Class org.codehaus.groovy.ast.expr.PostfixExpression                                  : loaded 2 times (x 130B)
Class groovy.lang.Tuple15                                                             : loaded 2 times (x 206B)
Class groovy.lang.Tuple4                                                              : loaded 2 times (x 206B)
Class org.codehaus.groovy.control.CompilationUnit$IGroovyClassOperation               : loaded 2 times (x 70B)
Class org.codehaus.groovy.ast.expr.MethodCallExpression                               : loaded 2 times (x 153B)
Class org.codehaus.groovy.runtime.dgmimpl.arrays.LongArrayGetAtMetaMethod             : loaded 2 times (x 97B)
Class org.codehaus.groovy.runtime.dgmimpl.arrays.ArrayGetAtMetaMethod                 : loaded 2 times (x 97B)
Class com.google.common.collect.RegularImmutableBiMap$Inverse                         : loaded 2 times (x 143B)
Class org.apache.groovy.ast.tools.ClassNodeUtils                                      : loaded 2 times (x 71B)
Class it.unimi.dsi.fastutil.ints.AbstractIntSet                                       : loaded 2 times (x 233B)
Class com.intellij.openapi.util.io.FileUtilRt                                         : loaded 2 times (x 71B)
Class groovyjarjarasm.asm.MethodWriter                                                : loaded 2 times (x 106B)
Class kotlin.jvm.internal.ReflectionFactory                                           : loaded 2 times (x 91B)
Class kotlin.jvm.internal.Ref$ObjectRef                                               : loaded 2 times (x 72B)
Class kotlin.UNINITIALIZED_VALUE                                                      : loaded 2 times (x 71B)
Class com.google.gson.LongSerializationPolicy$1                                       : loaded 2 times (x 80B)
Class org.jetbrains.plugins.gradle.tooling.util.IntObjectMap$1                        : loaded 2 times (x 77B)
Class org.gradle.tooling.model.internal.ImmutableDomainObjectSet                      : loaded 2 times (x 155B)
Class org.gradle.internal.classloader.VisitableURLClassLoader$InstrumentingVisitableURLClassLoader: loaded 2 times (x 123B)
Class kotlin.reflect.jvm.internal.impl.metadata.jvm.deserialization.JvmFlags          : loaded 2 times (x 71B)
Class kotlin.reflect.jvm.internal.impl.load.java.lazy.LazyJavaTypeParameterResolver   : loaded 2 times (x 75B)
Class kotlin.reflect.jvm.internal.impl.load.java.structure.JavaModifierListOwner      : loaded 2 times (x 70B)
Class kotlin.reflect.jvm.internal.impl.serialization.deserialization.NameResolverUtilKt: loaded 2 times (x 71B)
Class kotlin.reflect.jvm.internal.impl.metadata.ProtoBuf$EnumEntryOrBuilder           : loaded 2 times (x 70B)
Class kotlin.reflect.jvm.internal.impl.metadata.ProtoBuf$VersionRequirementTable      : loaded 2 times (x 98B)
Class [Lkotlin.reflect.jvm.internal.impl.renderer.PropertyAccessorRenderingPolicy;    : loaded 2 times (x 69B)
Class [Lkotlin.reflect.jvm.internal.impl.renderer.ParameterNameRenderingPolicy;       : loaded 2 times (x 69B)
Class kotlin.reflect.jvm.internal.impl.load.java.lazy.LazyJavaResolverContext         : loaded 2 times (x 72B)
Class kotlin.reflect.jvm.internal.impl.descriptors.NotFoundClasses$$Lambda$1          : loaded 2 times (x 76B)
Class [Lorg.codehaus.groovy.transform.stc.StaticTypesMarker;                          : loaded 2 times (x 69B)
Class org.codehaus.groovy.classgen.asm.BytecodeHelper$LoadVarHandler                  : loaded 2 times (x 80B)
Class org.codehaus.groovy.classgen.asm.ClosureWriter                                  : loaded 2 times (x 81B)
Class org.codehaus.groovy.control.LabelVerifier                                       : loaded 2 times (x 213B)
Class [Lorg.apache.groovy.util.concurrent.concurrentlinkedhashmap.Weighers$SingletonEntryWeigher;: loaded 2 times (x 69B)
Class org.codehaus.groovy.ast.expr.MethodCallExpression$1                             : loaded 2 times (x 138B)
Class org.apache.groovy.parser.antlr4.GroovyParser$BuiltInTypePrmrAltContext          : loaded 2 times (x 158B)
Class org.apache.groovy.parser.antlr4.GroovyParser$StatementExpressionContext         : loaded 2 times (x 157B)
Class groovy.lang.Tuple16                                                             : loaded 2 times (x 206B)
Class groovy.lang.Tuple5                                                              : loaded 2 times (x 206B)
Class org.codehaus.groovy.syntax.SyntaxException                                      : loaded 2 times (x 97B)
Class groovy.lang.MetaClassImpl$DummyMetaMethod                                       : loaded 2 times (x 97B)
Class org.codehaus.groovy.runtime.dgmimpl.arrays.ShortArrayPutAtMetaMethod            : loaded 2 times (x 97B)
Class org.codehaus.groovy.transform.trait.Traits$Implemented                          : loaded 2 times (x 70B)
Class com.android.ide.common.gradle.DEV                                               : loaded 2 times (x 77B)
Class com.google.common.collect.MapMakerInternalMap$AbstractWeakKeyEntry              : loaded 2 times (x 87B)
Class org.codehaus.groovy.classgen.asm.BinaryExpressionMultiTypeDispatcher            : loaded 2 times (x 91B)
Class [Lkotlin.reflect.jvm.internal.impl.resolve.jvm.JvmPrimitiveType;                : loaded 2 times (x 69B)
Class kotlin.jvm.internal.ClassBasedDeclarationContainer                              : loaded 2 times (x 70B)
Class kotlin.coroutines.CoroutineContext$Element$DefaultImpls                         : loaded 2 times (x 71B)
Class kotlin.reflect.jvm.internal.impl.storage.CacheWithNullableValues                : loaded 2 times (x 70B)
Class kotlin.reflect.jvm.internal.impl.storage.SimpleLock$Companion                   : loaded 2 times (x 71B)
Class kotlin.reflect.jvm.internal.impl.builtins.ReflectionTypes                       : loaded 2 times (x 72B)
Class com.android.tools.lint.model.LintModelArtifactType                              : loaded 2 times (x 79B)
Class kotlin.reflect.jvm.internal.impl.resolve.constants.ByteValue                    : loaded 2 times (x 74B)
Class kotlin.reflect.jvm.internal.impl.resolve.constants.LongValue                    : loaded 2 times (x 74B)
Class kotlin.reflect.jvm.internal.impl.descriptors.ClassOrPackageFragmentDescriptor   : loaded 2 times (x 70B)
Class com.google.common.collect.MapMakerInternalMap$StrongKeyDummyValueEntry$Helper   : loaded 2 times (x 79B)
Class com.android.builder.model.v2.ide.AndroidGradlePluginProjectFlags                : loaded 2 times (x 70B)
Class [Lcom.android.builder.model.v2.ide.AndroidGradlePluginProjectFlags$BooleanFlag; : loaded 2 times (x 69B)
Class com.android.builder.model.v2.ide.BasicVariant                                   : loaded 2 times (x 70B)
Class org.objectweb.asm.ByteVector                                                    : loaded 2 times (x 79B)
Class [Lcom.google.common.cache.CacheBuilder$NullListener;                            : loaded 2 times (x 69B)
Class com.google.gson.LongSerializationPolicy$2                                       : loaded 2 times (x 80B)
Class [Lcom.amazon.ion.impl.bin.IonRawBinaryWriter$StreamFlushMode;                   : loaded 2 times (x 69B)
Class com.amazon.ion.UnsupportedIonVersionException                                   : loaded 2 times (x 85B)
Class io.opentelemetry.api.trace.SpanId                                               : loaded 2 times (x 71B)
Class org.gradle.internal.classloader.VisitableURLClassLoader$Spec                    : loaded 2 times (x 74B)
Class org.gradle.internal.classpath.DefaultClassPath                                  : loaded 2 times (x 90B)
Class com.google.protobuf.Utf8$Processor                                              : loaded 2 times (x 77B)
Class com.google.protobuf.Reader                                                      : loaded 2 times (x 70B)
Class kotlin.reflect.jvm.internal.impl.types.checker.NewTypeVariableConstructor       : loaded 2 times (x 70B)
Class kotlin.reflect.jvm.internal.impl.types.TypeProjectionImpl                       : loaded 2 times (x 82B)
Class kotlin.reflect.jvm.internal.impl.protobuf.LazyStringList                        : loaded 2 times (x 70B)
Class kotlin.reflect.jvm.internal.impl.descriptors.runtime.structure.ReflectJavaModifierListOwner: loaded 2 times (x 70B)
Class kotlin.reflect.jvm.internal.impl.protobuf.RopeByteString$RopeInputStream        : loaded 2 times (x 92B)
Class kotlin.reflect.jvm.internal.impl.load.kotlin.KotlinJvmBinaryClass$AnnotationArgumentVisitor: loaded 2 times (x 70B)
Class kotlin.reflect.jvm.internal.impl.util.AttributeArrayOwner                       : loaded 2 times (x 82B)
Class kotlin.reflect.jvm.internal.impl.renderer.AnnotationArgumentsRenderingPolicy    : loaded 2 times (x 79B)
Class kotlin.reflect.jvm.internal.impl.types.TypeParameterUpperBoundEraser$Companion  : loaded 2 times (x 71B)
Class kotlin.reflect.jvm.internal.impl.load.kotlin.PackagePartProvider$Empty          : loaded 2 times (x 74B)
Class kotlin.reflect.jvm.internal.impl.descriptors.annotations.Annotations$Companion$EMPTY$1: loaded 2 times (x 84B)
Class kotlin.reflect.jvm.internal.impl.descriptors.runtime.components.RuntimeModuleData: loaded 2 times (x 72B)
Class org.codehaus.groovy.classgen.asm.StatementMetaTypeChooser                       : loaded 2 times (x 75B)
Class org.codehaus.groovy.classgen.asm.WriterControllerFactory                        : loaded 2 times (x 70B)
Class org.apache.groovy.util.concurrent.concurrentlinkedhashmap.ConcurrentLinkedHashMap$DiscardingQueue: loaded 2 times (x 142B)
Class org.apache.groovy.parser.antlr4.GroovyLexer$Paren                               : loaded 2 times (x 76B)
Class groovyjarjarantlr4.v4.runtime.dfa.ArrayEdgeMap                                  : loaded 2 times (x 98B)
Class groovyjarjarantlr4.v4.runtime.atn.SemanticContext$PrecedencePredicate           : loaded 2 times (x 78B)
Class org.apache.groovy.parser.antlr4.GroovyParser$SepContext                         : loaded 2 times (x 160B)
Class groovyjarjarantlr4.v4.runtime.IntStream                                         : loaded 2 times (x 70B)
Class groovy.lang.Tuple6                                                              : loaded 2 times (x 206B)
Class [Lgroovy.lang.groovydoc.GroovydocHolder;                                        : loaded 2 times (x 69B)
Class org.codehaus.groovy.runtime.metaclass.ClosureStaticMetaMethod                   : loaded 2 times (x 102B)
Class org.codehaus.groovy.runtime.dgmimpl.NumberNumberPlus                            : loaded 2 times (x 114B)
Class org.codehaus.groovy.util.ReferenceType$1                                        : loaded 2 times (x 80B)
Class it.unimi.dsi.fastutil.ints.IntArrays                                            : loaded 2 times (x 71B)
Class kotlin.reflect.jvm.internal.impl.util.ModuleVisibilityHelper                    : loaded 2 times (x 70B)
Class kotlin.reflect.jvm.internal.impl.util.EmptyArrayMap                             : loaded 2 times (x 82B)
Class it.unimi.dsi.fastutil.Hash$Strategy                                             : loaded 2 times (x 70B)
Class kotlin.text.MatchGroup                                                          : loaded 2 times (x 72B)
Class kotlin.reflect.jvm.internal.impl.protobuf.AbstractParser                        : loaded 2 times (x 87B)
Class com.android.tools.lint.model.LintModelDependencies                              : loaded 2 times (x 70B)
Class kotlin.reflect.jvm.internal.impl.load.java.lazy.descriptors.LazyJavaScope$$Lambda$7: loaded 2 times (x 76B)
Class kotlin.reflect.jvm.internal.impl.serialization.deserialization.ProtoEnumFlagsUtilsKt$WhenMappings: loaded 2 times (x 71B)
Class kotlin.reflect.jvm.internal.impl.descriptors.ScopesHolderForClass               : loaded 2 times (x 72B)
Class kotlin.reflect.jvm.internal.impl.resolve.scopes.MemberScope$Companion$$Lambda$0 : loaded 2 times (x 75B)
Class com.google.common.reflect.Types$ClassOwnership                                  : loaded 2 times (x 80B)
Class com.android.builder.model.v2.ide.BundleInfo                                     : loaded 2 times (x 70B)
Class com.android.builder.model.v2.ide.SourceProvider                                 : loaded 2 times (x 70B)
Class org.objectweb.asm.Symbol                                                        : loaded 2 times (x 73B)
Class com.amazon.ion.impl.bin.IonManagedBinaryWriter$SymbolState                      : loaded 2 times (x 80B)
Class com.amazon.ion.IonStruct                                                        : loaded 2 times (x 70B)
Class org.jetbrains.plugins.gradle.model.GradleBuildScriptClasspathModel              : loaded 2 times (x 70B)
Class org.gradle.util.internal.DefaultGradleVersion                                   : loaded 2 times (x 82B)
Class kotlin.reflect.jvm.internal.impl.load.java.lazy.descriptors.LazyJavaClassDescriptor$$Lambda$0: loaded 2 times (x 76B)
Class com.google.protobuf.AbstractMessage$BuilderParent                               : loaded 2 times (x 70B)
Class [Lkotlin.reflect.jvm.internal.impl.resolve.ExternalOverridabilityCondition$Contract;: loaded 2 times (x 69B)
Class kotlin.reflect.jvm.internal.impl.protobuf.LazyStringArrayList                   : loaded 2 times (x 261B)
Class kotlin.reflect.jvm.internal.impl.load.java.JavaClassFinder$Request              : loaded 2 times (x 72B)
Class kotlin.reflect.jvm.internal.impl.metadata.ProtoBuf$Class$Kind$1                 : loaded 2 times (x 74B)
Class kotlin.reflect.jvm.internal.impl.builtins.jvm.JvmBuiltInsCustomizer$createMockJavaIoSerializableType$mockJavaIoPackageFragment$1: loaded 2 times (x 105B)
Class kotlin.reflect.jvm.internal.impl.storage.LockBasedStorageManager$CacheWithNotNullValuesBasedOnMemoizedFunction: loaded 2 times (x 86B)
Class kotlin.reflect.jvm.internal.impl.incremental.components.LookupLocation          : loaded 2 times (x 70B)
Class org.codehaus.groovy.classgen.asm.BinaryIntExpressionHelper                      : loaded 2 times (x 98B)
Class org.codehaus.groovy.syntax.Numbers                                              : loaded 2 times (x 71B)
Class org.apache.groovy.parser.antlr4.GroovyParser$SynchronizedStmtAltContext         : loaded 2 times (x 161B)
Class org.apache.groovy.parser.antlr4.Antlr4ParserPlugin                              : loaded 2 times (x 77B)
Class groovy.lang.Tuple7                                                              : loaded 2 times (x 206B)
Class org.codehaus.groovy.runtime.InvokerInvocationException                          : loaded 2 times (x 87B)
Class org.codehaus.groovy.util.ReferenceType$2                                        : loaded 2 times (x 80B)
Class groovy.lang.Closure                                                             : loaded 2 times (x 132B)
Class com.android.utils.PositionXmlParser$ParserFactoryFunction                       : loaded 2 times (x 70B)
Class kotlin.reflect.jvm.internal.impl.load.java.typeEnhancement.TypeEnhancementUtilsKt: loaded 2 times (x 71B)
Class kotlin.reflect.KType                                                            : loaded 2 times (x 70B)
Class kotlin.reflect.jvm.internal.impl.descriptors.impl.AbstractTypeParameterDescriptor: loaded 2 times (x 124B)
Class kotlin.reflect.jvm.internal.impl.resolve.scopes.SubstitutingScope               : loaded 2 times (x 85B)
Class kotlin.reflect.jvm.internal.KProperty1Impl$Getter                               : loaded 2 times (x 130B)
Class com.google.common.io.Java8Compatibility                                         : loaded 2 times (x 71B)
Class com.google.common.collect.Sets$FilteredSet                                      : loaded 2 times (x 137B)
Class com.google.common.base.CharMatcher$Ascii                                        : loaded 2 times (x 112B)
Class com.google.gson.reflect.TypeToken                                               : loaded 2 times (x 75B)
Class [Lio.opentelemetry.context.ThreadLocalContextStorage;                           : loaded 2 times (x 69B)
Class org.gradle.internal.classloader.ClassLoaderSpec                                 : loaded 2 times (x 71B)
Class com.android.tools.analytics.Environment                                         : loaded 2 times (x 73B)
Class com.google.common.io.ByteSource$EmptyByteSource                                 : loaded 2 times (x 85B)
Class kotlin.reflect.jvm.internal.impl.serialization.deserialization.DeserializedPackageFragmentImpl: loaded 2 times (x 109B)
Class kotlin.reflect.jvm.internal.impl.descriptors.runtime.structure.Java16SealedRecordLoader$Cache: loaded 2 times (x 72B)
Class kotlin.reflect.jvm.internal.impl.metadata.ProtoBuf$EnumEntry$1                  : loaded 2 times (x 87B)
Class kotlin.reflect.jvm.internal.impl.types.AbstractTypeConstructor$$Lambda$0        : loaded 2 times (x 76B)
Class kotlin.reflect.jvm.internal.impl.load.java.FieldOverridabilityCondition         : loaded 2 times (x 75B)
Class kotlin.reflect.jvm.internal.impl.types.checker.NewKotlinTypeChecker             : loaded 2 times (x 70B)
Class [Lkotlin.reflect.jvm.internal.impl.load.java.AnnotationQualifierApplicabilityType;: loaded 2 times (x 69B)
Class kotlin.reflect.jvm.internal.impl.load.java.NullabilityAnnotationStates          : loaded 2 times (x 70B)
Class kotlin.reflect.jvm.internal.impl.descriptors.impl.PackageViewDescriptorFactory  : loaded 2 times (x 70B)
Class org.apache.groovy.parser.antlr4.SemanticPredicates                              : loaded 2 times (x 71B)
Class org.apache.groovy.parser.antlr4.GroovyParser$SwitchLabelContext                 : loaded 2 times (x 160B)
Class groovy.lang.Tuple8                                                              : loaded 2 times (x 206B)
Class groovy.grape.GrapeIvy                                                           : loaded 2 times (x 127B)
Class org.codehaus.groovy.GroovyExceptionInterface                                    : loaded 2 times (x 70B)
Class org.codehaus.groovy.runtime.memoize.UnlimitedConcurrentCache                    : loaded 2 times (x 134B)
Class org.codehaus.groovy.ast.ConstructorNode                                         : loaded 2 times (x 158B)
Class org.codehaus.groovy.reflection.ReflectionCache                                  : loaded 2 times (x 71B)
Class org.codehaus.groovy.util.ReferenceType$3                                        : loaded 2 times (x 80B)
Class com.google.common.collect.AbstractMapBasedMultimap$1                            : loaded 2 times (x 84B)
Class com.google.common.collect.CollectCollectors$EnumSetAccumulator                  : loaded 2 times (x 72B)
Class it.unimi.dsi.fastutil.ints.IntArrays$ForkJoinQuickSortComp                      : loaded 2 times (x 96B)
Class kotlin.reflect.jvm.internal.ReflectProperties$Val$1                             : loaded 2 times (x 71B)
Class kotlin.text.DelimitedRangesSequence                                             : loaded 2 times (x 75B)
Class com.android.tools.lint.model.LintModelSerialization$LintModelSerializationFileAdapter: loaded 2 times (x 87B)
Class kotlin.reflect.jvm.internal.impl.resolve.OverridingUtil$7                       : loaded 2 times (x 75B)
Class com.android.prefs.VariableType                                                  : loaded 2 times (x 79B)
Class org.gradle.tooling.internal.adapter.TargetTypeProvider                          : loaded 2 times (x 70B)
Class org.objectweb.asm.AnnotationWriter                                              : loaded 2 times (x 79B)
Class com.google.common.cache.CacheStats                                              : loaded 2 times (x 71B)
Class com.google.gson.internal.sql.SqlTimestampTypeAdapter$1                          : loaded 2 times (x 75B)
Class com.google.gson.JsonPrimitive                                                   : loaded 2 times (x 93B)
Class com.amazon.ion.impl.IonWriterSystemTextMarkup                                   : loaded 2 times (x 192B)
Class com.amazon.ion.impl.bin.BlockAllocator                                          : loaded 2 times (x 80B)
Class kotlin.reflect.jvm.internal.impl.load.java.BuiltinSpecialProperties             : loaded 2 times (x 71B)
Class kotlin.reflect.jvm.internal.impl.metadata.deserialization.VersionRequirementTable: loaded 2 times (x 72B)
Class kotlin.reflect.jvm.internal.impl.descriptors.impl.LazyPackageViewDescriptorImpl$$Lambda$0: loaded 2 times (x 76B)
Class kotlin.reflect.jvm.internal.impl.utils.WrappedValues$ThrowableWrapper           : loaded 2 times (x 72B)
Class kotlin.reflect.jvm.internal.impl.types.AbstractTypeConstructor$$Lambda$1        : loaded 2 times (x 75B)
Class [Lkotlin.reflect.jvm.internal.impl.renderer.OverrideRenderingPolicy;            : loaded 2 times (x 69B)
Class groovyjarjarantlr4.v4.runtime.atn.LexerActionExecutor                           : loaded 2 times (x 75B)
Class groovyjarjarantlr4.v4.runtime.atn.ATNConfigSet                                  : loaded 2 times (x 159B)
Class groovyjarjarantlr4.v4.runtime.atn.RuleTransition                                : loaded 2 times (x 77B)
Class groovyjarjarantlr4.v4.runtime.CodePointCharStream$CodePoint32BitCharStream      : loaded 2 times (x 91B)
Class org.apache.groovy.parser.antlr4.GroovyParser$NullLiteralAltContext              : loaded 2 times (x 158B)
Class org.apache.groovy.parser.antlr4.GroovyParser$PathElementContext                 : loaded 2 times (x 173B)
Class org.apache.groovy.parser.antlr4.GroovyParser$ConditionalStatementContext        : loaded 2 times (x 158B)
Class groovy.lang.Tuple9                                                              : loaded 2 times (x 206B)
Class org.codehaus.groovy.runtime.metaclass.DefaultMetaClassInfo                      : loaded 2 times (x 71B)
Class org.codehaus.groovy.util.ComplexKeyHashMap$Entry                                : loaded 2 times (x 74B)
Class [Lgroovy.lang.MetaClass;                                                        : loaded 2 times (x 69B)
Class org.codehaus.groovy.reflection.ClassInfo$LazyClassLoaderRef                     : loaded 2 times (x 82B)
Class org.codehaus.groovy.util.ReferenceType$4                                        : loaded 2 times (x 80B)
Class com.google.common.collect.Cut$AboveAll                                          : loaded 2 times (x 88B)
Class it.unimi.dsi.fastutil.objects.AbstractObject2IntMap                             : loaded 2 times (x 239B)
Class com.google.common.collect.MapMakerInternalMap$WeakKeyStrongValueEntry$LinkedWeakKeyStrongValueEntry: loaded 2 times (x 90B)
Class kotlin.jdk7.AutoCloseableKt                                                     : loaded 2 times (x 71B)
Class com.android.resources.ResourceType                                              : loaded 2 times (x 79B)
Class org.jetbrains.plugins.gradle.model.GradleExtensions                             : loaded 2 times (x 70B)
Class org.jetbrains.plugins.gradle.model.AnnotationProcessingModel                    : loaded 2 times (x 70B)
Class io.opentelemetry.context.ContextStorageProvider                                 : loaded 2 times (x 70B)
Class com.amazon.ion.system.IonBinaryWriterBuilder                                    : loaded 2 times (x 99B)
Class com.amazon.ion.impl.bin.IonManagedBinaryWriter$UserState$4                      : loaded 2 times (x 85B)
Class org.jetbrains.plugins.gradle.model.UnresolvedExternalDependency                 : loaded 2 times (x 70B)
Class com.android.builder.model.v2.ide.AndroidArtifact                                : loaded 2 times (x 70B)
Class com.android.tools.lint.model.PathVariables                                      : loaded 2 times (x 72B)
Class com.android.tools.lint.model.DefaultLintModelAndroidArtifact                    : loaded 2 times (x 93B)
Class com.google.common.collect.Interners                                             : loaded 2 times (x 71B)
Class com.google.common.collect.AbstractMapBasedMultimap$2                            : loaded 2 times (x 85B)
Class com.google.common.collect.ImmutableMultisetGwtSerializationDependencies         : loaded 2 times (x 125B)
Class [Lcom.google.gson.ReflectionAccessFilter$FilterResult;                          : loaded 2 times (x 69B)
Class org.objectweb.asm.RecordComponentWriter                                         : loaded 2 times (x 78B)
Class com.google.common.util.concurrent.AbstractFuture$Listener                       : loaded 2 times (x 72B)
Class [Lcom.android.builder.model.v2.ide.ProjectType;                                 : loaded 2 times (x 69B)
Class com.google.gson.JsonElement                                                     : loaded 2 times (x 92B)
Class com.amazon.ion.system.IonWriterBuilderBase                                      : loaded 2 times (x 83B)
Class org.gradle.tooling.internal.adapter.ProtocolToModelAdapter$DefaultViewBuilder   : loaded 2 times (x 80B)
Class kotlin.reflect.jvm.internal.impl.descriptors.impl.ValueParameterDescriptorImpl$WithDestructuringDeclaration: loaded 2 times (x 169B)
Class kotlin.reflect.jvm.internal.impl.descriptors.impl.LazyPackageViewDescriptorImpl$$Lambda$1: loaded 2 times (x 76B)
Class kotlin.reflect.jvm.internal.impl.protobuf.Parser                                : loaded 2 times (x 70B)
Class kotlin.reflect.jvm.internal.impl.protobuf.MessageLite                           : loaded 2 times (x 70B)
Class kotlin.reflect.jvm.internal.impl.types.KotlinTypeFactory                        : loaded 2 times (x 71B)
Class kotlin.reflect.jvm.internal.impl.types.AbstractTypeConstructor$$Lambda$2        : loaded 2 times (x 76B)
Class kotlin.reflect.jvm.internal.impl.load.kotlin.BinaryClassAnnotationAndConstantLoaderImplKt: loaded 2 times (x 71B)
Class kotlin.reflect.jvm.internal.impl.descriptors.PackageFragmentProviderOptimized   : loaded 2 times (x 70B)
Class kotlin.reflect.jvm.internal.impl.resolve.jvm.CompositeSyntheticJavaPartsProvider: loaded 2 times (x 82B)
Class kotlin.reflect.jvm.internal.impl.load.java.components.JavaResolverCache         : loaded 2 times (x 70B)
Class [Lorg.apache.groovy.util.concurrent.concurrentlinkedhashmap.EntryWeigher;       : loaded 2 times (x 69B)
Class org.codehaus.groovy.transform.trait.Traits$TraitBridge                          : loaded 2 times (x 70B)
Class groovyjarjarantlr4.v4.runtime.atn.PredictionContextCache$PredictionContextAndInt: loaded 2 times (x 72B)
Class groovyjarjarantlr4.v4.runtime.atn.ATNConfigSet$ATNConfigSetIterator             : loaded 2 times (x 79B)
Class org.apache.groovy.parser.antlr4.GroovyParser$QualifiedNameElementsContext       : loaded 2 times (x 160B)
Class groovyjarjarantlr4.v4.runtime.atn.LexerAction                                   : loaded 2 times (x 70B)
Class groovyjarjarantlr4.v4.runtime.atn.ATNState                                      : loaded 2 times (x 89B)
Class groovyjarjarantlr4.v4.runtime.UnicodeCharStream                                 : loaded 2 times (x 70B)
Class org.apache.groovy.parser.antlr4.GroovyParser$MethodNameContext                  : loaded 2 times (x 158B)
Class org.apache.groovy.parser.antlr4.GroovyParser$ExpressionListElementContext       : loaded 2 times (x 158B)
Class org.codehaus.groovy.util.AbstractConcurrentMapBase$Entry                        : loaded 2 times (x 70B)
Class org.codehaus.groovy.runtime.metaclass.ReflectionMetaMethod                      : loaded 2 times (x 97B)
Class org.codehaus.groovy.reflection.CachedMethod                                     : loaded 2 times (x 112B)
Class kotlin.collections.builders.MapBuilder                                          : loaded 2 times (x 112B)
Class [Lorg.objectweb.asm.Label;                                                      : loaded 2 times (x 69B)
Class kotlin.jvm.internal.MutablePropertyReference2                                   : loaded 2 times (x 137B)
Class com.intellij.openapi.util.io.FileUtil                                           : loaded 2 times (x 71B)
Class kotlin.reflect.jvm.internal.ReflectProperties$Val                               : loaded 2 times (x 74B)
Class groovy.lang.MissingFieldException                                               : loaded 2 times (x 89B)
Class [Lcom.android.builder.model.v2.ide.AaptOptions$Namespacing;                     : loaded 2 times (x 69B)
Class com.google.gson.internal.bind.CollectionTypeAdapterFactory                      : loaded 2 times (x 75B)
Class io.opentelemetry.api.trace.ArrayBasedTraceState                                 : loaded 2 times (x 86B)
Class io.opentelemetry.context.ContextKey                                             : loaded 2 times (x 70B)
Class io.opentelemetry.context.propagation.TextMapSetter                              : loaded 2 times (x 70B)
Class org.gradle.tooling.internal.adapter.ProtocolToModelAdapter$ViewGraphDetails$1   : loaded 2 times (x 77B)
Class org.gradle.internal.classloader.VisitableURLClassLoader                         : loaded 2 times (x 117B)
Class org.codehaus.groovy.ast.MethodNode                                              : loaded 2 times (x 157B)
Class com.google.protobuf.ExtensionRegistryLite                                       : loaded 2 times (x 74B)
Class com.google.common.io.CharSource$AsByteSource                                    : loaded 2 times (x 85B)
Class [Lkotlin.reflect.jvm.internal.impl.serialization.deserialization.AnnotatedCallableKind;: loaded 2 times (x 69B)
Class kotlin.reflect.jvm.internal.impl.types.AbstractTypeConstructor$$Lambda$3        : loaded 2 times (x 76B)
Class kotlin.reflect.jvm.internal.impl.resolve.scopes.ResolutionScope$DefaultImpls    : loaded 2 times (x 71B)
Class kotlin.reflect.jvm.internal.impl.metadata.ProtoBuf$Type$ArgumentOrBuilder       : loaded 2 times (x 70B)
Class kotlin.reflect.jvm.internal.impl.descriptors.impl.LazyPackageViewDescriptorImpl$$Lambda$2: loaded 2 times (x 76B)
Class kotlin.reflect.jvm.internal.impl.builtins.functions.BuiltInFictitiousFunctionClassFactory: loaded 2 times (x 77B)
Class kotlin.reflect.jvm.internal.impl.metadata.ProtoBuf$AnnotationOrBuilder          : loaded 2 times (x 70B)
Class kotlin.reflect.jvm.internal.impl.protobuf.GeneratedMessageLite$GeneratedExtension: loaded 2 times (x 79B)
Class kotlin.reflect.jvm.internal.impl.load.kotlin.DeserializationComponentsForJava   : loaded 2 times (x 72B)
Class org.codehaus.groovy.classgen.asm.OptimizingStatementWriter                      : loaded 2 times (x 92B)
Class org.apache.groovy.util.concurrent.concurrentlinkedhashmap.ConcurrentLinkedHashMap$DiscardingListener: loaded 2 times (x 82B)
Class org.apache.groovy.parser.antlr4.GroovyParser$ScriptStatementsContext            : loaded 2 times (x 160B)
Class org.apache.groovy.parser.antlr4.GroovyParser$EnhancedStatementExpressionContext : loaded 2 times (x 158B)
Class org.apache.groovy.parser.antlr4.GroovyParser$ForInitContext                     : loaded 2 times (x 158B)
Class org.apache.groovy.parser.antlr4.GroovyParser$ExclusiveOrExprAltContext          : loaded 2 times (x 162B)
Class org.apache.groovy.parser.antlr4.GroovyParser$QualifiedClassNameContext          : loaded 2 times (x 158B)
Class org.codehaus.groovy.control.io.AbstractReaderSource                             : loaded 2 times (x 87B)
Class org.codehaus.groovy.tools.GroovyClass                                           : loaded 2 times (x 74B)
Class org.codehaus.groovy.ast.MixinNode                                               : loaded 2 times (x 243B)
Class org.codehaus.groovy.runtime.wrappers.Wrapper                                    : loaded 2 times (x 88B)
Class org.codehaus.groovy.control.CompilerConfiguration$1                             : loaded 2 times (x 122B)
Class org.codehaus.groovy.ast.stmt.LoopingStatement                                   : loaded 2 times (x 70B)
Class org.codehaus.groovy.runtime.metaclass.MetaMethodIndex                           : loaded 2 times (x 93B)
Class [Lkotlin.DeprecationLevel;                                                      : loaded 2 times (x 69B)
Class it.unimi.dsi.fastutil.objects.Object2IntMap                                     : loaded 2 times (x 70B)
Class kotlin.sequences.GeneratorSequence                                              : loaded 2 times (x 75B)
Class com.intellij.openapi.util.io.FileUtil$1                                         : loaded 2 times (x 77B)
Class kotlin.reflect.jvm.internal.KClassImpl                                          : loaded 2 times (x 115B)
Class org.codehaus.groovy.runtime.MetaClassHelper                                     : loaded 2 times (x 71B)
Class org.codehaus.groovy.ast.expr.TupleExpression                                    : loaded 2 times (x 138B)
Class org.apache.groovy.parser.antlr4.GroovyParserVisitor                             : loaded 2 times (x 70B)
Class org.apache.groovy.parser.antlr4.GroovyParser$SuperPrmrAltContext                : loaded 2 times (x 158B)
Class com.android.prefs.AbstractAndroidLocations                                      : loaded 2 times (x 82B)
Class com.google.common.collect.ImmutableList$SerializedForm                          : loaded 2 times (x 73B)
Class com.google.common.util.concurrent.AbstractFuture$Waiter                         : loaded 2 times (x 72B)
Class [Lcom.amazon.ion.SymbolTable;                                                   : loaded 2 times (x 69B)
Class com.amazon.ion.impl.bin.IonBinaryWriterAdapter$Factory                          : loaded 2 times (x 70B)
Class com.amazon.ion.impl.BlockedBuffer$BufferedOutputStream                          : loaded 2 times (x 90B)
Class org.jetbrains.plugins.gradle.tooling.serialization.ExternalTestsSerializationService$ReadContext: loaded 2 times (x 72B)
Class groovyjarjarantlr4.v4.runtime.atn.EmptyPredictionContext                        : loaded 2 times (x 84B)
Class org.codehaus.groovy.classgen.asm.indy.InvokeDynamicWriter                       : loaded 2 times (x 94B)
Class org.gradle.tooling.model.idea.IdeaDependency                                    : loaded 2 times (x 70B)
Class build_bk8sz87gsp6ecxt9pmcs7plf3$_run_closure2                                   : loaded 2 times (x 139B)
Class com.android.tools.analytics.AnalyticsSettingsData$Companion                     : loaded 2 times (x 71B)
Class kotlin.reflect.jvm.internal.KPropertyImpl$Getter$$Lambda$0                      : loaded 2 times (x 76B)
Class kotlin.reflect.jvm.internal.impl.protobuf.Utf8                                  : loaded 2 times (x 71B)
Class kotlin.reflect.jvm.internal.impl.metadata.builtins.BuiltInsBinaryVersion        : loaded 2 times (x 72B)
Class kotlin.reflect.jvm.internal.impl.types.AbstractTypeConstructor$$Lambda$4        : loaded 2 times (x 76B)
Class kotlin.reflect.jvm.internal.impl.load.java.lazy.descriptors.LazyJavaStaticClassScope: loaded 2 times (x 104B)
Class kotlin.reflect.jvm.internal.impl.load.java.lazy.LazyJavaTypeParameterResolver$$Lambda$0: loaded 2 times (x 76B)
Class kotlin.reflect.jvm.internal.impl.load.java.lazy.descriptors.LazyJavaPackageScope$KotlinClassLookupResult$Found: loaded 2 times (x 72B)
Class kotlin.reflect.jvm.internal.impl.metadata.ProtoBuf$MemberKind                   : loaded 2 times (x 82B)
Class [Lkotlin.reflect.jvm.internal.impl.serialization.deserialization.descriptors.DeserializedContainerAbiStability;: loaded 2 times (x 69B)
Class kotlin.reflect.jvm.internal.impl.protobuf.SmallSortedMap$1                      : loaded 2 times (x 129B)
Class kotlin.reflect.jvm.internal.impl.resolve.descriptorUtil.DescriptorUtilsKt       : loaded 2 times (x 71B)
Class kotlin.reflect.jvm.internal.impl.renderer.ClassifierNamePolicy$FULLY_QUALIFIED  : loaded 2 times (x 74B)
Class groovyjarjarasm.asm.Attribute                                                   : loaded 2 times (x 77B)
Class org.apache.groovy.util.concurrent.concurrentlinkedhashmap.EntryWeigher          : loaded 2 times (x 70B)
Class groovyjarjarantlr4.v4.runtime.tree.SyntaxTree                                   : loaded 2 times (x 70B)
Class org.codehaus.groovy.ast.expr.ElvisOperatorExpression                            : loaded 2 times (x 130B)
Class org.codehaus.groovy.util.LockableObject                                         : loaded 2 times (x 78B)
Class org.codehaus.groovy.classgen.asm.LambdaWriter                                   : loaded 2 times (x 83B)
Class kotlin.reflect.jvm.internal.impl.serialization.deserialization.KotlinMetadataFinder: loaded 2 times (x 70B)
Class kotlin.properties.ReadWriteProperty                                             : loaded 2 times (x 70B)
Class kotlin.reflect.jvm.internal.impl.protobuf.InvalidProtocolBufferException        : loaded 2 times (x 84B)
Class it.unimi.dsi.fastutil.ints.IntArrays$ArrayHashStrategy                          : loaded 2 times (x 75B)
Class [Lkotlin.reflect.jvm.internal.impl.descriptors.impl.ModuleDescriptorImpl;       : loaded 2 times (x 69B)
Class kotlin.reflect.jvm.internal.impl.name.ClassId$Companion                         : loaded 2 times (x 71B)
Class kotlin.reflect.jvm.internal.impl.load.java.JvmAnnotationNames                   : loaded 2 times (x 71B)
Class org.jetbrains.kotlin.cli.common.messages.GradleStyleMessageRenderer             : loaded 2 times (x 78B)
Class [Lkotlin.reflect.jvm.internal.impl.incremental.components.LookupLocation;       : loaded 2 times (x 69B)
Class com.android.tools.lint.model.DefaultLintModelMavenName                          : loaded 2 times (x 85B)
Class kotlin.reflect.jvm.internal.impl.load.java.lazy.descriptors.LazyJavaScope$$Lambda$6: loaded 2 times (x 76B)
Class kotlin.reflect.jvm.internal.impl.descriptors.runtime.components.ReflectKotlinClassKt: loaded 2 times (x 71B)
Class kotlin.reflect.jvm.internal.impl.protobuf.BoundedByteString                     : loaded 2 times (x 102B)
Class com.android.builder.model.v2.ide.AaptOptions                                    : loaded 2 times (x 70B)
Class [Lcom.android.builder.model.v2.ide.BytecodeTransformation;                      : loaded 2 times (x 69B)
Class org.objectweb.asm.Handler                                                       : loaded 2 times (x 72B)
Class com.google.common.base.Ticker                                                   : loaded 2 times (x 72B)
Class com.google.gson.internal.bind.TreeTypeAdapter                                   : loaded 2 times (x 75B)
Class com.google.gson.internal.sql.SqlTimeTypeAdapter                                 : loaded 2 times (x 74B)
Class com.amazon.ion.impl.bin.AbstractIonWriter$WriteValueOptimization                : loaded 2 times (x 79B)
Class [Lcom.android.tools.analytics.Environment$EnvironmentVariable;                  : loaded 2 times (x 69B)
Class com.google.protobuf.Utf8$SafeProcessor                                          : loaded 2 times (x 77B)
Class kotlin.reflect.jvm.internal.KPropertyImpl$Getter$$Lambda$1                      : loaded 2 times (x 76B)
Class kotlin.reflect.jvm.internal.KPropertyImpl$Getter                                : loaded 2 times (x 125B)
Class kotlin.reflect.jvm.internal.impl.load.java.JavaDescriptorVisibilities           : loaded 2 times (x 71B)
Class kotlin.reflect.jvm.internal.impl.types.KotlinTypeKt                             : loaded 2 times (x 71B)
Class kotlin.reflect.jvm.internal.impl.load.java.lazy.descriptors.LazyJavaPackageScope$KotlinClassLookupResult$SyntheticClass: loaded 2 times (x 71B)
Class kotlin.reflect.jvm.internal.impl.descriptors.VariableDescriptorWithAccessors    : loaded 2 times (x 70B)
Class kotlin.reflect.jvm.internal.impl.resolve.constants.ULongValue                   : loaded 2 times (x 74B)
Class kotlin.reflect.jvm.internal.impl.resolve.constants.UByteValue                   : loaded 2 times (x 74B)
Class kotlin.reflect.jvm.internal.impl.load.kotlin.BinaryClassAnnotationAndConstantLoaderImpl: loaded 2 times (x 107B)
Class kotlin.reflect.jvm.internal.impl.builtins.jvm.JvmBuiltIns$$Lambda$0             : loaded 2 times (x 76B)
Class org.codehaus.groovy.ast.stmt.CaseStatement                                      : loaded 2 times (x 114B)
Class groovy.transform.Generated                                                      : loaded 2 times (x 70B)
Class com.google.common.collect.Cut$AboveValue                                        : loaded 2 times (x 88B)
Class kotlin.jvm.internal.markers.KMutableIterator                                    : loaded 2 times (x 70B)
Class com.android.SdkConstants                                                        : loaded 2 times (x 71B)
Class kotlin.reflect.jvm.internal.KClassImpl$Data$$Lambda$10                          : loaded 2 times (x 76B)
Class kotlin.reflect.jvm.internal.KDeclarationContainerImpl$Data$$Lambda$0            : loaded 2 times (x 76B)
Class com.intellij.util.containers.UtilKt                                             : loaded 2 times (x 71B)
Class kotlin.reflect.jvm.internal.impl.metadata.jvm.deserialization.JvmNameResolverBase$WhenMappings: loaded 2 times (x 71B)
Class kotlin.reflect.jvm.internal.impl.descriptors.ScopesHolderForClass$$Lambda$0     : loaded 2 times (x 76B)
Class kotlin.reflect.jvm.internal.impl.types.AnnotationsTypeAttribute                 : loaded 2 times (x 75B)
Class kotlin.reflect.jvm.internal.calls.CallerImpl$Method                             : loaded 2 times (x 85B)
Class com.android.builder.model.v2.models.ndk.NativeModelBuilderParameter             : loaded 2 times (x 70B)
Class [Lcom.google.common.cache.LocalCache$Segment;                                   : loaded 2 times (x 69B)
Class [Lcom.google.common.cache.LocalCache$Strength;                                  : loaded 2 times (x 69B)
Class com.google.common.cache.CacheBuilder$1                                          : loaded 2 times (x 85B)
Class com.google.gson.internal.bind.TypeAdapters$20                                   : loaded 2 times (x 75B)
Class com.amazon.ion.impl.bin.BlockAllocatorProvider                                  : loaded 2 times (x 72B)
Class io.opentelemetry.api.trace.ArrayBasedTraceStateBuilder                          : loaded 2 times (x 77B)
Class org.jetbrains.plugins.gradle.tooling.serialization.internal.IdeaProjectSerializationService$WriteContext: loaded 2 times (x 72B)
Class com.intellij.gradle.toolingExtension.impl.model.sourceSetDependencyModel.GradleSourceSetDependencySerialisationService: loaded 2 times (x 77B)
Class org.jetbrains.plugins.gradle.model.GradleSourceSetModel                         : loaded 2 times (x 70B)
Class org.gradle.internal.classpath.DefaultClassPath$ImmutableUniqueList$Builder      : loaded 2 times (x 75B)
Class kotlin.reflect.jvm.internal.JvmFunctionSignature$KotlinConstructor              : loaded 2 times (x 73B)
Class kotlin.reflect.jvm.internal.impl.serialization.deserialization.descriptors.DeserializedClassDescriptor$$Lambda$0: loaded 2 times (x 76B)
Class kotlin.reflect.jvm.internal.impl.metadata.jvm.JvmProtoBuf$JvmPropertySignatureOrBuilder: loaded 2 times (x 70B)
Class kotlin.reflect.jvm.internal.impl.types.error.ErrorClassDescriptor               : loaded 2 times (x 175B)
Class kotlin.reflect.jvm.internal.impl.descriptors.ValueDescriptor                    : loaded 2 times (x 70B)
Class kotlin.reflect.jvm.internal.impl.renderer.DescriptorRendererOptionsImpl$property$$inlined$vetoable$1: loaded 2 times (x 83B)
Class kotlin.reflect.jvm.internal.impl.builtins.jvm.JvmBuiltIns$$Lambda$1             : loaded 2 times (x 76B)
Class org.codehaus.groovy.transform.stc.AbstractExtensionMethodCache                  : loaded 2 times (x 76B)
Class org.apache.groovy.parser.antlr4.GroovyParser$ClassBodyContext                   : loaded 2 times (x 166B)
Class org.apache.groovy.parser.antlr4.GroovyParser$FieldDeclarationContext            : loaded 2 times (x 157B)
Class groovyjarjarantlr4.v4.runtime.atn.RangeTransition                               : loaded 2 times (x 76B)
Class org.apache.groovy.parser.antlr4.GroovyParser$VariableDeclarationContext         : loaded 2 times (x 164B)
Class org.codehaus.groovy.classgen.GeneratorContext                                   : loaded 2 times (x 77B)
Class org.codehaus.groovy.ast.stmt.BreakStatement                                     : loaded 2 times (x 111B)
Class org.codehaus.groovy.runtime.metaclass.NewInstanceMetaMethod                     : loaded 2 times (x 99B)
Class groovy.io.GroovyPrintWriter                                                     : loaded 2 times (x 129B)
Class org.codehaus.groovy.ast.expr.PropertyExpression                                 : loaded 2 times (x 140B)
Class [Lgroovy.lang.MetaObjectProtocol;                                               : loaded 2 times (x 69B)
Class org.codehaus.groovy.util.ReferenceManager                                       : loaded 2 times (x 76B)
Class org.codehaus.groovy.reflection.stdclasses.FloatCachedClass                      : loaded 2 times (x 95B)
Class com.google.common.collect.RowSortedTable                                        : loaded 2 times (x 70B)
Class kotlin.reflect.jvm.internal.impl.resolve.OverridingUtil$6                       : loaded 2 times (x 74B)
Class com.google.common.io.ByteArrayDataOutput                                        : loaded 2 times (x 70B)
Class kotlin.reflect.jvm.internal.KClassImpl$Data$$Lambda$11                          : loaded 2 times (x 76B)
Class kotlin.reflect.jvm.internal.KDeclarationContainerImpl$Data                      : loaded 2 times (x 72B)
Class kotlin.jvm.functions.Function3                                                  : loaded 2 times (x 70B)
Class com.google.protobuf.WireFormat                                                  : loaded 2 times (x 71B)
Class org.gradle.api.internal.classpath.ManifestUtil                                  : loaded 2 times (x 71B)
Class [Lcom.android.prefs.LocationValue;                                              : loaded 2 times (x 69B)
Class org.gradle.tooling.internal.adapter.ProtocolToModelAdapter$InvocationHandlerImpl: loaded 2 times (x 77B)
Class com.google.common.cache.LocalCache                                              : loaded 2 times (x 187B)
Class com.google.common.cache.CacheBuilder$2                                          : loaded 2 times (x 79B)
Class com.google.gson.internal.bind.TypeAdapters$21                                   : loaded 2 times (x 75B)
Class com.google.gson.FieldNamingPolicy$1                                             : loaded 2 times (x 83B)
Class settings_682c7jvtne6sv3lbqu2di0t4e$_run_closure1                                : loaded 2 times (x 139B)
Class com.amazon.ion.impl.lite.IonSequenceLite                                        : loaded 2 times (x 433B)
Class com.amazon.ion.impl._Private_Utils$1                                            : loaded 2 times (x 98B)
Class com.amazon.ion.impl.SymbolTableAsStruct                                         : loaded 2 times (x 70B)
Class com.android.ide.gradle.model.dependencies.Coordinates                           : loaded 2 times (x 70B)
Class org.gradle.tooling.internal.adapter.WeakIdentityHashMap$AbsentValueProvider     : loaded 2 times (x 70B)
Class com.google.gson.TypeAdapter$1                                                   : loaded 2 times (x 74B)
Class kotlin.reflect.jvm.internal.impl.descriptors.runtime.structure.ReflectJavaClassifierType: loaded 2 times (x 92B)
Class kotlin.reflect.jvm.internal.impl.serialization.deserialization.descriptors.DeserializedClassDescriptor$$Lambda$1: loaded 2 times (x 76B)
Class kotlin.reflect.jvm.internal.impl.serialization.deserialization.descriptors.DeserializedClassDescriptor: loaded 2 times (x 177B)
Class kotlin.reflect.jvm.internal.impl.load.kotlin.KotlinJvmBinaryClass$AnnotationArrayArgumentVisitor: loaded 2 times (x 70B)
Class kotlin.reflect.jvm.internal.impl.load.java.structure.JavaAnnotationOwner        : loaded 2 times (x 70B)
Class [Lkotlin.reflect.jvm.internal.impl.protobuf.WireFormat$JavaType;                : loaded 2 times (x 69B)
Class kotlin.reflect.jvm.internal.impl.types.error.ErrorScope                         : loaded 2 times (x 95B)
Class kotlin.reflect.jvm.internal.impl.types.model.TypeArgumentMarker                 : loaded 2 times (x 70B)
Class kotlin.reflect.jvm.internal.impl.renderer.RenderingFormat$HTML                  : loaded 2 times (x 80B)
Class kotlin.reflect.jvm.internal.impl.builtins.jvm.JvmBuiltIns$$Lambda$2             : loaded 2 times (x 76B)
Class kotlin.reflect.jvm.internal.impl.load.java.lazy.types.RawProjectionComputer     : loaded 2 times (x 72B)
Class kotlin.reflect.jvm.internal.impl.descriptors.DeclarationDescriptorWithVisibility: loaded 2 times (x 70B)
Class kotlin.reflect.jvm.internal.impl.storage.EmptySimpleLock                        : loaded 2 times (x 75B)
Class [Lorg.codehaus.groovy.classgen.asm.BinaryExpressionWriter;                      : loaded 2 times (x 69B)
Class org.apache.groovy.parser.antlr4.GroovyParser$PrimitiveTypeContext               : loaded 2 times (x 157B)
Class org.apache.groovy.parser.antlr4.GroovyParser$ReturnStmtAltContext               : loaded 2 times (x 159B)
Class [Lgroovyjarjarasm.asm.Opcodes;                                                  : loaded 2 times (x 69B)
Class org.codehaus.groovy.runtime.ProcessGroovyMethods                                : loaded 2 times (x 71B)
Class org.codehaus.groovy.util.ComplexKeyHashMap                                      : loaded 2 times (x 79B)
Class org.codehaus.groovy.util.Reference                                              : loaded 2 times (x 70B)
Class org.codehaus.groovy.reflection.stdclasses.CachedSAMClass                        : loaded 2 times (x 95B)
Class org.gradle.tooling.model.build.GradleEnvironment                                : loaded 2 times (x 70B)
Class it.unimi.dsi.fastutil.objects.AbstractObject2IntFunction                        : loaded 2 times (x 119B)
Class org.jetbrains.plugins.gradle.tooling.util.IntObjectMap$ObjectFactory            : loaded 2 times (x 70B)
Class [Lio.opentelemetry.api.trace.ImmutableTraceFlags;                               : loaded 2 times (x 69B)
Class com.amazon.ion.IonException                                                     : loaded 2 times (x 84B)
Class kotlin.reflect.jvm.internal.impl.builtins.PrimitiveType$Companion               : loaded 2 times (x 71B)
Class com.amazon.ion.util.GzipStreamInterceptor                                       : loaded 2 times (x 85B)
Class kotlin.reflect.jvm.internal.KClassImpl$Data$$Lambda$12                          : loaded 2 times (x 76B)
Class kotlin.reflect.jvm.internal.KClassImpl$Data                                     : loaded 2 times (x 72B)
Class org.jetbrains.kotlin.config.LanguageVersion                                     : loaded 2 times (x 91B)
Class com.amazon.ion.impl.bin.IonManagedBinaryWriter$UserState$3                      : loaded 2 times (x 85B)
Class com.google.gson.JsonObject                                                      : loaded 2 times (x 93B)
Class com.google.common.cache.CacheBuilder$3                                          : loaded 2 times (x 72B)
Class com.google.gson.internal.bind.TypeAdapters$22                                   : loaded 2 times (x 75B)
Class com.google.gson.FieldNamingPolicy$2                                             : loaded 2 times (x 83B)
Class com.google.gson.internal.Excluder$1                                             : loaded 2 times (x 74B)
Class com.amazon.ion.impl.bin.AbstractIonWriter                                       : loaded 2 times (x 160B)
Class io.opentelemetry.api.trace.AutoValue_ArrayBasedTraceState                       : loaded 2 times (x 87B)
Class gnu.trove.TObjectHash                                                           : loaded 2 times (x 94B)
Class org.jetbrains.plugins.gradle.tooling.util.ObjectCollector$Processor             : loaded 2 times (x 70B)
Class com.google.common.util.concurrent.ExecutionError                                : loaded 2 times (x 82B)
Class org.gradle.internal.exceptions.NonGradleCauseExceptionsHolder                   : loaded 2 times (x 70B)
Class org.gradle.tooling.model.idea.IdeaModuleDependency                              : loaded 2 times (x 70B)
Class org.gradle.tooling.internal.adapter.ViewBuilder                                 : loaded 2 times (x 70B)
Class com.android.builder.model.v2.models.VariantDependenciesAdjacencyList            : loaded 2 times (x 70B)
Class build_bk8sz87gsp6ecxt9pmcs7plf3$_run_closure1$_closure4$_closure9               : loaded 2 times (x 139B)
Class com.google.common.io.CharSource$EmptyCharSource                                 : loaded 2 times (x 86B)
Class kotlin.reflect.jvm.internal.impl.types.TypeConstructorSubstitution$Companion    : loaded 2 times (x 71B)
Class kotlin.reflect.jvm.internal.impl.metadata.ProtoBuf$Annotation$Builder           : loaded 2 times (x 92B)
Class kotlin.reflect.jvm.internal.impl.metadata.ProtoBuf$PackageFragmentOrBuilder     : loaded 2 times (x 70B)
Class kotlin.reflect.jvm.internal.impl.load.java.structure.JavaNamedElement           : loaded 2 times (x 70B)
Class kotlin.reflect.jvm.internal.impl.serialization.deserialization.descriptors.DeserializedClassDescriptor$$Lambda$2: loaded 2 times (x 76B)
Class kotlin.reflect.jvm.internal.impl.descriptors.ScopesHolderForClass$Companion     : loaded 2 times (x 71B)
Class [Lkotlin.reflect.jvm.internal.impl.metadata.ProtoBuf$TypeParameter$Variance;    : loaded 2 times (x 69B)
Class kotlin.reflect.jvm.internal.impl.types.checker.KotlinTypeRefiner                : loaded 2 times (x 79B)
Class kotlin.reflect.jvm.internal.impl.descriptors.DeclarationDescriptorWithSource    : loaded 2 times (x 70B)
Class groovyjarjarasm.asm.Label                                                       : loaded 2 times (x 73B)
Class org.codehaus.groovy.classgen.asm.OptimizingStatementWriter$OptimizeFlagsCollector: loaded 2 times (x 78B)
Class org.codehaus.groovy.classgen.ClassCompletionVerifier                            : loaded 2 times (x 213B)
Class org.apache.groovy.parser.antlr4.GroovyParser$TypeArgumentsContext               : loaded 2 times (x 164B)
Class org.apache.groovy.parser.antlr4.GroovyParser$DimContext                         : loaded 2 times (x 160B)
Class org.apache.groovy.parser.antlr4.GroovyParser$EnhancedForControlContext          : loaded 2 times (x 162B)
Class groovyjarjarantlr4.v4.runtime.Token                                             : loaded 2 times (x 70B)
Class org.codehaus.groovy.ast.expr.SpreadExpression                                   : loaded 2 times (x 128B)
Class org.codehaus.groovy.vmplugin.v9.ClassFinder$1                                   : loaded 2 times (x 84B)
Class groovy.lang.SpreadMapEvaluatingException                                        : loaded 2 times (x 87B)
Class org.codehaus.groovy.reflection.CachedMethod$MyComparator                        : loaded 2 times (x 90B)
Class org.codehaus.groovy.runtime.m12n.ExtensionModuleRegistry                        : loaded 2 times (x 77B)
Class org.codehaus.groovy.reflection.GeneratedMetaMethod$Proxy                        : loaded 2 times (x 96B)
Class groovy.lang.MetaClassRegistry                                                   : loaded 2 times (x 70B)
Class com.android.tools.lint.model.DefaultLintModelVariant$mainArtifact$2             : loaded 2 times (x 79B)
Class kotlin.jvm.functions.Function5                                                  : loaded 2 times (x 70B)
Class kotlin.reflect.jvm.internal.KClassImpl$Data$$Lambda$13                          : loaded 2 times (x 76B)
Class com.android.sdklib.IAndroidTarget                                               : loaded 2 times (x 70B)
Class com.intellij.openapi.diagnostic.DefaultLogger                                   : loaded 2 times (x 100B)
Class com.intellij.openapi.diagnostic.Attachment                                      : loaded 2 times (x 72B)
Class kotlin.jvm.internal.MutablePropertyReference1                                   : loaded 2 times (x 137B)
Class com.google.common.base.Suppliers$MemoizingSupplier                              : loaded 2 times (x 79B)
Class com.android.builder.model.v2.ide.AndroidLibraryData                             : loaded 2 times (x 70B)
Class com.android.builder.model.v2.ide.ApiVersion                                     : loaded 2 times (x 70B)
Class com.google.gson.internal.bind.TypeAdapters$23                                   : loaded 2 times (x 75B)
Class com.google.gson.FieldNamingPolicy$3                                             : loaded 2 times (x 83B)
Class com.amazon.ion.system.IonReaderBuilder                                          : loaded 2 times (x 95B)
Class io.opentelemetry.api.trace.TraceState                                           : loaded 2 times (x 70B)
Class org.jetbrains.plugins.gradle.model.AnnotationProcessingConfig                   : loaded 2 times (x 70B)
Class com.amazon.ion.IonReader                                                        : loaded 2 times (x 70B)
Class gnu.trove.Equality                                                              : loaded 2 times (x 70B)
Class com.google.protobuf.Internal$EnumLiteMap                                        : loaded 2 times (x 70B)
Class kotlin.reflect.jvm.internal.impl.descriptors.impl.PropertyDescriptorImpl$CopyConfiguration: loaded 2 times (x 82B)
Class kotlin.reflect.jvm.internal.impl.types.TypeSubstitutor$SubstitutionException    : loaded 2 times (x 82B)
Class [Lkotlin.reflect.jvm.internal.impl.load.java.typeEnhancement.NullabilityQualifier;: loaded 2 times (x 69B)
Class kotlin.reflect.jvm.internal.impl.metadata.ProtoBuf$StringTableOrBuilder         : loaded 2 times (x 70B)
Class kotlin.reflect.jvm.internal.impl.descriptors.runtime.structure.ReflectJavaAnnotationOwnerKt: loaded 2 times (x 71B)
Class kotlin.reflect.jvm.internal.impl.load.java.lazy.descriptors.LazyJavaClassDescriptor: loaded 2 times (x 177B)
Class kotlin.reflect.jvm.internal.impl.serialization.deserialization.descriptors.DeserializedClassDescriptor$$Lambda$3: loaded 2 times (x 76B)
Class kotlin.reflect.jvm.internal.impl.serialization.deserialization.DeserializationContext: loaded 2 times (x 72B)
Class kotlin.reflect.jvm.internal.impl.metadata.ProtoBuf$Type$Argument                : loaded 2 times (x 98B)
Class kotlin.reflect.jvm.internal.impl.load.java.lazy.LazyJavaAnnotationsKt           : loaded 2 times (x 71B)
Class kotlin.reflect.jvm.internal.impl.resolve.ResolutionAnchorProviderKt             : loaded 2 times (x 71B)
Class kotlin.reflect.jvm.internal.impl.serialization.deserialization.AbstractAnnotationLoader: loaded 2 times (x 94B)
Class kotlin.reflect.jvm.internal.impl.protobuf.ByteString$Output                     : loaded 2 times (x 86B)
Class kotlin.reflect.jvm.internal.impl.descriptors.Visibilities$Private               : loaded 2 times (x 75B)
Class kotlin.reflect.jvm.internal.impl.renderer.ClassifierNamePolicy                  : loaded 2 times (x 70B)
Class kotlin.reflect.jvm.internal.impl.load.java.AbstractAnnotationTypeQualifierResolver: loaded 2 times (x 77B)
Class kotlin.reflect.jvm.internal.impl.load.java.JavaNullabilityAnnotationsStatus$Companion: loaded 2 times (x 71B)
Class kotlin.reflect.jvm.internal.impl.types.model.TypeArgumentListMarker             : loaded 2 times (x 70B)
Class kotlin.reflect.jvm.internal.impl.storage.NullableLazyValue                      : loaded 2 times (x 70B)
Class groovyjarjarasm.asm.Edge                                                        : loaded 2 times (x 72B)
Class groovyjarjarasm.asm.Frame                                                       : loaded 2 times (x 73B)
Class groovyjarjarantlr4.v4.runtime.atn.SimulatorState                                : loaded 2 times (x 72B)
Class org.apache.groovy.parser.antlr4.GroovyParser$NonWildcardTypeArgumentsContext    : loaded 2 times (x 161B)
Class org.apache.groovy.parser.antlr4.GroovyParser$VariableInitializersContext        : loaded 2 times (x 162B)
Class groovyjarjarantlr4.v4.runtime.atn.ATNType                                       : loaded 2 times (x 79B)
Class groovyjarjarantlr4.v4.runtime.CodePointCharStream$1                             : loaded 2 times (x 71B)
Class org.apache.groovy.parser.antlr4.GroovyParser$AndExprAltContext                  : loaded 2 times (x 162B)
Class org.codehaus.groovy.ast.AnnotationNode                                          : loaded 2 times (x 119B)
Class org.codehaus.groovy.ast.stmt.SwitchStatement                                    : loaded 2 times (x 117B)
Class org.codehaus.groovy.runtime.GroovyCategorySupport                               : loaded 2 times (x 71B)
Class groovy.lang.MetaClassImpl$Index                                                 : loaded 2 times (x 88B)
Class org.codehaus.groovy.runtime.metaclass.NewMetaMethod                             : loaded 2 times (x 99B)
Class org.codehaus.groovy.reflection.stdclasses.DoubleCachedClass                     : loaded 2 times (x 95B)
Class kotlin.SafePublicationLazyImpl$Companion                                        : loaded 2 times (x 71B)
Class kotlin.jvm.functions.Function6                                                  : loaded 2 times (x 70B)
Class kotlin.reflect.jvm.internal.KClassImpl$Data$$Lambda$14                          : loaded 2 times (x 76B)
Class kotlin.reflect.jvm.internal.KTypeParameterOwnerImpl                             : loaded 2 times (x 70B)
Class kotlin.jvm.internal.PropertyReference1Impl                                      : loaded 2 times (x 127B)
Class kotlin.reflect.jvm.internal.KProperty0Impl$$Lambda$1                            : loaded 2 times (x 76B)
Class com.android.ide.common.blame.SourcePosition                                     : loaded 2 times (x 71B)
Class org.codehaus.groovy.reflection.stdclasses.LongCachedClass                       : loaded 2 times (x 95B)
Class com.google.common.collect.Maps$AbstractFilteredMap                              : loaded 2 times (x 127B)
Class [Lcom.google.common.io.FileWriteMode;                                           : loaded 2 times (x 69B)
Class com.android.builder.model.v2.models.Versions$Version                            : loaded 2 times (x 70B)
Class com.google.gson.internal.bind.TypeAdapters$24                                   : loaded 2 times (x 75B)
Class com.google.gson.FieldNamingPolicy$4                                             : loaded 2 times (x 83B)
Class com.amazon.ion.IonClob                                                          : loaded 2 times (x 70B)
Class io.opentelemetry.context.LazyStorage                                            : loaded 2 times (x 71B)
Class org.jetbrains.plugins.gradle.tooling.ModelBuilderService$Parameter              : loaded 2 times (x 70B)
Class kotlin.reflect.jvm.internal.FunctionWithAllInvokes                              : loaded 2 times (x 70B)
Class kotlin.reflect.jvm.internal.impl.load.java.lazy.descriptors.ClassDeclaredMemberIndex: loaded 2 times (x 86B)
Class kotlin.reflect.jvm.internal.impl.serialization.deserialization.descriptors.DeserializedClassDescriptor$$Lambda$4: loaded 2 times (x 76B)
Class kotlin.reflect.jvm.internal.impl.resolve.jvm.JavaDescriptorResolver             : loaded 2 times (x 72B)
Class kotlin.reflect.jvm.internal.impl.metadata.ProtoBuf$TypeTableOrBuilder           : loaded 2 times (x 70B)
Class kotlin.reflect.jvm.internal.impl.descriptors.DescriptorVisibilities$10          : loaded 2 times (x 74B)
Class org.codehaus.groovy.control.OptimizerVisitor                                    : loaded 2 times (x 217B)
Class groovyjarjarantlr4.v4.runtime.atn.Transition$1                                  : loaded 2 times (x 134B)
Class groovyjarjarantlr4.v4.runtime.atn.StarBlockStartState                           : loaded 2 times (x 90B)
Class groovyjarjarantlr4.v4.runtime.atn.AtomTransition                                : loaded 2 times (x 76B)
Class org.apache.groovy.parser.antlr4.GroovyParser$BooleanLiteralAltContext           : loaded 2 times (x 158B)
Class groovyjarjarantlr4.v4.runtime.tree.AbstractParseTreeVisitor                     : loaded 2 times (x 84B)
Class org.codehaus.groovy.runtime.metaclass.DefaultMetaClassInfo$ConstantMetaClassVersioning: loaded 2 times (x 72B)
Class groovy.lang.MetaBeanProperty                                                    : loaded 2 times (x 83B)
Class org.codehaus.groovy.runtime.DefaultGroovyMethods$1                              : loaded 2 times (x 78B)
Class org.codehaus.groovy.runtime.GeneratedClosure                                    : loaded 2 times (x 70B)
Class org.codehaus.groovy.reflection.stdclasses.ShortCachedClass                      : loaded 2 times (x 95B)
Class kotlin.jvm.functions.Function7                                                  : loaded 2 times (x 70B)
Class kotlin.reflect.jvm.internal.KClassImpl$Data$$Lambda$15                          : loaded 2 times (x 76B)
Class kotlin.reflect.jvm.internal.impl.name.Name                                      : loaded 2 times (x 75B)
Class kotlin.reflect.jvm.internal.KPropertyImpl$Companion                             : loaded 2 times (x 71B)
Class it.unimi.dsi.fastutil.objects.ObjectSet                                         : loaded 2 times (x 70B)
Class com.android.tools.lint.model.DefaultLintModelSourceProvider                     : loaded 2 times (x 83B)
Class org.codehaus.groovy.reflection.stdclasses.BooleanCachedClass                    : loaded 2 times (x 95B)
Class [Lcom.android.prefs.VariableType;                                               : loaded 2 times (x 69B)
Class com.google.common.cache.LocalCache$HashIterator                                 : loaded 2 times (x 86B)
Class com.google.common.collect.MapMakerInternalMap$StrongKeyDummyValueSegment        : loaded 2 times (x 142B)
Class com.google.common.collect.Iterables$4                                           : loaded 2 times (x 81B)
Class com.google.common.cache.LocalCache$EntryFactory                                 : loaded 2 times (x 83B)
Class com.google.gson.internal.bind.TypeAdapters$25                                   : loaded 2 times (x 75B)
Class com.google.gson.FieldNamingPolicy$5                                             : loaded 2 times (x 83B)
Class com.amazon.ion.impl.lite.IonLobLite                                             : loaded 2 times (x 185B)
Class com.amazon.ion.impl.lite.IonTextLite                                            : loaded 2 times (x 182B)
Class com.amazon.ion.IonNumber                                                        : loaded 2 times (x 70B)
Class gnu.trove.TObjectHashingStrategy                                                : loaded 2 times (x 70B)
Class org.gradle.tooling.internal.adapter.ProtocolToModelAdapter$ReflectionMethodInvoker: loaded 2 times (x 76B)
Class com.google.protobuf.GeneratedMessageV3$Builder                                  : loaded 2 times (x 278B)
Class com.google.protobuf.MutabilityOracle                                            : loaded 2 times (x 70B)
Class kotlin.reflect.jvm.internal.impl.serialization.deserialization.MemberDeserializer$$Lambda$2: loaded 2 times (x 76B)
Class [Lkotlin.reflect.jvm.internal.impl.load.java.SpecialGenericSignatures$TypeSafeBarrierDescription;: loaded 2 times (x 69B)
Class kotlin.reflect.jvm.internal.impl.types.TypeSubstitution$replaceWithNonApproximating$1: loaded 2 times (x 78B)
Class kotlin.reflect.jvm.internal.impl.util.NullableArrayMapAccessor                  : loaded 2 times (x 74B)
Class kotlin.reflect.jvm.internal.impl.resolve.scopes.LazyScopeAdapter$$Lambda$0      : loaded 2 times (x 76B)
Class kotlin.reflect.jvm.internal.impl.descriptors.DescriptorVisibilities$11          : loaded 2 times (x 74B)
Class kotlin.reflect.jvm.internal.impl.load.java.AnnotationTypeQualifierResolver      : loaded 2 times (x 77B)
Class kotlin.reflect.jvm.internal.impl.storage.LockBasedStorageManager$CacheWithNullableValuesBasedOnMemoizedFunction$1: loaded 2 times (x 76B)
Class kotlin.reflect.jvm.internal.impl.descriptors.DeclarationDescriptor              : loaded 2 times (x 70B)
Class kotlin.reflect.jvm.internal.impl.storage.LockBasedStorageManager                : loaded 2 times (x 95B)
Class org.codehaus.groovy.classgen.asm.BinaryObjectExpressionHelper                   : loaded 2 times (x 98B)
Class org.codehaus.groovy.reflection.ReflectionUtils                                  : loaded 2 times (x 71B)
Class [Lkotlin.annotation.AnnotationRetention;                                        : loaded 2 times (x 69B)
Class it.unimi.dsi.fastutil.ints.IntArrays$ForkJoinQuickSortIndirect                  : loaded 2 times (x 96B)
Class kotlin.jvm.functions.Function8                                                  : loaded 2 times (x 70B)
Class kotlin.reflect.jvm.internal.KClassImpl$Data$$Lambda$16                          : loaded 2 times (x 76B)
Class kotlin.reflect.jvm.internal.impl.name.FqNameUnsafe                              : loaded 2 times (x 72B)
Class kotlin.collections.builders.MapBuilder$Companion                                : loaded 2 times (x 71B)
Class groovy.lang.MetaProperty                                                        : loaded 2 times (x 77B)
Class com.android.prefs.QueryResult                                                   : loaded 2 times (x 82B)
Class org.codehaus.groovy.ast.expr.BinaryExpression                                   : loaded 2 times (x 134B)
Class org.codehaus.groovy.ast.ModuleNode                                              : loaded 2 times (x 144B)
Class org.apache.groovy.parser.antlr4.GroovyParser$PackageDeclarationContext          : loaded 2 times (x 159B)
Class org.apache.groovy.parser.antlr4.GroovyParser$ClassOrInterfaceTypeContext        : loaded 2 times (x 159B)
Class [Lgroovyjarjarantlr4.v4.runtime.CodePointBuffer$Type;                           : loaded 2 times (x 69B)
Class [Lcom.google.common.collect.MapMaker$Dummy;                                     : loaded 2 times (x 69B)
Class com.google.common.reflect.Types$NativeTypeVariableEquals                        : loaded 2 times (x 71B)
Class com.google.common.reflect.TypeParameter                                         : loaded 2 times (x 72B)
Class com.google.common.collect.Iterables$5                                           : loaded 2 times (x 81B)
Class org.jetbrains.kotlin.tooling.core.HasMutableExtras                              : loaded 2 times (x 70B)
Class com.google.common.cache.LocalCache$AbstractReferenceEntry                       : loaded 2 times (x 107B)
Class com.google.gson.internal.bind.ArrayTypeAdapter                                  : loaded 2 times (x 74B)
Class com.google.gson.internal.bind.TypeAdapters$26                                   : loaded 2 times (x 75B)
Class com.google.gson.FieldNamingPolicy$6                                             : loaded 2 times (x 83B)
Class [Lcom.amazon.ion.impl.bin.IonManagedBinaryWriter$UserState;                     : loaded 2 times (x 69B)
Class com.amazon.ion.impl.bin.utf8.Utf8StringEncoder                                  : loaded 2 times (x 80B)
Class com.amazon.ion.IonBool                                                          : loaded 2 times (x 70B)
Class com.google.common.collect.NullsLastOrdering                                     : loaded 2 times (x 115B)
Class [Lgroovyjarjarantlr4.v4.runtime.misc.Interval;                                  : loaded 2 times (x 69B)
Class com.google.protobuf.Android                                                     : loaded 2 times (x 71B)
Class kotlin.reflect.jvm.internal.impl.serialization.deserialization.MemberDeserializer$$Lambda$3: loaded 2 times (x 76B)
Class kotlin.reflect.jvm.internal.impl.descriptors.java.JavaVisibilities$PackageVisibility: loaded 2 times (x 75B)
Class kotlin.reflect.jvm.internal.impl.metadata.builtins.BuiltInsBinaryVersion$Companion: loaded 2 times (x 71B)
Class kotlin.reflect.jvm.internal.impl.load.java.lazy.descriptors.LazyJavaClassDescriptor$LazyJavaClassTypeConstructor$$Lambda$0: loaded 2 times (x 76B)
Class kotlin.reflect.jvm.internal.impl.load.java.lazy.descriptors.LazyJavaPackageScope$FindClassRequest: loaded 2 times (x 72B)
Class kotlin.reflect.jvm.internal.impl.resolve.scopes.LazyScopeAdapter                : loaded 2 times (x 94B)
Class kotlin.reflect.jvm.internal.impl.descriptors.DescriptorVisibilities$12          : loaded 2 times (x 74B)
Class kotlin.reflect.jvm.internal.impl.renderer.DescriptorRendererModifier$Companion  : loaded 2 times (x 71B)
Class kotlin.reflect.jvm.internal.impl.descriptors.SourceElement$1                    : loaded 2 times (x 74B)
Class kotlin.reflect.jvm.internal.impl.load.kotlin.DeserializationComponentsForJavaKt$makeLazyJavaPackageFragmentProvider$javaResolverComponents$1: loaded 2 times (x 74B)
Class kotlin.reflect.jvm.internal.impl.descriptors.annotations.Annotations$Companion  : loaded 2 times (x 71B)
Class org.codehaus.groovy.classgen.asm.MopWriter                                      : loaded 2 times (x 74B)
Class groovyjarjarantlr4.v4.runtime.atn.PredictionContextCache$IdentityCommutativePredictionContextOperands: loaded 2 times (x 72B)
Class org.codehaus.groovy.control.ClassNodeResolver$1                                 : loaded 2 times (x 243B)
Class org.codehaus.groovy.ast.expr.MethodCall                                         : loaded 2 times (x 70B)
Class org.codehaus.groovy.ast.expr.ExpressionTransformer                              : loaded 2 times (x 70B)
Class groovy.lang.ReadOnlyPropertyException                                           : loaded 2 times (x 89B)
Class org.codehaus.groovy.runtime.dgmimpl.arrays.ShortArrayGetAtMetaMethod            : loaded 2 times (x 97B)
Class org.codehaus.groovy.runtime.callsite.CallSite                                   : loaded 2 times (x 70B)
Class groovy.lang.GString                                                             : loaded 2 times (x 121B)
Class groovyjarjarantlr4.v4.runtime.Recognizer$1                                      : loaded 2 times (x 206B)
Class kotlin.annotation.MustBeDocumented                                              : loaded 2 times (x 70B)
Class groovyjarjarantlr4.v4.runtime.TokenFactory                                      : loaded 2 times (x 70B)
Class [Lkotlin.reflect.jvm.internal.impl.name.ClassId;                                : loaded 2 times (x 69B)
Class kotlin.jvm.functions.Function10                                                 : loaded 2 times (x 70B)
Class kotlin.jvm.functions.Function9                                                  : loaded 2 times (x 70B)
Class kotlin.reflect.jvm.internal.KClassImpl$Data$$Lambda$17                          : loaded 2 times (x 76B)
Class kotlin.reflect.jvm.internal.KCallableImpl$$Lambda$0                             : loaded 2 times (x 76B)
Class [Lkotlin.reflect.KClassifier;                                                   : loaded 2 times (x 69B)
Class kotlin.reflect.jvm.internal.EmptyContainerForLocal                              : loaded 2 times (x 84B)
Class [Lkotlin.LazyThreadSafetyMode;                                                  : loaded 2 times (x 69B)
Class org.apache.groovy.parser.antlr4.GroovyParser$CastParExpressionContext           : loaded 2 times (x 159B)
Class com.android.builder.model.v2.models.VariantDependencies                         : loaded 2 times (x 70B)
Class com.google.gson.internal.reflect.ReflectionHelper                               : loaded 2 times (x 71B)
Class org.objectweb.asm.SymbolTable                                                   : loaded 2 times (x 72B)
Class com.google.common.cache.CacheLoader$InvalidCacheLoadException                   : loaded 2 times (x 82B)
Class com.google.gson.internal.bind.TypeAdapters$27                                   : loaded 2 times (x 75B)
Class com.google.gson.FieldNamingPolicy$7                                             : loaded 2 times (x 83B)
Class com.amazon.ion.IonLoader                                                        : loaded 2 times (x 70B)
Class io.opentelemetry.context.propagation.NoopTextMapPropagator                      : loaded 2 times (x 76B)
Class com.intellij.gradle.toolingExtension.model.repositoryModel.ProjectRepositoriesModel: loaded 2 times (x 70B)
Class org.jetbrains.plugins.gradle.model.GradleProperty                               : loaded 2 times (x 70B)
Class gnu.trove.TObjectCanonicalHashingStrategy                                       : loaded 2 times (x 78B)
Class org.gradle.internal.classloader.SystemClassLoaderSpec                           : loaded 2 times (x 71B)
Class com.google.common.base.CaseFormat                                               : loaded 2 times (x 83B)
Class kotlin.reflect.jvm.internal.impl.types.DisjointKeysUnionTypeSubstitution$Companion: loaded 2 times (x 71B)
Class kotlin.reflect.jvm.internal.impl.types.ErasureTypeAttributes                    : loaded 2 times (x 76B)
Class kotlin.reflect.jvm.internal.impl.load.java.lazy.descriptors.LazyJavaClassDescriptor$Companion: loaded 2 times (x 71B)
Class kotlin.reflect.jvm.internal.impl.types.error.ErrorPropertyDescriptor            : loaded 2 times (x 145B)
Class kotlin.reflect.jvm.internal.impl.descriptors.impl.ClassConstructorDescriptorImpl: loaded 2 times (x 218B)
Class kotlin.reflect.jvm.internal.impl.resolve.scopes.MemberScopeImpl                 : loaded 2 times (x 92B)
Class kotlin.reflect.jvm.internal.impl.resolve.constants.UShortValue                  : loaded 2 times (x 74B)
Class kotlin.reflect.jvm.internal.impl.types.checker.KotlinTypeRefiner$Default        : loaded 2 times (x 79B)
Class org.codehaus.groovy.classgen.asm.BinaryExpressionMultiTypeDispatcher$BinaryShortExpressionHelper: loaded 2 times (x 98B)
Class org.codehaus.groovy.classgen.asm.BinaryExpressionMultiTypeDispatcher$BinaryCharExpressionHelper: loaded 2 times (x 98B)
Class org.codehaus.groovy.classgen.asm.CallSiteWriter                                 : loaded 2 times (x 85B)
Class groovyjarjarasm.asm.FieldWriter                                                 : loaded 2 times (x 78B)
Class groovyjarjarantlr4.v4.runtime.atn.ParserATNSimulator$1                          : loaded 2 times (x 89B)
Class groovyjarjarantlr4.v4.runtime.atn.LexerATNSimulator$SimState                    : loaded 2 times (x 73B)
Class groovyjarjarantlr4.v4.runtime.atn.DecisionState                                 : loaded 2 times (x 89B)
Class org.apache.groovy.parser.antlr4.GroovyParser$CreatedNameContext                 : loaded 2 times (x 160B)
Class groovy.lang.MutableMetaClass                                                    : loaded 2 times (x 70B)
Class org.codehaus.groovy.reflection.stdclasses.StringCachedClass                     : loaded 2 times (x 95B)
Class com.google.common.collect.Queues                                                : loaded 2 times (x 71B)
Class kotlin.jvm.internal.PropertyReference0Impl                                      : loaded 2 times (x 127B)
Class kotlin.jvm.functions.Function11                                                 : loaded 2 times (x 70B)
Class kotlin.reflect.jvm.internal.KCallableImpl$$Lambda$1                             : loaded 2 times (x 76B)
Class groovyjarjarasm.asm.Type                                                        : loaded 2 times (x 72B)
Class org.apache.groovy.parser.antlr4.util.PositionConfigureUtils                     : loaded 2 times (x 71B)
Class groovyjarjarasm.asm.Handler                                                     : loaded 2 times (x 72B)
Class kotlin.reflect.jvm.internal.impl.load.kotlin.AbstractBinaryClassAnnotationLoader: loaded 2 times (x 98B)
Class kotlin.reflect.jvm.internal.impl.metadata.ProtoBuf$TypeParameter$1              : loaded 2 times (x 87B)
Class kotlin.reflect.jvm.internal.impl.serialization.deserialization.EnumEntriesDeserializationSupport: loaded 2 times (x 70B)
Class [Lkotlin.reflect.jvm.internal.impl.descriptors.annotations.AnnotatedImpl;       : loaded 2 times (x 69B)
Class com.google.common.collect.FluentIterable                                        : loaded 2 times (x 81B)
Class com.android.builder.model.v2.ide.TestedTargetVariant                            : loaded 2 times (x 70B)
Class com.google.common.cache.LocalCache$StrongEntry                                  : loaded 2 times (x 108B)
Class com.google.common.util.concurrent.AbstractFuture$TrustedFuture                  : loaded 2 times (x 114B)
Class com.google.common.cache.LoadingCache                                            : loaded 2 times (x 70B)
Class [Lcom.google.gson.LongSerializationPolicy;                                      : loaded 2 times (x 69B)
Class com.amazon.ion.impl._Private_Utils                                              : loaded 2 times (x 71B)
Class org.gradle.internal.exceptions.MultiCauseException                              : loaded 2 times (x 70B)
Class org.gradle.internal.time.CountdownTimer                                         : loaded 2 times (x 70B)
Class kotlin.reflect.jvm.internal.impl.load.java.lazy.descriptors.LazyJavaScope$$Lambda$5: loaded 2 times (x 76B)
Class com.google.common.io.ByteStreams$LimitedInputStream                             : loaded 2 times (x 92B)
Class kotlin.reflect.jvm.internal.impl.types.DescriptorSubstitutor                    : loaded 2 times (x 71B)
Class kotlin.reflect.jvm.internal.impl.types.DefinitelyNotNullType                    : loaded 2 times (x 101B)
Class kotlin.reflect.jvm.internal.impl.load.java.structure.JavaClassifier             : loaded 2 times (x 70B)
Class kotlin.reflect.jvm.internal.impl.load.java.lazy.ContextKt                       : loaded 2 times (x 71B)
Class kotlin.reflect.jvm.internal.impl.metadata.ProtoBuf$Annotation$Argument$Value$1  : loaded 2 times (x 87B)
Class kotlin.reflect.jvm.internal.impl.renderer.DescriptorRendererImpl$RenderDeclarationDescriptorVisitor: loaded 2 times (x 87B)
Class org.codehaus.groovy.classgen.ClassGeneratorException                            : loaded 2 times (x 82B)
Class groovyjarjarantlr4.v4.runtime.atn.PredictionMode                                : loaded 2 times (x 79B)
Class org.apache.groovy.parser.antlr4.GroovyParser$ContinueStmtAltContext             : loaded 2 times (x 158B)
Class org.apache.groovy.parser.antlr4.GroovyParser$BlockStmtAltContext                : loaded 2 times (x 158B)
Class org.apache.groovy.parser.antlr4.GroovyParser$StandardLambdaExpressionContext    : loaded 2 times (x 161B)
Class org.codehaus.groovy.runtime.wrappers.GroovyObjectWrapper                        : loaded 2 times (x 88B)
Class org.codehaus.groovy.runtime.memoize.ValueConvertable                            : loaded 2 times (x 70B)
Class org.codehaus.groovy.ast.AnnotatedNode                                           : loaded 2 times (x 122B)
Class kotlin.reflect.jvm.internal.impl.metadata.ProtoBuf$Class$Kind                   : loaded 2 times (x 82B)
Class kotlin.reflect.jvm.internal.impl.serialization.deserialization.ProtoContainer   : loaded 2 times (x 73B)
Class it.unimi.dsi.fastutil.BidirectionalIterator                                     : loaded 2 times (x 70B)
Class kotlin.jvm.functions.Function12                                                 : loaded 2 times (x 70B)
Class kotlin.reflect.jvm.internal.KCallableImpl$$Lambda$2                             : loaded 2 times (x 76B)
Class kotlin.reflect.jvm.internal.KDeclarationContainerImpl$getMembers$visitor$1      : loaded 2 times (x 104B)
Class it.unimi.dsi.fastutil.objects.ObjectCollection                                  : loaded 2 times (x 70B)
Class com.intellij.openapi.diagnostic.Logger$DefaultFactory                           : loaded 2 times (x 74B)
Class kotlin.reflect.jvm.internal.impl.resolve.NonReportingOverrideStrategy           : loaded 2 times (x 76B)
Class com.android.tools.lint.model.DefaultLintModelModule                             : loaded 2 times (x 94B)
Class kotlin.reflect.jvm.internal.impl.resolve.OverridingUtil$5                       : loaded 2 times (x 75B)
Class com.google.common.base.Suppliers$NonSerializableMemoizingSupplier               : loaded 2 times (x 79B)
Class [Lcom.google.common.cache.Weigher;                                              : loaded 2 times (x 69B)
Class com.google.gson.internal.bind.MapTypeAdapterFactory                             : loaded 2 times (x 75B)
Class com.google.gson.internal.bind.TypeAdapters$29                                   : loaded 2 times (x 75B)
Class com.google.gson.JsonNull                                                        : loaded 2 times (x 92B)
Class io.opentelemetry.api.trace.Span                                                 : loaded 2 times (x 70B)
Class com.intellij.gradle.toolingExtension.impl.model.projectModel.GradleExternalProjectSerializationService$ReadContext: loaded 2 times (x 73B)
Class com.intellij.gradle.toolingExtension.impl.model.dependencyModel.DependencyWriteContext: loaded 2 times (x 72B)
Class org.gradle.tooling.model.ProjectModel                                           : loaded 2 times (x 70B)
Class com.android.tools.analytics.Environment$EnvironmentVariable                     : loaded 2 times (x 79B)
Class com.google.protobuf.Message$Builder                                             : loaded 2 times (x 70B)
Class kotlin.reflect.jvm.ReflectJvmMapping                                            : loaded 2 times (x 71B)
Class kotlin.reflect.jvm.internal.impl.types.checker.KotlinTypePreparator$prepareType$1: loaded 2 times (x 125B)
Class kotlin.reflect.jvm.internal.impl.load.java.PropertiesConventionUtilKt           : loaded 2 times (x 71B)
Class kotlin.reflect.jvm.internal.impl.types.TypeProjectionBase                       : loaded 2 times (x 81B)
Class kotlin.reflect.jvm.internal.impl.load.java.typeEnhancement.NullabilityQualifier : loaded 2 times (x 79B)
Class kotlin.reflect.jvm.internal.impl.metadata.ProtoBuf$Modality                     : loaded 2 times (x 82B)
Class kotlin.reflect.jvm.internal.impl.protobuf.WireFormat                            : loaded 2 times (x 71B)
Class [Lkotlin.reflect.jvm.internal.impl.descriptors.ModuleDescriptor;                : loaded 2 times (x 69B)
Class kotlin.reflect.jvm.internal.impl.serialization.deserialization.JvmEnumEntriesDeserializationSupport: loaded 2 times (x 74B)
Class kotlin.reflect.jvm.internal.impl.metadata.ProtoBuf$TypeParameterOrBuilder       : loaded 2 times (x 70B)
Class kotlin.reflect.jvm.internal.impl.protobuf.ExtensionRegistryLite                 : loaded 2 times (x 73B)
Class kotlin.reflect.jvm.internal.impl.storage.LockBasedStorageManager$LockBasedNotNullLazyValueWithPostCompute: loaded 2 times (x 85B)
Class kotlin.reflect.jvm.internal.impl.resolve.scopes.ResolutionScope                 : loaded 2 times (x 70B)
Class kotlin.reflect.jvm.internal.impl.serialization.deserialization.ClassDataFinder  : loaded 2 times (x 70B)
Class kotlin.reflect.jvm.internal.impl.load.java.lazy.TypeParameterResolver           : loaded 2 times (x 70B)
Class org.codehaus.groovy.classgen.asm.BinaryExpressionMultiTypeDispatcher$BinaryByteExpressionHelper: loaded 2 times (x 98B)
Class org.codehaus.groovy.classgen.asm.util.TypeUtil                                  : loaded 2 times (x 71B)
Class groovyjarjarantlr4.v4.runtime.atn.ATNConfig$SemanticContextATNConfig            : loaded 2 times (x 84B)
Class org.apache.groovy.parser.antlr4.GroovyParser$ConditionalStmtAltContext          : loaded 2 times (x 158B)
Class groovyjarjarantlr4.v4.runtime.tree.ErrorNode                                    : loaded 2 times (x 70B)
Class groovyjarjarantlr4.v4.runtime.dfa.DFA                                           : loaded 2 times (x 82B)
Class groovyjarjarantlr4.v4.runtime.atn.BasicState                                    : loaded 2 times (x 89B)
Class com.google.common.collect.Cut                                                   : loaded 2 times (x 88B)
Class com.google.protobuf.CodedInputStream$StreamDecoder                              : loaded 2 times (x 120B)
Class org.gradle.internal.classloader.ClassLoaderHierarchy                            : loaded 2 times (x 70B)
Class kotlin.jvm.functions.Function13                                                 : loaded 2 times (x 70B)
Class kotlin.reflect.jvm.internal.KCallableImpl$$Lambda$3                             : loaded 2 times (x 76B)
Class org.jetbrains.kotlin.cli.common.CompilerSystemProperties$Companion              : loaded 2 times (x 71B)
Class com.intellij.openapi.diagnostic.LogLevel                                        : loaded 2 times (x 79B)
Class com.intellij.gradle.toolingExtension.impl.model.sourceSetModel.GradleSourceSetSerialisationService$Companion: loaded 2 times (x 71B)
Class com.amazon.ion.impl._Private_IonValue                                           : loaded 2 times (x 70B)
Class kotlin.text.Charsets                                                            : loaded 2 times (x 71B)
Class com.amazon.ion.impl.bin.IonManagedBinaryWriter$UserState$2                      : loaded 2 times (x 85B)
Class com.google.common.collect.ImmutableMultimap$1                                   : loaded 2 times (x 82B)
Class org.jetbrains.plugins.gradle.model.GradleConfiguration                          : loaded 2 times (x 70B)
Class com.amazon.ion.impl.bin.utf8.Utf8StringEncoderPool                              : loaded 2 times (x 74B)
Class com.amazon.ion.impl._Private_IonSystem                                          : loaded 2 times (x 70B)
Class com.amazon.ion.BufferConfiguration$OversizedValueHandler                        : loaded 2 times (x 70B)
Class com.android.repository.io.FileOpUtils                                           : loaded 2 times (x 71B)
Class kotlin.reflect.jvm.internal.impl.types.TypeConstructorSubstitution              : loaded 2 times (x 78B)
Class kotlin.reflect.jvm.internal.impl.descriptors.impl.DeclarationDescriptorVisitorEmptyBodies: loaded 2 times (x 101B)
Class kotlin.reflect.jvm.internal.impl.descriptors.runtime.structure.ReflectJavaElement: loaded 2 times (x 71B)
Class kotlin.reflect.jvm.internal.impl.storage.SimpleLock                             : loaded 2 times (x 70B)
Class kotlin.reflect.full.KClasses                                                    : loaded 2 times (x 71B)
Class org.codehaus.groovy.classgen.asm.BytecodeHelper$StoreVarHandler                 : loaded 2 times (x 80B)
Class org.codehaus.groovy.classgen.asm.TypeChooser                                    : loaded 2 times (x 70B)
Class groovyjarjarantlr4.v4.runtime.atn.ATNConfig$ActionATNConfig                     : loaded 2 times (x 85B)
Class org.apache.groovy.parser.antlr4.GroovyParser$ExpressionInParContext             : loaded 2 times (x 159B)
Class groovyjarjarantlr4.v4.runtime.CodePointBuffer$Type                              : loaded 2 times (x 79B)
Class groovyjarjarantlr4.v4.runtime.TokenStream                                       : loaded 2 times (x 70B)
Class org.apache.groovy.parser.antlr4.GroovyParser$TypeDeclarationContext             : loaded 2 times (x 158B)
Class org.codehaus.groovy.vmplugin.v9.ClassFindFailedException                        : loaded 2 times (x 82B)
Class org.codehaus.groovy.util.ComplexKeyHashMap$1                                    : loaded 2 times (x 79B)
Class org.codehaus.groovy.util.AbstractConcurrentMapBase                              : loaded 2 times (x 77B)
Class org.codehaus.groovy.runtime.ResourceGroovyMethods                               : loaded 2 times (x 71B)
Class org.codehaus.groovy.runtime.IOGroovyMethods                                     : loaded 2 times (x 71B)
Class org.codehaus.groovy.reflection.GroovyClassValueFactory                          : loaded 2 times (x 71B)
Class com.google.common.io.FileWriteMode                                              : loaded 2 times (x 79B)
Class [Lorg.jetbrains.kotlin.config.ExplicitApiMode;                                  : loaded 2 times (x 69B)
Class kotlin.jvm.functions.Function14                                                 : loaded 2 times (x 70B)
Class kotlin.reflect.jvm.internal.KCallableImpl$$Lambda$4                             : loaded 2 times (x 76B)
Class com.google.common.cache.LocalCache$ValueIterator                                : loaded 2 times (x 86B)
Class kotlin.jvm.internal.MutablePropertyReference0                                   : loaded 2 times (x 137B)
Class kotlin.reflect.jvm.internal.impl.builtins.CompanionObjectMapping                : loaded 2 times (x 71B)
Class it.unimi.dsi.fastutil.Stack                                                     : loaded 2 times (x 70B)
Class com.google.common.reflect.Types$JavaVersion$1                                   : loaded 2 times (x 83B)
Class com.google.common.collect.AbstractIterator$State                                : loaded 2 times (x 79B)
Class com.google.common.collect.ImmutableMultimap$2                                   : loaded 2 times (x 81B)
Class com.google.common.cache.LocalCache$ValueReference                               : loaded 2 times (x 70B)
Class com.google.gson.internal.bind.DefaultDateTypeAdapter$DateType$1                 : loaded 2 times (x 73B)
Class com.amazon.ion.IonDecimal                                                       : loaded 2 times (x 70B)
Class io.opentelemetry.api.OpenTelemetry                                              : loaded 2 times (x 70B)
Class org.jetbrains.plugins.gradle.model.tests.ExternalTestsModel                     : loaded 2 times (x 70B)
Class org.gradle.tooling.model.idea.IdeaLanguageLevel                                 : loaded 2 times (x 70B)
Class org.gradle.tooling.internal.adapter.ProtocolToModelAdapter$SafeMethodInvoker    : loaded 2 times (x 76B)
Class org.gradle.tooling.internal.adapter.WeakIdentityHashMap$WeakKey                 : loaded 2 times (x 79B)
Class org.gradle.internal.exceptions.DefaultMultiCauseException                       : loaded 2 times (x 95B)
Class kotlin.reflect.jvm.internal.KProperty0Impl$$Lambda$0                            : loaded 2 times (x 76B)
Class kotlin.reflect.jvm.internal.JvmFunctionSignature                                : loaded 2 times (x 72B)
Class kotlin.reflect.jvm.internal.impl.metadata.jvm.deserialization.JvmMemberSignature$Method: loaded 2 times (x 73B)
Class kotlin.reflect.jvm.internal.impl.serialization.deserialization.descriptors.DeserializedMemberDescriptor: loaded 2 times (x 70B)
Class kotlin.reflect.jvm.internal.impl.types.TypeAttribute                            : loaded 2 times (x 74B)
Class [Lkotlin.reflect.jvm.internal.impl.resolve.scopes.ResolutionScope;              : loaded 2 times (x 69B)
Class kotlin.reflect.jvm.internal.impl.protobuf.WireFormat$JavaType                   : loaded 2 times (x 79B)
Class kotlin.reflect.jvm.internal.impl.types.AbstractTypeConstructor                  : loaded 2 times (x 96B)
Class kotlin.reflect.jvm.internal.impl.renderer.RenderingUtilsKt                      : loaded 2 times (x 71B)
Class kotlin.reflect.jvm.internal.impl.renderer.ParameterNameRenderingPolicy          : loaded 2 times (x 79B)
Class kotlin.reflect.jvm.internal.impl.descriptors.FunctionDescriptor                 : loaded 2 times (x 70B)
Class kotlin.reflect.jvm.internal.impl.descriptors.impl.PackageViewDescriptorFactory$Default: loaded 2 times (x 74B)
Class org.codehaus.groovy.classgen.ExtendedVerifier                                   : loaded 2 times (x 214B)
Class [Lorg.codehaus.groovy.ast.stmt.Statement;                                       : loaded 2 times (x 69B)
Class groovyjarjarantlr4.v4.runtime.CommonToken                                       : loaded 2 times (x 111B)
Class groovyjarjarantlr4.v4.runtime.dfa.AbstractEdgeMap                               : loaded 2 times (x 97B)
Class groovyjarjarantlr4.v4.runtime.dfa.LexerDFASerializer                            : loaded 2 times (x 75B)
Class org.apache.groovy.parser.antlr4.GroovyParser$SwitchStatementContext             : loaded 2 times (x 164B)
Class org.codehaus.groovy.runtime.dgmimpl.arrays.FloatArrayPutAtMetaMethod            : loaded 2 times (x 97B)
Class groovy.lang.GString$1                                                           : loaded 2 times (x 121B)
Class groovy.util.BufferedIterator                                                    : loaded 2 times (x 70B)
Class groovy.lang.GroovyObject                                                        : loaded 2 times (x 70B)
Class kotlin.coroutines.jvm.internal.Boxing                                           : loaded 2 times (x 71B)
Class groovy.lang.Range                                                               : loaded 2 times (x 70B)
Class org.codehaus.groovy.reflection.CacheAccessControlException                      : loaded 2 times (x 87B)
Class org.codehaus.groovy.reflection.CachedClass$CachedMethodComparatorWithString     : loaded 2 times (x 90B)
Class it.unimi.dsi.fastutil.ints.IntArrays$Segment                                    : loaded 2 times (x 71B)
Class it.unimi.dsi.fastutil.ints.IntBidirectionalIterator                             : loaded 2 times (x 70B)
Class kotlin.jvm.functions.Function15                                                 : loaded 2 times (x 70B)
Class kotlin.reflect.jvm.internal.KCallableImpl$$Lambda$5                             : loaded 2 times (x 76B)
Class it.unimi.dsi.fastutil.ints.AbstractInt2ObjectMap                                : loaded 2 times (x 215B)
Class org.apache.groovy.parser.antlr4.GroovyParser$IdentifierContext                  : loaded 2 times (x 162B)
Class com.android.tools.lint.model.LintModelAndroidLibrary                            : loaded 2 times (x 70B)
Class org.codehaus.groovy.ast.expr.BitwiseNegationExpression                          : loaded 2 times (x 128B)
Class org.codehaus.groovy.ast.expr.FieldExpression                                    : loaded 2 times (x 132B)
Class org.codehaus.groovy.control.StaticVerifier                                      : loaded 2 times (x 213B)
Class com.google.common.reflect.Types$JavaVersion$2                                   : loaded 2 times (x 83B)
Class com.google.common.reflect.Types                                                 : loaded 2 times (x 71B)
Class com.android.builder.model.v2.ide.ProjectInfo                                    : loaded 2 times (x 70B)
Class com.google.common.util.concurrent.AbstractFuture$Failure                        : loaded 2 times (x 72B)
Class com.google.gson.internal.LazilyParsedNumber                                     : loaded 2 times (x 78B)
Class settings_682c7jvtne6sv3lbqu2di0t4e                                              : loaded 2 times (x 179B)
Class com.amazon.ion.impl.bin.IonRawBinaryWriter$StreamCloseMode                      : loaded 2 times (x 79B)
Class com.amazon.ion.impl._Private_IonBinaryWriterBuilder$Mutable                     : loaded 2 times (x 115B)
Class io.opentelemetry.api.trace.PropagatedSpan                                       : loaded 2 times (x 112B)
Class com.intellij.gradle.toolingExtension.impl.model.projectModel.GradleExternalProjectSerializationService: loaded 2 times (x 77B)
Class org.gradle.tooling.model.HierarchicalElement                                    : loaded 2 times (x 70B)
Class org.codehaus.groovy.classgen.VerifierCodeVisitor                                : loaded 2 times (x 187B)
Class kotlin.reflect.jvm.internal.impl.load.java.BuiltinSpecialPropertiesKt           : loaded 2 times (x 71B)
Class [Lkotlin.reflect.jvm.internal.impl.descriptors.ClassifierDescriptor;            : loaded 2 times (x 69B)
Class kotlin.reflect.jvm.internal.impl.serialization.deserialization.ProtoContainer$Class: loaded 2 times (x 74B)
Class [Lkotlin.reflect.jvm.internal.impl.types.Variance;                              : loaded 2 times (x 69B)
Class kotlin.reflect.jvm.internal.impl.metadata.ProtoBuf$Type$Argument$Projection     : loaded 2 times (x 82B)
Class kotlin.reflect.jvm.internal.impl.serialization.deserialization.AbstractDeserializedPackageFragmentProvider$$Lambda$0: loaded 2 times (x 76B)
Class kotlin.reflect.jvm.internal.impl.metadata.ProtoBuf$Annotation$Argument$Value$Type$1: loaded 2 times (x 74B)
Class kotlin.reflect.jvm.internal.impl.metadata.jvm.JvmProtoBuf$JvmMethodSignature    : loaded 2 times (x 98B)
Class kotlin.reflect.jvm.internal.impl.descriptors.DescriptorVisibilities$1           : loaded 2 times (x 76B)
Class kotlin.reflect.jvm.internal.impl.descriptors.impl.DeclarationDescriptorNonRootImpl: loaded 2 times (x 96B)
Class kotlin.reflect.jvm.internal.impl.types.ErasureProjectionComputer                : loaded 2 times (x 72B)
Class kotlin.reflect.jvm.internal.impl.utils.WrappedValues$WrappedProcessCanceledException: loaded 2 times (x 82B)
Class org.codehaus.groovy.classgen.asm.VariableSlotLoader                             : loaded 2 times (x 130B)
Class groovyjarjarasm.asm.ModuleVisitor                                               : loaded 2 times (x 81B)
Class org.apache.groovy.parser.antlr4.internal.DescriptiveErrorStrategy               : loaded 2 times (x 110B)
Class org.apache.groovy.parser.antlr4.GroovyParser$ExpressionContext                  : loaded 2 times (x 157B)
Class org.codehaus.groovy.ast.ClassHelper$ClassHelperCache                            : loaded 2 times (x 71B)
Class org.codehaus.groovy.ast.ClassHelper                                             : loaded 2 times (x 71B)
Class org.codehaus.groovy.runtime.DefaultGroovyMethodsSupport                         : loaded 2 times (x 71B)
Class groovy.lang.groovydoc.Groovydoc                                                 : loaded 2 times (x 76B)
Class [Lkotlin.reflect.jvm.internal.impl.protobuf.Internal$EnumLite;                  : loaded 2 times (x 69B)
Class com.android.ide.common.resources.DataFile                                       : loaded 2 times (x 83B)
Class kotlin.reflect.jvm.internal.impl.load.java.lazy.descriptors.LazyJavaScope$$Lambda$4: loaded 2 times (x 76B)
Class kotlin.reflect.jvm.internal.impl.load.kotlin.header.ReadKotlinClassHeaderAnnotationVisitor: loaded 2 times (x 80B)
Class kotlin.reflect.jvm.internal.KProperty0Impl                                      : loaded 2 times (x 128B)
Class kotlin.jvm.functions.Function16                                                 : loaded 2 times (x 70B)
Class kotlin.reflect.jvm.internal.CacheByClassKt                                      : loaded 2 times (x 71B)
Class kotlin.reflect.jvm.internal.impl.metadata.ProtoBuf$Visibility$1                 : loaded 2 times (x 74B)
Class kotlin.LazyKt                                                                   : loaded 2 times (x 71B)
Class kotlin.reflect.jvm.internal.impl.descriptors.TypeParameterUtilsKt               : loaded 2 times (x 71B)
Class kotlin.reflect.jvm.internal.impl.resolve.scopes.MemberScope$Companion           : loaded 2 times (x 71B)
Class ijKotlinCoroutineJvmDebugInit1_3o4nk6yq3nim207shrcgh1b8x$_run_closure1$_closure2: loaded 2 times (x 139B)
Class com.google.common.reflect.Types$JavaVersion$3                                   : loaded 2 times (x 83B)
Class com.google.common.io.CharSink                                                   : loaded 2 times (x 79B)
Class com.android.builder.model.v2.dsl.DependenciesInfo                               : loaded 2 times (x 70B)
Class org.objectweb.asm.CurrentFrame                                                  : loaded 2 times (x 73B)
Class org.objectweb.asm.ClassTooLargeException                                        : loaded 2 times (x 83B)
Class com.amazon.ion.impl.bin.IonRawBinaryWriter$PatchPoint                           : loaded 2 times (x 72B)
Class com.amazon.ion.IonBlob                                                          : loaded 2 times (x 70B)
Class com.amazon.ion.IonLob                                                           : loaded 2 times (x 70B)
Class com.amazon.ion.IonSequence                                                      : loaded 2 times (x 70B)
Class io.opentelemetry.api.trace.TraceFlags                                           : loaded 2 times (x 70B)
Class org.jetbrains.plugins.gradle.tooling.serialization.ExternalTestsSerializationService: loaded 2 times (x 77B)
Class com.google.common.collect.ByFunctionOrdering                                    : loaded 2 times (x 115B)
Class org.gradle.internal.time.Time                                                   : loaded 2 times (x 71B)
Class com.google.common.io.ByteSource$AsCharSource                                    : loaded 2 times (x 86B)
Class kotlin.reflect.jvm.internal.impl.types.TypeWithEnhancement                      : loaded 2 times (x 70B)
Class kotlin.reflect.jvm.internal.impl.load.java.descriptors.JavaClassDescriptor      : loaded 2 times (x 70B)
Class kotlin.reflect.jvm.internal.impl.metadata.ProtoBuf$Type$Argument$Projection$1   : loaded 2 times (x 74B)
Class kotlin.reflect.jvm.internal.impl.load.java.lazy.descriptors.LazyJavaPackageScope$$Lambda$0: loaded 2 times (x 76B)
Class kotlin.reflect.jvm.internal.impl.load.java.lazy.descriptors.JvmPackageScope     : loaded 2 times (x 85B)
Class kotlin.reflect.jvm.internal.impl.serialization.deserialization.AbstractDeserializedPackageFragmentProvider: loaded 2 times (x 85B)
Class kotlin.reflect.jvm.internal.impl.descriptors.Visibilities$Internal              : loaded 2 times (x 75B)
Class kotlin.reflect.jvm.internal.impl.descriptors.DescriptorVisibilities$2           : loaded 2 times (x 76B)
Class kotlin.reflect.jvm.internal.impl.load.kotlin.DeserializedDescriptorResolver     : loaded 2 times (x 72B)
Class kotlin.reflect.jvm.internal.impl.descriptors.impl.ModuleDescriptorImpl          : loaded 2 times (x 97B)
Class kotlin.reflect.jvm.internal.impl.types.model.KotlinTypeMarker                   : loaded 2 times (x 70B)
Class groovyjarjarasm.asm.ByteVector                                                  : loaded 2 times (x 79B)
Class [Lorg.codehaus.groovy.classgen.FinalVariableAnalyzer$VariableState;             : loaded 2 times (x 69B)
Class org.apache.groovy.util.concurrent.concurrentlinkedhashmap.Weighers              : loaded 2 times (x 71B)
Class org.codehaus.groovy.classgen.EnumCompletionVisitor                              : loaded 2 times (x 212B)
Class org.apache.groovy.parser.antlr4.GroovyParser$VariableModifiersOptContext        : loaded 2 times (x 158B)
Class org.apache.groovy.parser.antlr4.GroovyParser$ClassicalForControlContext         : loaded 2 times (x 161B)
Class groovyjarjarantlr4.v4.runtime.atn.LexerPushModeAction                           : loaded 2 times (x 76B)
Class groovyjarjarantlr4.v4.runtime.dfa.EdgeMap                                       : loaded 2 times (x 70B)
Class groovyjarjarantlr4.v4.runtime.atn.ATN                                           : loaded 2 times (x 85B)
Class groovyjarjarantlr4.v4.runtime.atn.WildcardTransition                            : loaded 2 times (x 76B)
Class groovyjarjarantlr4.v4.runtime.LexerNoViableAltException                         : loaded 2 times (x 94B)
Class org.apache.groovy.parser.antlr4.GroovyParser$GstringPathContext                 : loaded 2 times (x 159B)
Class org.apache.groovy.parser.antlr4.GroovyParser$AnonymousInnerClassDeclarationContext: loaded 2 times (x 157B)
Class org.codehaus.groovy.ast.expr.MethodPointerExpression                            : loaded 2 times (x 131B)
Class org.codehaus.groovy.runtime.DefaultGroovyStaticMethods                          : loaded 2 times (x 71B)
Class kotlin.reflect.jvm.internal.impl.types.AbstractTypeConstructor$Supertypes       : loaded 2 times (x 72B)
Class kotlin.reflect.jvm.internal.impl.descriptors.ValueParameterDescriptor           : loaded 2 times (x 70B)
Class kotlin.reflect.jvm.internal.impl.serialization.deserialization.descriptors.DeserializedTypeParameterDescriptor$$Lambda$0: loaded 2 times (x 76B)
Class kotlin.InitializedLazyImpl                                                      : loaded 2 times (x 76B)
Class [Lkotlin.reflect.jvm.internal.impl.types.model.TypeArgumentMarker;              : loaded 2 times (x 69B)
Class kotlin.reflect.jvm.internal.impl.resolve.OverridingUtil$4                       : loaded 2 times (x 74B)
Class kotlin.reflect.jvm.internal.impl.load.java.SpecialGenericSignatures             : loaded 2 times (x 71B)
Class org.jetbrains.kotlin.cli.common.messages.MessageCollector$Companion$NONE$1      : loaded 2 times (x 76B)
Class kotlin.jvm.functions.Function17                                                 : loaded 2 times (x 70B)
Class kotlin.reflect.jvm.internal.KPropertyImpl$Accessor                              : loaded 2 times (x 122B)
Class kotlin.reflect.jvm.internal.impl.load.java.DescriptorsJvmAbiUtil                : loaded 2 times (x 71B)
Class [Lcom.android.tools.lint.model.LintModelModuleType;                             : loaded 2 times (x 69B)
Class com.android.tools.lint.model.LintModelSerialization$LintModelSerializationFileAdapter$WhenMappings: loaded 2 times (x 71B)
Class com.google.protobuf.MapField                                                    : loaded 2 times (x 89B)
Class com.google.protobuf.CodedInputStream$UnsafeDirectNioDecoder                     : loaded 2 times (x 120B)
Class org.gradle.internal.classloader.FilteringClassLoader                            : loaded 2 times (x 105B)
Class com.google.common.reflect.Types$JavaVersion$4                                   : loaded 2 times (x 83B)
Class com.android.builder.model.v2.models.ProjectGraph                                : loaded 2 times (x 70B)
Class com.google.gson.internal.reflect.ReflectionHelper$RecordSupportedHelper         : loaded 2 times (x 78B)
Class org.objectweb.asm.Frame                                                         : loaded 2 times (x 73B)
Class com.google.common.cache.LocalCache$EntryFactory$1                               : loaded 2 times (x 83B)
Class [Lcom.google.common.cache.RemovalListener;                                      : loaded 2 times (x 69B)
Class com.amazon.ion.system.IonTextWriterBuilder                                      : loaded 2 times (x 98B)
Class com.amazon.ion.impl.bin.IonManagedBinaryWriter$ImportedSymbolResolverMode$1$1$1 : loaded 2 times (x 76B)
Class com.amazon.ion.impl._Private_LocalSymbolTableFactory                            : loaded 2 times (x 70B)
Class org.jetbrains.plugins.gradle.tooling.serialization.AnnotationProcessingModelSerializationService: loaded 2 times (x 77B)
Class kotlin.reflect.jvm.internal.impl.descriptors.TypeParameterDescriptor            : loaded 2 times (x 70B)
Class kotlin.reflect.jvm.internal.impl.metadata.deserialization.NameResolverImpl$WhenMappings: loaded 2 times (x 71B)
Class kotlin.reflect.jvm.internal.impl.descriptors.runtime.structure.ReflectJavaClass$methods$2: loaded 2 times (x 125B)
Class kotlin.reflect.jvm.internal.impl.serialization.deserialization.DeserializedPackageFragment: loaded 2 times (x 108B)
Class kotlin.reflect.jvm.internal.impl.load.java.lazy.descriptors.LazyJavaPackageScope$$Lambda$1: loaded 2 times (x 76B)
Class kotlin.reflect.jvm.internal.impl.load.java.lazy.descriptors.LazyJavaPackageFragment: loaded 2 times (x 105B)
Class kotlin.reflect.jvm.internal.impl.metadata.ProtoBuf$ContractOrBuilder            : loaded 2 times (x 70B)
Class kotlin.reflect.jvm.internal.impl.protobuf.GeneratedMessageLite$ExtendableMessageOrBuilder: loaded 2 times (x 70B)
Class kotlin.reflect.jvm.internal.impl.descriptors.DescriptorVisibilities$3           : loaded 2 times (x 76B)
Class kotlin.reflect.jvm.internal.impl.types.error.ErrorEntity                        : loaded 2 times (x 79B)
Class kotlin.reflect.jvm.internal.impl.types.error.ErrorUtils                         : loaded 2 times (x 71B)
Class [Lkotlin.reflect.jvm.internal.impl.renderer.RenderingFormat;                    : loaded 2 times (x 69B)
Class kotlin.reflect.jvm.internal.impl.storage.LockBasedStorageManager$1              : loaded 2 times (x 95B)
Class org.codehaus.groovy.classgen.asm.MethodReferenceExpressionWriter                : loaded 2 times (x 74B)
Class org.codehaus.groovy.transform.trait.TraitComposer                               : loaded 2 times (x 71B)
Class org.codehaus.groovy.antlr.ASTRuntimeException                                   : loaded 2 times (x 85B)
Class groovyjarjarantlr4.v4.runtime.atn.ParserATNSimulator                            : loaded 2 times (x 118B)
Class org.apache.groovy.parser.antlr4.GroovyParser$ExpressionListContext              : loaded 2 times (x 160B)
Class org.codehaus.groovy.ast.expr.EmptyExpression                                    : loaded 2 times (x 127B)
Class org.codehaus.groovy.control.messages.SimpleMessage                              : loaded 2 times (x 74B)
Class org.codehaus.groovy.ast.stmt.BlockStatement                                     : loaded 2 times (x 115B)
Class org.apache.groovy.plugin.GroovyRunnerRegistry                                   : loaded 2 times (x 134B)
Class org.codehaus.groovy.runtime.metaclass.MetaClassRegistryImpl$DefaultModuleListener: loaded 2 times (x 76B)
Class com.google.common.collect.RegularImmutableBiMap$Inverse$InverseEntrySet         : loaded 2 times (x 152B)
Class com.android.ide.gradle.model.dependencies.DeclaredDependencies                  : loaded 2 times (x 70B)
Class kotlin.jvm.functions.Function18                                                 : loaded 2 times (x 70B)
Class kotlin.reflect.jvm.internal.CachesKt                                            : loaded 2 times (x 71B)
Class org.jetbrains.plugins.gradle.tooling.serialization.internal.IdeaProjectSerializationService$ReadContext: loaded 2 times (x 72B)
Class com.amazon.ion.impl.bin.IonManagedBinaryWriter$UserState$1                      : loaded 2 times (x 85B)
Class com.google.common.reflect.Types$JavaVersion$5                                   : loaded 2 times (x 71B)
Class [Lcom.google.common.reflect.Types$ClassOwnership;                               : loaded 2 times (x 69B)
Class com.google.common.cache.LocalCache$EntryFactory$2                               : loaded 2 times (x 83B)
Class com.google.gson.internal.bind.JsonAdapterAnnotationTypeAdapterFactory           : loaded 2 times (x 75B)
Class com.amazon.ion.impl.lite.IonNullLite                                            : loaded 2 times (x 176B)
Class org.jetbrains.plugins.gradle.model.DependencyAccessorsModel                     : loaded 2 times (x 70B)
Class [Lcom.intellij.openapi.externalSystem.model.project.dependencies.ResolutionState;: loaded 2 times (x 69B)
Class gnu.trove.TObjectIntHashMap                                                     : loaded 2 times (x 109B)
Class org.gradle.api.internal.classpath.GlobalCacheRootsProvider                      : loaded 2 times (x 70B)
Class com.google.common.collect.AbstractMapBasedMultimap$NavigableKeySet              : loaded 2 times (x 262B)
Class kotlin.reflect.jvm.internal.UtilKt                                              : loaded 2 times (x 71B)
Class kotlin.reflect.jvm.internal.impl.load.kotlin.KotlinClassFinderKt                : loaded 2 times (x 71B)
Class kotlin.reflect.jvm.internal.impl.load.java.BuiltinMethodsWithSpecialGenericSignature: loaded 2 times (x 71B)
Class kotlin.reflect.jvm.internal.impl.serialization.deserialization.descriptors.DeserializedSimpleFunctionDescriptor: loaded 2 times (x 213B)
Class kotlin.reflect.jvm.internal.impl.descriptors.impl.AbstractTypeParameterDescriptor$1: loaded 2 times (x 77B)
Class kotlin.reflect.jvm.internal.impl.serialization.deserialization.builtins.BuiltInsPackageFragmentImpl$Companion: loaded 2 times (x 71B)
Class kotlin.reflect.jvm.internal.impl.metadata.deserialization.VersionRequirementTable$Companion: loaded 2 times (x 71B)
Class kotlin.reflect.jvm.internal.impl.protobuf.SmallSortedMap$Entry                  : loaded 2 times (x 88B)
Class kotlin.reflect.jvm.internal.impl.serialization.deserialization.ClassDeserializer$$Lambda$0: loaded 2 times (x 76B)
Class kotlin.reflect.jvm.internal.impl.metadata.ProtoBuf$Package$1                    : loaded 2 times (x 87B)
Class kotlin.reflect.jvm.internal.impl.descriptors.DescriptorVisibilities$4           : loaded 2 times (x 76B)
Class [Lkotlin.reflect.jvm.internal.impl.descriptors.CallableMemberDescriptor$Kind;   : loaded 2 times (x 69B)
Class kotlin.reflect.jvm.internal.impl.types.checker.KotlinTypeRefinerKt              : loaded 2 times (x 71B)
Class kotlin.reflect.jvm.internal.impl.descriptors.ClassDescriptor                    : loaded 2 times (x 70B)
Class kotlin.reflect.jvm.internal.impl.load.kotlin.PackagePartProvider                : loaded 2 times (x 70B)
Class kotlin.TypeCastException                                                        : loaded 2 times (x 82B)
Class org.apache.groovy.parser.antlr4.GroovyParser$QualifiedClassNameListContext      : loaded 2 times (x 162B)
Class groovyjarjarantlr4.v4.runtime.dfa.DFASerializer                                 : loaded 2 times (x 75B)
Class org.apache.groovy.parser.antlr4.GroovyParser$EnhancedArgumentListInParContext   : loaded 2 times (x 162B)
Class org.apache.groovy.parser.antlr4.GroovyParser$AssignmentExprAltContext           : loaded 2 times (x 175B)
Class org.apache.groovy.util.Maps                                                     : loaded 2 times (x 71B)
Class org.codehaus.groovy.ast.stmt.TryCatchStatement                                  : loaded 2 times (x 121B)
Class org.codehaus.groovy.runtime.metaclass.MethodSelectionException                  : loaded 2 times (x 87B)
Class org.codehaus.groovy.util.TripleKeyHashMap                                       : loaded 2 times (x 82B)
Class org.codehaus.groovy.util.FastArray                                              : loaded 2 times (x 85B)
Class com.google.common.collect.Cut$BelowAll                                          : loaded 2 times (x 88B)
Class com.google.gson.internal.bind.ObjectTypeAdapter$1                               : loaded 2 times (x 76B)
Class com.google.gson.Gson$FutureTypeAdapter                                          : loaded 2 times (x 76B)
Class com.android.builder.model.v2.ide.ViewBindingOptions                             : loaded 2 times (x 70B)
Class kotlin.reflect.KMutableProperty$Setter                                          : loaded 2 times (x 70B)
Class it.unimi.dsi.fastutil.ints.IntArrays$ForkJoinQuickSort                          : loaded 2 times (x 96B)
Class kotlin.jvm.functions.Function19                                                 : loaded 2 times (x 70B)
Class kotlin.reflect.jvm.internal.impl.resolve.jvm.JvmClassName                       : loaded 2 times (x 75B)
Class com.android.ide.common.gradle.Component$Companion                               : loaded 2 times (x 71B)
Class kotlin.Lazy                                                                     : loaded 2 times (x 70B)
Class com.android.prefs.Global                                                        : loaded 2 times (x 80B)
Class com.google.common.io.LineReader                                                 : loaded 2 times (x 72B)
Class ijJvmDebugger1_6vmskn6yep3i26zgxq6fdk22x$_run_closure1                          : loaded 2 times (x 139B)
Class org.objectweb.asm.ModuleWriter                                                  : loaded 2 times (x 82B)
Class com.google.common.cache.LocalCache$EntryFactory$3                               : loaded 2 times (x 83B)
Class com.google.common.base.Ticker$1                                                 : loaded 2 times (x 72B)
Class com.google.gson.internal.bind.NumberTypeAdapter                                 : loaded 2 times (x 74B)
Class com.amazon.ion.impl.lite.IonClobLite                                            : loaded 2 times (x 221B)
Class com.amazon.ion.impl._Private_ValueFactory                                       : loaded 2 times (x 70B)
Class com.amazon.ion.impl.bin.IonRawBinaryWriter$PreallocationMode$1                  : loaded 2 times (x 82B)
Class [Lcom.amazon.ion.impl.bin._Private_IonManagedBinaryWriterBuilder$AllocatorMode; : loaded 2 times (x 69B)
Class org.jetbrains.kotlin.idea.gradleTooling.KotlinMPPGradleModel                    : loaded 2 times (x 70B)
Class io.opentelemetry.context.propagation.ContextPropagators                         : loaded 2 times (x 70B)
Class com.intellij.gradle.toolingExtension.impl.model.dependencyDownloadPolicyModel.GradleDependencyDownloadPolicy: loaded 2 times (x 70B)
Class org.gradle.tooling.model.BuildIdentifier                                        : loaded 2 times (x 70B)
Class [Lcom.android.tools.analytics.Environment$SystemProperty;                       : loaded 2 times (x 69B)
Class com.android.tools.analytics.AnalyticsSettings                                   : loaded 2 times (x 71B)
Class com.google.protobuf.Descriptors$Descriptor                                      : loaded 2 times (x 76B)
Class kotlin.reflect.jvm.internal.calls.CallerImpl                                    : loaded 2 times (x 85B)
Class kotlin.reflect.jvm.internal.impl.descriptors.impl.AbstractTypeParameterDescriptor$2: loaded 2 times (x 77B)
Class kotlin.reflect.jvm.internal.impl.serialization.deserialization.descriptors.DeserializedTypeParameterDescriptor: loaded 2 times (x 124B)
Class kotlin.reflect.jvm.internal.impl.types.FlexibleType                             : loaded 2 times (x 90B)
Class [Lkotlin.reflect.jvm.internal.impl.metadata.ProtoBuf$QualifiedNameTable$QualifiedName$Kind;: loaded 2 times (x 69B)
Class kotlin.reflect.jvm.internal.impl.serialization.deserialization.descriptors.DeserializedMemberScope: loaded 2 times (x 102B)
Class [Lkotlin.reflect.jvm.internal.impl.metadata.ProtoBuf$Class$Kind;                : loaded 2 times (x 69B)
Class kotlin.reflect.jvm.internal.impl.resolve.scopes.AbstractScopeAdapter            : loaded 2 times (x 93B)
Class kotlin.reflect.jvm.internal.impl.metadata.builtins.BuiltInsProtoBuf             : loaded 2 times (x 71B)
Class kotlin.reflect.jvm.internal.impl.metadata.jvm.JvmProtoBuf$JvmPropertySignature  : loaded 2 times (x 98B)
Class kotlin.reflect.jvm.internal.impl.metadata.ProtoBuf$FunctionOrBuilder            : loaded 2 times (x 70B)
Class kotlin.reflect.jvm.internal.impl.types.TypeAttributes$Companion                 : loaded 2 times (x 73B)
Class kotlin.reflect.jvm.internal.impl.descriptors.DescriptorVisibilities$5           : loaded 2 times (x 76B)
Class kotlin.reflect.jvm.internal.impl.descriptors.Visibilities$PrivateToThis         : loaded 2 times (x 75B)
Class kotlin.reflect.jvm.internal.impl.load.kotlin.AbstractBinaryClassAnnotationLoader$Companion: loaded 2 times (x 71B)
Class kotlin.reflect.jvm.internal.impl.builtins.ReflectionTypes$ClassLookup           : loaded 2 times (x 71B)
Class kotlin.reflect.jvm.internal.impl.descriptors.SupertypeLoopChecker               : loaded 2 times (x 70B)
Class kotlin.reflect.jvm.internal.impl.resolve.sam.SamConversionResolverImpl          : loaded 2 times (x 72B)
Class org.codehaus.groovy.transform.AnnotationCollectorTransform$ClassChanger         : loaded 2 times (x 72B)
Class [Lgroovyjarjarantlr4.v4.runtime.dfa.DFAState$PredPrediction;                    : loaded 2 times (x 69B)
Class org.apache.groovy.parser.antlr4.GroovyParser$EnumConstantsContext               : loaded 2 times (x 162B)
Class groovyjarjarantlr4.v4.runtime.FailedPredicateException                          : loaded 2 times (x 94B)
Class groovyjarjarantlr4.v4.runtime.misc.Interval                                     : loaded 2 times (x 83B)
Class [Lgroovyjarjarantlr4.v4.runtime.atn.ATNDeserializer$UnicodeDeserializingMode;   : loaded 2 times (x 69B)
Class org.codehaus.groovy.control.MultipleCompilationErrorsException                  : loaded 2 times (x 90B)
Class org.codehaus.groovy.runtime.BytecodeInterface8                                  : loaded 2 times (x 71B)
Class org.codehaus.groovy.runtime.metaclass.ThreadManagedMetaBeanProperty             : loaded 2 times (x 86B)
Class groovy.lang.groovydoc.GroovydocHolder                                           : loaded 2 times (x 70B)
Class org.codehaus.groovy.util.ManagedConcurrentLinkedQueue$Element                   : loaded 2 times (x 76B)
Class groovy.lang.GroovyCallable                                                      : loaded 2 times (x 70B)
Class groovy.lang.GroovyObjectSupport                                                 : loaded 2 times (x 84B)
Class com.android.prefs.AndroidPathLocator                                            : loaded 2 times (x 73B)
Class com.android.tools.lint.model.LintModelJavaLibrary                               : loaded 2 times (x 70B)
Class org.jetbrains.kotlin.cli.common.messages.MessageRenderer                        : loaded 2 times (x 70B)
Class [Lkotlin.jvm.functions.Function1;                                               : loaded 2 times (x 69B)
Class kotlin.sequences.DropTakeSequence                                               : loaded 2 times (x 70B)
Class com.google.common.collect.CollectSpliterators$1                                 : loaded 2 times (x 90B)
Class com.android.builder.model.v2.ide.VectorDrawablesOptions                         : loaded 2 times (x 70B)
Class com.google.common.cache.LocalCache$EntryFactory$4                               : loaded 2 times (x 83B)
Class com.google.gson.ToNumberPolicy$1                                                : loaded 2 times (x 83B)
Class [Lcom.google.gson.FieldNamingStrategy;                                          : loaded 2 times (x 69B)
Class com.google.gson.internal.Excluder                                               : loaded 2 times (x 75B)
Class com.amazon.ion.IonInt                                                           : loaded 2 times (x 70B)
Class com.amazon.ion.impl.bin.IonRawBinaryWriter$PreallocationMode$2                  : loaded 2 times (x 82B)
Class org.jetbrains.kotlin.idea.gradleTooling.PrepareKotlinIdeImportTaskModel         : loaded 2 times (x 70B)
Class com.android.tools.analytics.AnalyticsPaths                                      : loaded 2 times (x 71B)
Class com.google.common.io.ByteStreams$1                                              : loaded 2 times (x 85B)
Class kotlin.reflect.jvm.internal.impl.resolve.InlineClassesUtilsKt                   : loaded 2 times (x 71B)
Class kotlin.reflect.jvm.internal.impl.protobuf.UnmodifiableLazyStringList            : loaded 2 times (x 258B)
Class kotlin.reflect.jvm.internal.impl.storage.LockBasedStorageManager$4              : loaded 2 times (x 84B)
Class kotlin.reflect.jvm.internal.impl.descriptors.DescriptorVisibilities$6           : loaded 2 times (x 76B)
Class kotlin.reflect.jvm.internal.impl.descriptors.DeclarationDescriptorVisitor       : loaded 2 times (x 70B)
Class kotlin.reflect.jvm.internal.impl.renderer.DescriptorRenderer$ValueParametersHandler$DEFAULT: loaded 2 times (x 77B)
Class kotlin.reflect.jvm.internal.impl.load.java.components.JavaResolverCache$1       : loaded 2 times (x 78B)
Class kotlin.reflect.jvm.internal.impl.storage.CacheWithNotNullValues                 : loaded 2 times (x 70B)
Class groovyjarjarasm.asm.AnnotationVisitor                                           : loaded 2 times (x 78B)
Class groovyjarjarasm.asm.RecordComponentWriter                                       : loaded 2 times (x 78B)
Class org.codehaus.groovy.control.CompilationUnit$1                                   : loaded 2 times (x 216B)
Class org.codehaus.groovy.classgen.InnerClassCompletionVisitor$1                      : loaded 2 times (x 73B)
Class groovyjarjarantlr4.v4.runtime.VocabularyImpl                                    : loaded 2 times (x 82B)
Class org.codehaus.groovy.ast.expr.PrefixExpression                                   : loaded 2 times (x 130B)
Class groovyjarjarasm.asm.ClassWriter                                                 : loaded 2 times (x 106B)
Class groovy.lang.GroovyResourceLoader                                                : loaded 2 times (x 70B)
Class kotlin.sequences.ConstrainedOnceSequence                                        : loaded 2 times (x 75B)
Class it.unimi.dsi.fastutil.ints.AbstractInt2ObjectFunction                           : loaded 2 times (x 121B)
Class com.android.builder.model.v2.ide.Edge                                           : loaded 2 times (x 70B)
Class com.android.builder.model.v2.models.VariantDependenciesFlatList                 : loaded 2 times (x 70B)
Class com.google.gson.internal.ReflectionAccessFilterHelper                           : loaded 2 times (x 71B)
Class com.google.gson.internal.reflect.ReflectionHelper$RecordHelper                  : loaded 2 times (x 75B)
Class com.google.common.cache.LocalCache$EntryFactory$5                               : loaded 2 times (x 83B)
Class com.google.gson.ToNumberPolicy$2                                                : loaded 2 times (x 83B)
Class com.amazon.ion.impl.bin.IonRawBinaryWriter$PreallocationMode$3                  : loaded 2 times (x 82B)
Class com.android.ide.gradle.model.GradlePluginModel                                  : loaded 2 times (x 70B)
Class com.google.common.collect.ReverseOrdering                                       : loaded 2 times (x 115B)
Class org.gradle.tooling.model.build.JavaEnvironment                                  : loaded 2 times (x 70B)
Class kotlin.reflect.jvm.internal.KFunctionImpl$$Lambda$0                             : loaded 2 times (x 76B)
Class kotlin.reflect.jvm.internal.impl.load.java.typeEnhancement.MutabilityQualifier  : loaded 2 times (x 79B)
Class kotlin.reflect.jvm.internal.impl.types.TypeSystemCommonBackendContext           : loaded 2 times (x 70B)
Class kotlin.reflect.jvm.internal.impl.descriptors.runtime.structure.ReflectJavaAnnotationOwner: loaded 2 times (x 70B)
Class kotlin.reflect.jvm.internal.impl.protobuf.UninitializedMessageException         : loaded 2 times (x 83B)
Class kotlin.reflect.jvm.internal.impl.serialization.deserialization.builtins.BuiltInSerializerProtocol: loaded 2 times (x 72B)
Class kotlin.reflect.jvm.internal.impl.metadata.ProtoBuf$TypeOrBuilder                : loaded 2 times (x 70B)
Class kotlin.reflect.jvm.internal.impl.descriptors.Visibilities$InvisibleFake         : loaded 2 times (x 75B)
Class kotlin.reflect.jvm.internal.impl.descriptors.DescriptorVisibilities$7           : loaded 2 times (x 76B)
Class kotlin.reflect.jvm.internal.impl.storage.LockBasedStorageManager$5              : loaded 2 times (x 85B)
Class kotlin.reflect.jvm.internal.impl.builtins.jvm.JavaToKotlinClassMapper           : loaded 2 times (x 71B)
Class kotlin.reflect.jvm.internal.impl.load.java.components.JavaPropertyInitializerEvaluator: loaded 2 times (x 70B)
Class kotlin.reflect.jvm.internal.impl.load.java.JavaNullabilityAnnotationSettingsKt  : loaded 2 times (x 71B)
Class kotlin.reflect.jvm.internal.impl.load.java.lazy.SingleModuleClassResolver       : loaded 2 times (x 75B)
Class kotlin.reflect.jvm.internal.impl.descriptors.impl.PackageViewDescriptorFactory$Companion: loaded 2 times (x 71B)
Class org.apache.groovy.util.concurrent.concurrentlinkedhashmap.ConcurrentLinkedHashMap$DrainStatus$1: loaded 2 times (x 80B)
Class org.codehaus.groovy.classgen.Verifier$11                                        : loaded 2 times (x 73B)
Class org.codehaus.groovy.classgen.InnerClassCompletionVisitor$2                      : loaded 2 times (x 73B)
Class org.apache.groovy.parser.antlr4.GroovyParser$MapPrmrAltContext                  : loaded 2 times (x 158B)
Class org.apache.groovy.parser.antlr4.GroovyParser$FormalParameterListContext         : loaded 2 times (x 163B)
Class groovyjarjarantlr4.v4.runtime.atn.LexerTypeAction                               : loaded 2 times (x 80B)
Class org.apache.groovy.parser.antlr4.GroovyParser$GstringContext                     : loaded 2 times (x 162B)
Class org.apache.groovy.parser.antlr4.GroovyParser$ConditionalExprAltContext          : loaded 2 times (x 164B)
Class org.apache.groovy.parser.antlr4.GroovyParser$ThisFormalParameterContext         : loaded 2 times (x 158B)
Class org.codehaus.groovy.ast.InnerClassNode                                          : loaded 2 times (x 248B)
Class org.codehaus.groovy.control.ResolveVisitor$LowerCaseClass                       : loaded 2 times (x 243B)
Class [Lorg.codehaus.groovy.runtime.callsite.CallSite;                                : loaded 2 times (x 69B)
Class [Lgroovy.lang.MetaProperty;                                                     : loaded 2 times (x 69B)
Class org.codehaus.groovy.reflection.CachedClass$1                                    : loaded 2 times (x 82B)
Class org.codehaus.groovy.util.LazyReference$1                                        : loaded 2 times (x 76B)
Class com.google.common.collect.Tables                                                : loaded 2 times (x 71B)
Class com.google.common.collect.MapMakerInternalMap$WeakKeyStrongValueSegment         : loaded 2 times (x 142B)
Class [Lkotlin.reflect.KProperty;                                                     : loaded 2 times (x 69B)
Class kotlin.io.TextStreamsKt                                                         : loaded 2 times (x 71B)
Class com.android.builder.model.v2.ide.SourceSetContainer                             : loaded 2 times (x 70B)
Class com.google.gson.internal.bind.ReflectiveTypeAdapterFactory$FieldsData           : loaded 2 times (x 72B)
Class com.google.common.cache.LocalCache$EntryFactory$6                               : loaded 2 times (x 83B)
Class com.google.gson.ToNumberPolicy$3                                                : loaded 2 times (x 83B)
Class org.jetbrains.plugins.gradle.model.GradleExtension                              : loaded 2 times (x 70B)
Class com.amazon.ion.impl.lite.IonDecimalLite                                         : loaded 2 times (x 189B)
Class com.amazon.ion.IonBufferConfiguration$Builder                                   : loaded 2 times (x 78B)
Class org.gradle.internal.time.Timer                                                  : loaded 2 times (x 70B)
Class org.gradle.internal.installation.CurrentGradleInstallationLocator               : loaded 2 times (x 71B)
Class build_bk8sz87gsp6ecxt9pmcs7plf3$_run_closure1$_closure8$_closure11              : loaded 2 times (x 139B)
Class kotlin.coroutines.jvm.internal.CompletedContinuation                            : loaded 2 times (x 75B)
Class com.google.protobuf.CodedInputStream$ArrayDecoder                               : loaded 2 times (x 120B)
Class [Lcom.google.protobuf.Internal$EnumLite;                                        : loaded 2 times (x 69B)
Class com.google.common.io.ByteSource$SlicedByteSource                                : loaded 2 times (x 85B)
Class kotlin.reflect.jvm.internal.KFunctionImpl$$Lambda$1                             : loaded 2 times (x 76B)
Class kotlin.reflect.jvm.internal.impl.load.java.typeEnhancement.JavaTypeEnhancement$Result: loaded 2 times (x 72B)
Class [Lkotlin.reflect.jvm.internal.impl.load.java.structure.LightClassOriginKind;    : loaded 2 times (x 69B)
Class kotlin.reflect.jvm.internal.impl.metadata.ProtoBuf$MemberKind$1                 : loaded 2 times (x 74B)
Class kotlin.reflect.jvm.internal.impl.serialization.deserialization.ClassData        : loaded 2 times (x 72B)
Class kotlin.reflect.jvm.internal.impl.builtins.jvm.JvmBuiltInsPackageFragmentProvider$Companion: loaded 2 times (x 71B)
Class kotlin.reflect.jvm.internal.impl.descriptors.DescriptorVisibilities$8           : loaded 2 times (x 76B)
Class kotlin.reflect.jvm.internal.impl.types.TypeUtils$SpecialType                    : loaded 2 times (x 96B)
Class [Lkotlin.reflect.jvm.internal.impl.descriptors.Modality;                        : loaded 2 times (x 69B)
Class kotlin.reflect.jvm.internal.impl.serialization.deserialization.LocalClassifierTypeSettings$Default: loaded 2 times (x 74B)
Class kotlin.reflect.jvm.internal.impl.types.TypeParameterUpperBoundEraser$$Lambda$0  : loaded 2 times (x 76B)
Class kotlin.reflect.jvm.internal.impl.descriptors.PropertyAccessorDescriptor         : loaded 2 times (x 70B)
Class kotlin.reflect.jvm.internal.impl.resolve.OverridingUtil                         : loaded 2 times (x 76B)
Class kotlin.reflect.jvm.internal.impl.types.checker.KotlinTypePreparator             : loaded 2 times (x 73B)
Class kotlin.reflect.jvm.internal.impl.load.java.lazy.JavaResolverSettings            : loaded 2 times (x 70B)
Class kotlin.reflect.jvm.internal.impl.descriptors.NotFoundClasses                    : loaded 2 times (x 72B)
Class kotlin.reflect.jvm.internal.impl.types.SimpleType                               : loaded 2 times (x 91B)
Class org.codehaus.groovy.runtime.callsite.BooleanClosureWrapper                      : loaded 2 times (x 74B)
Class org.apache.groovy.util.concurrent.concurrentlinkedhashmap.ConcurrentLinkedHashMap$DrainStatus$2: loaded 2 times (x 80B)
Class org.codehaus.groovy.classgen.Verifier$12                                        : loaded 2 times (x 73B)
Class org.codehaus.groovy.classgen.InnerClassCompletionVisitor$3                      : loaded 2 times (x 73B)
Class org.apache.groovy.parser.antlr4.GroovyParser$AnnotatedQualifiedClassNameContext : loaded 2 times (x 158B)
Class groovyjarjarantlr4.v4.runtime.RecognitionException                              : loaded 2 times (x 90B)
Class org.apache.groovy.parser.antlr4.GroovyParser$TryCatchStatementContext           : loaded 2 times (x 164B)
Class org.codehaus.groovy.control.CompilationUnit$3                                   : loaded 2 times (x 83B)
Class groovy.lang.Binding                                                             : loaded 2 times (x 89B)
Class org.codehaus.groovy.util.ManagedConcurrentMap$Segment                           : loaded 2 times (x 85B)
Class org.codehaus.groovy.runtime.memoize.CommonCache                                 : loaded 2 times (x 154B)
Class [Lorg.codehaus.groovy.reflection.CachedField;                                   : loaded 2 times (x 69B)
Class org.codehaus.groovy.reflection.CachedClass$2                                    : loaded 2 times (x 82B)
Class [Lorg.codehaus.groovy.util.ComplexKeyHashMap$Entry;                             : loaded 2 times (x 69B)
Class org.codehaus.groovy.util.LazyReference$2                                        : loaded 2 times (x 76B)
Class [Lorg.codehaus.groovy.reflection.ParameterTypes;                                : loaded 2 times (x 69B)
Class com.android.ide.common.resources.DataFile$FileType                              : loaded 2 times (x 79B)
Class com.android.utils.PositionXmlParser$Position                                    : loaded 2 times (x 78B)
Class org.objectweb.asm.ClassReader                                                   : loaded 2 times (x 94B)
Class com.android.tools.lint.model.DefaultLintModelDependencyGraph                    : loaded 2 times (x 78B)
Class com.android.tools.lint.model.DefaultLintModelLintOptions                        : loaded 2 times (x 103B)
Class org.codehaus.groovy.reflection.v7.GroovyClassValueJava7                         : loaded 2 times (x 84B)
Class com.google.common.collect.ImmutableMultimap$Builder                             : loaded 2 times (x 86B)
Class com.android.builder.model.v2.ide.LintOptions                                    : loaded 2 times (x 70B)
Class com.google.common.cache.LocalCache$EntryFactory$7                               : loaded 2 times (x 83B)
Class com.google.gson.ToNumberPolicy$4                                                : loaded 2 times (x 83B)
Class [Lcom.amazon.ion.impl.bin.IonRawBinaryWriter$ContainerType;                     : loaded 2 times (x 69B)
Class org.gradle.tooling.internal.adapter.ProtocolToModelAdapter$ViewGraphDetails     : loaded 2 times (x 72B)
Class org.gradle.tooling.model.idea.IdeaProject                                       : loaded 2 times (x 70B)
Class org.gradle.tooling.model.DomainObjectSet                                        : loaded 2 times (x 70B)
Class org.gradle.internal.service.DefaultServiceLocator                               : loaded 2 times (x 83B)
Class org.codehaus.groovy.runtime.dgmimpl.NumberNumberMultiply                        : loaded 2 times (x 114B)
Class kotlin.reflect.jvm.internal.KFunctionImpl$$Lambda$2                             : loaded 2 times (x 76B)
Class kotlin.reflect.jvm.internal.impl.resolve.scopes.StaticScopeForKotlinEnum        : loaded 2 times (x 93B)
Class [Lkotlin.reflect.jvm.internal.impl.types.TypeProjection;                        : loaded 2 times (x 69B)
Class kotlin.reflect.jvm.internal.impl.util.TypeRegistry$$Lambda$0                    : loaded 2 times (x 76B)
Class [Lkotlin.reflect.jvm.internal.impl.load.java.lazy.types.JavaTypeFlexibility;    : loaded 2 times (x 69B)
Class kotlin.reflect.jvm.internal.impl.descriptors.runtime.structure.ReflectJavaClass$fields$1: loaded 2 times (x 125B)
Class kotlin.reflect.jvm.internal.impl.descriptors.NotFoundClasses$MockClassDescriptor: loaded 2 times (x 175B)
Class kotlin.reflect.jvm.internal.impl.load.java.lazy.descriptors.LazyJavaPackageScope$KotlinClassLookupResult: loaded 2 times (x 71B)
Class kotlin.reflect.jvm.internal.impl.types.Variance                                 : loaded 2 times (x 80B)
Class kotlin.reflect.jvm.internal.impl.metadata.ProtoBuf$Class                        : loaded 2 times (x 104B)
Class kotlin.reflect.jvm.internal.impl.descriptors.DescriptorVisibilities$9           : loaded 2 times (x 76B)
Class kotlin.reflect.jvm.internal.impl.descriptors.ClassKind                          : loaded 2 times (x 79B)
Class kotlin.properties.ObservableProperty                                            : loaded 2 times (x 83B)
Class kotlin.reflect.jvm.internal.impl.serialization.deserialization.ContractDeserializer$Companion: loaded 2 times (x 71B)
Class kotlin.reflect.jvm.internal.impl.resolve.constants.UIntValue                    : loaded 2 times (x 74B)
Class kotlin.reflect.jvm.internal.impl.types.TypeParameterUpperBoundEraser$$Lambda$1  : loaded 2 times (x 76B)
Class kotlin.reflect.jvm.internal.impl.load.java.Jsr305Settings                       : loaded 2 times (x 72B)
Class groovyjarjarasm.asm.AnnotationWriter                                            : loaded 2 times (x 79B)
Class groovyjarjarasm.asm.RecordComponentVisitor                                      : loaded 2 times (x 77B)
Class org.apache.groovy.util.concurrent.concurrentlinkedhashmap.ConcurrentLinkedHashMap$DrainStatus$3: loaded 2 times (x 80B)
Class org.codehaus.groovy.runtime.memoize.ConcurrentCommonCache                       : loaded 2 times (x 154B)
Class org.codehaus.groovy.classgen.Verifier$13                                        : loaded 2 times (x 73B)
Class groovyjarjarantlr4.v4.runtime.atn.SemanticContext$OR                            : loaded 2 times (x 75B)
Class groovyjarjarantlr4.v4.runtime.misc.ParseCancellationException                   : loaded 2 times (x 82B)
Class org.codehaus.groovy.ast.expr.UnaryMinusExpression                               : loaded 2 times (x 129B)
Class groovyjarjarantlr4.v4.runtime.RuleContext                                       : loaded 2 times (x 117B)
Class [Lorg.codehaus.groovy.ast.AnnotatedNode;                                        : loaded 2 times (x 69B)
Class org.codehaus.groovy.control.CompilationUnit$4                                   : loaded 2 times (x 106B)
Class groovy.lang.MetaClassImpl$1MOPIter                                              : loaded 2 times (x 76B)
Class org.codehaus.groovy.runtime.dgmimpl.arrays.CharacterArrayPutAtMetaMethod        : loaded 2 times (x 97B)
Class org.codehaus.groovy.reflection.CachedClass$3                                    : loaded 2 times (x 82B)
Class org.codehaus.groovy.reflection.ClassInfo$LazyCachedClassRef                     : loaded 2 times (x 82B)
Class groovy.lang.MetaMethod                                                          : loaded 2 times (x 96B)
Class org.jetbrains.kotlin.util.capitalizeDecapitalize.CapitalizeDecapitalizeKt       : loaded 2 times (x 71B)
Class kotlin.reflect.KMutableProperty0                                                : loaded 2 times (x 70B)
Class kotlin.reflect.KClassifier                                                      : loaded 2 times (x 70B)
Class org.codehaus.groovy.runtime.NullObject                                          : loaded 2 times (x 91B)
Class org.codehaus.groovy.control.SourceUnit                                          : loaded 2 times (x 98B)
Class com.google.common.cache.LocalCache$SoftValueReference                           : loaded 2 times (x 97B)
Class com.google.common.collect.Maps$EntrySet                                         : loaded 2 times (x 136B)
Class com.google.common.collect.ImmutableMultimap$EntryCollection                     : loaded 2 times (x 128B)
Class com.android.builder.model.v2.ide.BasicArtifact                                  : loaded 2 times (x 70B)
Class com.google.common.cache.LocalCache$EntryFactory$8                               : loaded 2 times (x 83B)
Class com.google.gson.internal.sql.SqlTypesSupport                                    : loaded 2 times (x 71B)
Class com.google.gson.Gson                                                            : loaded 2 times (x 72B)
Class com.amazon.ion.impl.bin.utf8.Utf8StringEncoder$Result                           : loaded 2 times (x 74B)
Class com.amazon.ion.impl.bin.utf8.Pool$Allocator                                     : loaded 2 times (x 70B)
Class com.amazon.ion.IonText                                                          : loaded 2 times (x 70B)
Class com.amazon.ion.impl.SymbolTokenImpl                                             : loaded 2 times (x 81B)
Class com.amazon.ion.SubstituteSymbolTableException                                   : loaded 2 times (x 84B)
Class io.opentelemetry.api.trace.SpanContextKey                                       : loaded 2 times (x 71B)
Class com.google.common.collect.ComparisonChain$InactiveComparisonChain               : loaded 2 times (x 80B)
Class org.gradle.util.GradleVersion                                                   : loaded 2 times (x 81B)
Class org.gradle.internal.installation.CurrentGradleInstallation                      : loaded 2 times (x 73B)
Class kotlin.reflect.jvm.internal.calls.CallerKt                                      : loaded 2 times (x 71B)
Class kotlin.reflect.jvm.internal.impl.types.model.DefinitelyNotNullTypeMarker        : loaded 2 times (x 70B)
Class [Lkotlin.reflect.jvm.internal.impl.load.java.typeEnhancement.JavaTypeQualifiers;: loaded 2 times (x 69B)
Class kotlin.reflect.jvm.internal.impl.types.model.TypeSystemOptimizationContext      : loaded 2 times (x 70B)
Class kotlin.reflect.jvm.internal.impl.metadata.ProtoBuf$StringTable                  : loaded 2 times (x 98B)
Class kotlin.reflect.jvm.internal.impl.descriptors.runtime.structure.ReflectJavaClass$fields$2: loaded 2 times (x 125B)
Class kotlin.reflect.jvm.internal.impl.serialization.deserialization.descriptors.DeserializedMemberScope$OptimizedImplementation: loaded 2 times (x 81B)
Class kotlin.reflect.jvm.internal.impl.metadata.jvm.JvmProtoBuf$JvmPropertySignature$1: loaded 2 times (x 87B)
Class kotlin.reflect.jvm.internal.impl.storage.LockBasedStorageManager$LockBasedLazyValueWithPostCompute: loaded 2 times (x 82B)
Class kotlin.reflect.jvm.internal.impl.types.TypeConstructor                          : loaded 2 times (x 70B)
Class kotlin.reflect.jvm.internal.impl.resolve.constants.IntValue                     : loaded 2 times (x 74B)
Class kotlin.reflect.jvm.internal.impl.descriptors.MemberDescriptor                   : loaded 2 times (x 70B)
Class org.codehaus.groovy.control.AnnotationConstantsVisitor                          : loaded 2 times (x 213B)
Class org.codehaus.groovy.classgen.Verifier$14                                        : loaded 2 times (x 73B)
Class org.apache.groovy.parser.antlr4.GroovyParser$ExpressionStmtAltContext           : loaded 2 times (x 158B)
Class [Lgroovyjarjarantlr4.v4.runtime.atn.RuleStartState;                             : loaded 2 times (x 69B)
Class groovyjarjarantlr4.v4.runtime.misc.Tuple                                        : loaded 2 times (x 71B)
Class groovyjarjarantlr4.v4.runtime.Vocabulary                                        : loaded 2 times (x 70B)
Class groovyjarjarantlr4.v4.runtime.Lexer                                             : loaded 2 times (x 143B)
Class org.apache.groovy.parser.antlr4.GroovyParser$LocalVariableDeclarationContext    : loaded 2 times (x 157B)
Class org.apache.groovy.parser.antlr4.GroovyParser$ThrowStmtAltContext                : loaded 2 times (x 159B)
Class org.apache.groovy.parser.antlr4.GroovyParser$RelationalExprAltContext           : loaded 2 times (x 171B)
Class org.apache.groovy.parser.antlr4.GroovyParser$BlockStatementsContext             : loaded 2 times (x 160B)
Class org.apache.groovy.parser.antlr4.GroovyParser$MethodDeclarationContext           : loaded 2 times (x 168B)
Class org.apache.groovy.parser.antlr4.GroovyParser$ImportDeclarationContext           : loaded 2 times (x 164B)
Class org.codehaus.groovy.control.ClassNodeResolver                                   : loaded 2 times (x 76B)
Class org.codehaus.groovy.ast.stmt.DoWhileStatement                                   : loaded 2 times (x 118B)
Class org.codehaus.groovy.reflection.CachedClass$4                                    : loaded 2 times (x 82B)
Class org.codehaus.groovy.reflection.ParameterTypes                                   : loaded 2 times (x 82B)
Class [Lorg.codehaus.groovy.ast.GenericsType;                                         : loaded 2 times (x 69B)
Class groovyjarjarantlr4.v4.runtime.dfa.SingletonEdgeMap                              : loaded 2 times (x 98B)
Class com.android.utils.PositionXmlParser$ParserPool                                  : loaded 2 times (x 79B)
Class org.apache.groovy.parser.antlr4.GroovyParser$MemberDeclarationContext           : loaded 2 times (x 160B)
Class kotlin.reflect.KMutableProperty1                                                : loaded 2 times (x 70B)
Class org.apache.groovy.parser.antlr4.GroovyParser$TypeNamePairsContext               : loaded 2 times (x 162B)
Class org.apache.groovy.parser.antlr4.GroovyParser$TypeBoundContext                   : loaded 2 times (x 162B)
Class com.android.tools.lint.model.DefaultLintModelVariant                            : loaded 2 times (x 101B)
Class com.android.tools.lint.model.LintModelArtifact                                  : loaded 2 times (x 70B)
Class com.google.common.cache.CacheLoader$1                                           : loaded 2 times (x 75B)
Class groovyjarjarantlr4.v4.runtime.atn.SemanticContext$Predicate                     : loaded 2 times (x 73B)
Class com.google.gson.Gson$1                                                          : loaded 2 times (x 76B)
Class com.amazon.ion.impl.bin.IonManagedBinaryWriter$ImportDescriptor                 : loaded 2 times (x 76B)
Class com.amazon.ion.SymbolTable                                                      : loaded 2 times (x 70B)
Class org.jetbrains.plugins.gradle.javaModel.JavaGradleManifestModel                  : loaded 2 times (x 70B)
Class org.jetbrains.plugins.gradle.tooling.serialization.GradleExtensionsSerializationService$WriteContext: loaded 2 times (x 72B)
Class com.intellij.gradle.toolingExtension.impl.model.taskModel.GradleTaskSerialisationService$Companion: loaded 2 times (x 71B)
Class org.gradle.tooling.internal.adapter.ProtocolToModelAdapter$MethodInvocationCache$MethodInvocationKey: loaded 2 times (x 73B)
Class org.gradle.util.internal.GUtil                                                  : loaded 2 times (x 71B)
Class com.android.tools.analytics.Environment$Companion$SYSTEM$1                      : loaded 2 times (x 73B)
Class com.android.tools.analytics.Environment$Companion                               : loaded 2 times (x 71B)
Class com.android.tools.analytics.Environment$SystemProperty                          : loaded 2 times (x 79B)
Class com.google.protobuf.Message                                                     : loaded 2 times (x 70B)
Class groovy.transform.Trait                                                          : loaded 2 times (x 70B)
Class kotlin.reflect.jvm.internal.impl.metadata.deserialization.ProtoBufUtilKt        : loaded 2 times (x 71B)
Class kotlin.reflect.jvm.internal.impl.types.TypeWithEnhancementKt                    : loaded 2 times (x 71B)
Class kotlin.reflect.jvm.internal.impl.resolve.constants.IntegerValueTypeConstructor  : loaded 2 times (x 81B)
Class kotlin.reflect.jvm.internal.impl.builtins.jvm.CloneableClassScope$Companion     : loaded 2 times (x 71B)
Class kotlin.reflect.jvm.internal.impl.metadata.jvm.JvmProtoBuf$StringTableTypesOrBuilder: loaded 2 times (x 70B)
Class kotlin.reflect.jvm.internal.impl.descriptors.runtime.components.ReflectClassStructure: loaded 2 times (x 71B)
Class kotlin.reflect.jvm.internal.impl.incremental.components.NoLookupLocation        : loaded 2 times (x 82B)
Class kotlin.reflect.jvm.internal.impl.resolve.DescriptorUtils                        : loaded 2 times (x 71B)
Class kotlin.reflect.jvm.internal.impl.load.java.JavaIncompatibilityRulesOverridabilityCondition$Companion: loaded 2 times (x 71B)
Class kotlin.reflect.jvm.internal.impl.load.java.JavaIncompatibilityRulesOverridabilityCondition: loaded 2 times (x 75B)
Class kotlin.reflect.jvm.internal.impl.types.checker.NewKotlinTypeCheckerImpl         : loaded 2 times (x 80B)
Class [Lkotlin.reflect.jvm.internal.impl.builtins.jvm.JvmBuiltIns$Kind;               : loaded 2 times (x 69B)
Class [Lgroovyjarjarasm.asm.Type;                                                     : loaded 2 times (x 69B)
Class org.codehaus.groovy.classgen.asm.OperandStack                                   : loaded 2 times (x 95B)
Class org.codehaus.groovy.classgen.asm.indy.IndyBinHelper                             : loaded 2 times (x 87B)
Class groovyjarjarantlr4.v4.runtime.misc.FlexibleHashMap$Entry                        : loaded 2 times (x 72B)
Class groovyjarjarantlr4.v4.runtime.ParserErrorListener                               : loaded 2 times (x 70B)
Class groovyjarjarantlr4.v4.runtime.Parser                                            : loaded 2 times (x 151B)
Class groovyjarjarantlr4.v4.runtime.atn.StarLoopbackState                             : loaded 2 times (x 89B)
Class org.apache.groovy.parser.antlr4.GroovyParser$TypeContext                        : loaded 2 times (x 161B)
Class org.codehaus.groovy.ast.GroovyClassVisitor                                      : loaded 2 times (x 70B)
Class org.codehaus.groovy.runtime.dgmimpl.arrays.FloatArrayGetAtMetaMethod            : loaded 2 times (x 97B)
Class org.codehaus.groovy.runtime.callsite.CallSiteAwareMetaMethod                    : loaded 2 times (x 97B)
Class org.codehaus.groovy.ast.expr.AnnotationConstantExpression                       : loaded 2 times (x 134B)
Class groovy.lang.MissingPropertyException                                            : loaded 2 times (x 89B)
Class groovy.lang.Closure$1                                                           : loaded 2 times (x 133B)
Class org.codehaus.groovy.reflection.CachedClass$5                                    : loaded 2 times (x 82B)
Class com.android.resources.ResourceEnum                                              : loaded 2 times (x 70B)
Class it.unimi.dsi.fastutil.ints.AbstractIntCollection                                : loaded 2 times (x 185B)
Class org.codehaus.groovy.runtime.powerassert.SourceTextNotAvailableException         : loaded 2 times (x 82B)
Class kotlin.reflect.KMutableProperty2                                                : loaded 2 times (x 70B)
Class kotlin.reflect.jvm.internal.impl.types.extensions.TypeAttributeTranslators      : loaded 2 times (x 72B)
Class com.android.prefs.PathLocator$WhenMappings                                      : loaded 2 times (x 71B)
Class com.google.common.util.concurrent.AbstractFuture$SetFuture                      : loaded 2 times (x 75B)
Class com.google.common.cache.AbstractCache$StatsCounter                              : loaded 2 times (x 70B)
Class com.google.gson.Gson$2                                                          : loaded 2 times (x 76B)
Class [Lcom.amazon.ion.impl.bin.IonManagedBinaryWriter$SymbolState;                   : loaded 2 times (x 69B)
Class com.amazon.ion.impl._Private_IonWriterBase                                      : loaded 2 times (x 162B)
Class com.amazon.ion.system.IonSystemBuilder                                          : loaded 2 times (x 75B)
Class com.amazon.ion.IonCatalog                                                       : loaded 2 times (x 70B)
Class io.opentelemetry.api.trace.TraceId                                              : loaded 2 times (x 71B)
Class com.intellij.gradle.toolingExtension.impl.model.utilTurnOffDefaultTasksModel.TurnOffDefaultTasks: loaded 2 times (x 70B)
Class com.intellij.gradle.toolingExtension.impl.model.sourceSetModel.GradleSourceSetSerialisationService$SourceSetModelReadContext: loaded 2 times (x 72B)
Class kotlin.io.NoSuchFileException                                                   : loaded 2 times (x 82B)
Class com.google.protobuf.AbstractMessage$Builder                                     : loaded 2 times (x 257B)
Class com.google.protobuf.ExtensionRegistryFactory                                    : loaded 2 times (x 71B)
Class com.google.protobuf.ProtocolMessageEnum                                         : loaded 2 times (x 70B)
Class kotlin.reflect.jvm.internal.impl.load.java.SpecialGenericSignatures$Companion   : loaded 2 times (x 71B)
Class kotlin.reflect.jvm.internal.impl.types.TypeConstructorSubstitution$Companion$createByConstructorsMap$1: loaded 2 times (x 79B)
Class kotlin.reflect.jvm.internal.impl.load.java.typeEnhancement.TypeComponentPositionKt: loaded 2 times (x 71B)
Class kotlin.reflect.jvm.internal.impl.load.java.lazy.descriptors.LazyJavaClassDescriptor$LazyJavaClassTypeConstructor: loaded 2 times (x 97B)
Class kotlin.reflect.jvm.internal.impl.load.java.lazy.descriptors.LazyJavaScope$$Lambda$0: loaded 2 times (x 76B)
Class [Lkotlin.reflect.jvm.internal.impl.descriptors.PackageFragmentProvider;         : loaded 2 times (x 69B)
Class kotlin.reflect.jvm.internal.impl.types.AbstractTypePreparator                   : loaded 2 times (x 72B)
Class kotlin.reflect.jvm.internal.impl.metadata.deserialization.BinaryVersion$Companion: loaded 2 times (x 71B)
Class kotlin.reflect.jvm.internal.impl.storage.MemoizedFunctionToNullable             : loaded 2 times (x 70B)
Class kotlin.reflect.jvm.internal.impl.load.java.sources.JavaSourceElementFactory     : loaded 2 times (x 70B)
Class org.codehaus.groovy.classgen.asm.BinaryExpressionHelper$1                       : loaded 2 times (x 128B)
Class org.apache.groovy.util.concurrent.concurrentlinkedhashmap.ConcurrentLinkedHashMap: loaded 2 times (x 148B)
Class org.apache.groovy.parser.antlr4.GroovyParser$ClosureOrLambdaExpressionPrmrAltContext: loaded 2 times (x 158B)
Class [Lgroovyjarjarantlr4.v4.runtime.atn.Transition;                                 : loaded 2 times (x 69B)
Class org.apache.groovy.parser.antlr4.GroovyParser$ClosureContext                     : loaded 2 times (x 164B)
Class org.apache.groovy.parser.antlr4.GroovyParser$CommandExpressionContext           : loaded 2 times (x 160B)
Class org.codehaus.groovy.runtime.metaclass.TransformMetaMethod                       : loaded 2 times (x 96B)
Class org.codehaus.groovy.runtime.StringGroovyMethods                                 : loaded 2 times (x 71B)
Class org.codehaus.groovy.ast.NodeMetaDataHandler                                     : loaded 2 times (x 70B)
Class org.codehaus.groovy.reflection.CachedClass$6                                    : loaded 2 times (x 82B)
Class org.codehaus.groovy.util.ReferenceManager$ThreadedReferenceManager              : loaded 2 times (x 77B)
Class com.google.common.collect.AbstractTable                                         : loaded 2 times (x 120B)
Class kotlin.reflect.jvm.internal.impl.metadata.ProtoBuf$Property$1                   : loaded 2 times (x 87B)
Class kotlin.reflect.jvm.internal.impl.load.java.lazy.descriptors.LazyJavaScope$$Lambda$3: loaded 2 times (x 76B)
Class org.objectweb.asm.Context                                                       : loaded 2 times (x 72B)
Class kotlin.reflect.jvm.internal.impl.protobuf.FieldSet$1                            : loaded 2 times (x 71B)
Class kotlin.reflect.jvm.internal.RuntimeTypeMapper                                   : loaded 2 times (x 71B)
Class kotlin.reflect.jvm.internal.impl.serialization.deserialization.descriptors.DeserializedClassDescriptor$DeserializedClassMemberScope: loaded 2 times (x 102B)
Class kotlin.reflect.jvm.internal.impl.resolve.scopes.DescriptorKindFilter$Companion  : loaded 2 times (x 71B)
Class kotlin.reflect.jvm.internal.impl.metadata.ProtoBuf$PackageFragment              : loaded 2 times (x 104B)
Class com.android.tools.lint.model.DefaultLintModelDependency                         : loaded 2 times (x 86B)
Class com.android.tools.lint.model.DefaultLintModelLibrary                            : loaded 2 times (x 86B)
Class com.android.tools.lint.model.DefaultLintModelBuildFeatures                      : loaded 2 times (x 77B)
Class com.google.common.io.LineBuffer                                                 : loaded 2 times (x 75B)
Class com.google.common.reflect.Types$TypeVariableImpl                                : loaded 2 times (x 72B)
Class com.android.builder.model.v2.dsl.BuildType                                      : loaded 2 times (x 70B)
Class com.google.gson.internal.bind.ReflectiveTypeAdapterFactory$BoundField           : loaded 2 times (x 75B)
Class com.google.gson.Gson$3                                                          : loaded 2 times (x 75B)
Class io.opentelemetry.api.internal.ImmutableSpanContext                              : loaded 2 times (x 91B)
Class com.intellij.gradle.toolingExtension.impl.model.sourceSetModel.GradleSourceSetSerialisationService$SourceSetModelWriteContext: loaded 2 times (x 72B)
Class org.gradle.tooling.internal.adapter.WeakIdentityHashMap                         : loaded 2 times (x 76B)
Class org.gradle.tooling.GradleConnectionException                                    : loaded 2 times (x 83B)
Class org.gradle.tooling.internal.adapter.ProtocolToModelAdapter$1                    : loaded 2 times (x 75B)
Class org.gradle.tooling.internal.adapter.ProtocolToModelAdapter$ViewDecoration       : loaded 2 times (x 70B)
Class org.gradle.internal.installation.GradleInstallation                             : loaded 2 times (x 75B)
Class com.google.protobuf.CodedInputStream                                            : loaded 2 times (x 119B)
Class com.google.protobuf.MessageLite                                                 : loaded 2 times (x 70B)
Class kotlin.reflect.jvm.internal.impl.load.java.components.DescriptorResolverUtils$1$1: loaded 2 times (x 77B)
Class kotlin.reflect.jvm.internal.JvmPropertySignature$KotlinProperty                 : loaded 2 times (x 73B)
Class kotlin.reflect.jvm.internal.impl.types.SpecialTypesKt                           : loaded 2 times (x 71B)
Class kotlin.reflect.jvm.internal.impl.utils.SmartSet                                 : loaded 2 times (x 143B)
Class kotlin.reflect.jvm.internal.impl.protobuf.GeneratedMessageLite$1                : loaded 2 times (x 71B)
Class kotlin.reflect.jvm.internal.impl.load.java.lazy.descriptors.LazyJavaScope$$Lambda$1: loaded 2 times (x 76B)
Class kotlin.reflect.jvm.internal.impl.serialization.deserialization.DeserializedClassDataFinder: loaded 2 times (x 75B)
Class kotlin.reflect.jvm.internal.impl.metadata.ProtoBuf$ClassOrBuilder               : loaded 2 times (x 70B)
Class kotlin.reflect.jvm.internal.impl.metadata.ProtoBuf$ValueParameter               : loaded 2 times (x 104B)
Class kotlin.reflect.jvm.internal.impl.protobuf.SmallSortedMap$EmptySet               : loaded 2 times (x 71B)
Class kotlin.reflect.jvm.internal.impl.types.TypeParameterUpperBoundEraser            : loaded 2 times (x 72B)
Class kotlin.reflect.jvm.internal.impl.resolve.OverridingUtil$1                       : loaded 2 times (x 74B)
Class kotlin.reflect.jvm.internal.impl.load.java.lazy.JavaResolverSettings$Default    : loaded 2 times (x 77B)
Class kotlin.reflect.jvm.internal.impl.descriptors.ClassifierDescriptor               : loaded 2 times (x 70B)
Class org.codehaus.groovy.classgen.asm.CompileStack                                   : loaded 2 times (x 115B)
Class org.codehaus.groovy.classgen.asm.MethodPointerExpressionWriter                  : loaded 2 times (x 73B)
Class org.apache.groovy.parser.antlr4.GroovyParser$TypeListContext                    : loaded 2 times (x 162B)
Class [Lgroovyjarjarantlr4.v4.runtime.atn.LexerAction;                                : loaded 2 times (x 69B)
Class org.codehaus.groovy.control.io.StringReaderSource                               : loaded 2 times (x 87B)
Class groovy.lang.ExpandoMetaClass                                                    : loaded 2 times (x 227B)
Class org.codehaus.groovy.reflection.CachedClass$7                                    : loaded 2 times (x 82B)
Class groovy.lang.IntRange                                                            : loaded 2 times (x 247B)
Class org.codehaus.groovy.reflection.ClassInfo$GlobalClassSet                         : loaded 2 times (x 76B)
Class org.jetbrains.kotlin.config.LanguageFeature$State                               : loaded 2 times (x 82B)
Class kotlin.reflect.jvm.internal.impl.builtins.PrimitiveType$$Lambda$0               : loaded 2 times (x 76B)
Class kotlin.reflect.jvm.internal.impl.serialization.deserialization.descriptors.DeserializedClassDescriptor$EnumEntryClassDescriptors$$Lambda$1: loaded 2 times (x 76B)
Class com.android.prefs.AndroidLocationsException                                     : loaded 2 times (x 82B)
Class kotlin.reflect.jvm.internal.impl.load.java.components.DescriptorResolverUtils   : loaded 2 times (x 71B)
Class com.google.gson.internal.bind.DefaultDateTypeAdapter$1                          : loaded 2 times (x 75B)
Class com.google.gson.Gson$4                                                          : loaded 2 times (x 76B)
Class com.google.gson.internal.ConstructorConstructor                                 : loaded 2 times (x 72B)
Class com.google.common.collect.Iterables                                             : loaded 2 times (x 71B)
Class com.amazon.ion.impl.lite.ContainerlessContext                                   : loaded 2 times (x 80B)
Class org.jetbrains.plugins.gradle.tooling.serialization.GradleExtensionsSerializationService$ReadContext: loaded 2 times (x 72B)
Class com.google.common.collect.ForwardingCollection                                  : loaded 2 times (x 130B)
Class com.google.common.collect.LexicographicalOrdering                               : loaded 2 times (x 115B)
Class org.gradle.tooling.internal.adapter.MethodInvoker                               : loaded 2 times (x 70B)
Class com.google.protobuf.AbstractMessageLite$Builder                                 : loaded 2 times (x 126B)
Class com.google.protobuf.MapFieldReflectionAccessor                                  : loaded 2 times (x 74B)
Class kotlin.reflect.jvm.internal.impl.resolve.scopes.GivenFunctionsMemberScope       : loaded 2 times (x 94B)
Class kotlin.reflect.jvm.internal.impl.descriptors.impl.ValueParameterDescriptorImpl$Companion: loaded 2 times (x 71B)
Class kotlin.reflect.jvm.internal.impl.serialization.deserialization.descriptors.DeserializedClassDescriptor$EnumEntryClassDescriptors$$Lambda$0: loaded 2 times (x 76B)
Class kotlin.reflect.jvm.internal.impl.metadata.ProtoBuf$VersionRequirementOrBuilder  : loaded 2 times (x 70B)
Class kotlin.reflect.jvm.internal.impl.types.model.IntersectionTypeConstructorMarker  : loaded 2 times (x 70B)
Class kotlin.reflect.jvm.internal.impl.load.java.typeEnhancement.JavaTypeEnhancement$SimpleResult: loaded 2 times (x 72B)
Class kotlin.reflect.jvm.internal.impl.load.java.structure.JavaType                   : loaded 2 times (x 70B)
Class kotlin.reflect.jvm.internal.impl.protobuf.AbstractMessageLite$Builder           : loaded 2 times (x 85B)
Class kotlin.reflect.jvm.internal.impl.resolve.scopes.ChainedMemberScope              : loaded 2 times (x 85B)
Class kotlin.reflect.jvm.internal.impl.load.java.lazy.descriptors.LazyJavaScope$$Lambda$2: loaded 2 times (x 76B)
Class kotlin.reflect.jvm.internal.impl.load.kotlin.DeserializationComponentsForJava$Companion$ModuleData: loaded 2 times (x 72B)
Class kotlin.reflect.jvm.internal.impl.metadata.ProtoBuf$Class$1                      : loaded 2 times (x 87B)
Class kotlin.reflect.jvm.internal.impl.metadata.jvm.JvmProtoBuf$JvmMethodSignature$1  : loaded 2 times (x 87B)
Class kotlin.reflect.jvm.internal.impl.metadata.jvm.deserialization.JvmProtoBufUtil   : loaded 2 times (x 71B)
Class kotlin.reflect.jvm.internal.impl.util.TypeRegistry                              : loaded 2 times (x 73B)
Class kotlin.reflect.jvm.internal.impl.descriptors.impl.AbstractClassDescriptor$1$1   : loaded 2 times (x 77B)
Class groovyjarjarasm.asm.MethodTooLargeException                                     : loaded 2 times (x 83B)
Class [Lorg.codehaus.groovy.ast.expr.Expression;                                      : loaded 2 times (x 69B)
Class org.apache.groovy.parser.antlr4.internal.atnmanager.AtnManager                  : loaded 2 times (x 73B)
Class groovyjarjarantlr4.v4.runtime.misc.IntegerList                                  : loaded 2 times (x 72B)
Class groovyjarjarantlr4.v4.runtime.atn.EpsilonTransition                             : loaded 2 times (x 76B)
Class groovyjarjarantlr4.v4.runtime.atn.SetTransition                                 : loaded 2 times (x 76B)
Class groovyjarjarantlr4.v4.runtime.ANTLRErrorStrategy                                : loaded 2 times (x 70B)
Class groovyjarjarantlr4.v4.runtime.TokenSource                                       : loaded 2 times (x 70B)
Class org.apache.groovy.parser.antlr4.GroovyParser$ModifierContext                    : loaded 2 times (x 163B)
Class org.apache.groovy.parser.antlr4.GroovyParser$IfElseStatementContext             : loaded 2 times (x 164B)
Class org.codehaus.groovy.ast.expr.ConstructorCallExpression                          : loaded 2 times (x 141B)
Class org.codehaus.groovy.reflection.CachedClass$8                                    : loaded 2 times (x 82B)
Class com.android.utils.XmlUtils                                                      : loaded 2 times (x 71B)
Class kotlin.reflect.jvm.internal.impl.builtins.PrimitiveType$$Lambda$1               : loaded 2 times (x 76B)
Class kotlin.reflect.jvm.internal.JvmPropertySignature                                : loaded 2 times (x 72B)
Class kotlin.reflect.jvm.internal.impl.resolve.OverridingUtil$3                       : loaded 2 times (x 75B)
Class org.jetbrains.kotlin.cli.common.CompilerSystemProperties$value$2                : loaded 2 times (x 125B)
Class com.google.gson.ReflectionAccessFilter$FilterResult                             : loaded 2 times (x 79B)
Class com.google.protobuf.UnsafeUtil$JvmMemoryAccessor                                : loaded 2 times (x 91B)
Class com.google.gson.Gson$5                                                          : loaded 2 times (x 76B)
Class gnu.trove.PrimeFinder                                                           : loaded 2 times (x 71B)
Class com.amazon.ion.UnexpectedEofException                                           : loaded 2 times (x 84B)
Class com.amazon.ion.IonSexp                                                          : loaded 2 times (x 70B)
Class com.amazon.ion.ReadOnlyValueException                                           : loaded 2 times (x 84B)
Class com.amazon.ion.impl._Private_LocalSymbolTable                                   : loaded 2 times (x 70B)
Class com.amazon.ion.BufferConfiguration$DataHandler                                  : loaded 2 times (x 70B)
Class com.amazon.ion.impl._Private_IonBinaryWriterBuilder                             : loaded 2 times (x 115B)
Class org.jetbrains.plugins.gradle.tooling.serialization.RepositoriesModelSerializationService$WriteContext: loaded 2 times (x 72B)
Class com.android.ide.gradle.model.LegacyAndroidGradlePluginProperties                : loaded 2 times (x 70B)
Class org.gradle.tooling.model.gradle.GradleScript                                    : loaded 2 times (x 70B)

---------------  S Y S T E M  ---------------

OS:
 Windows 11 , 64 bit Build 26100 (10.0.26100.8875)
OS uptime: 0 days 2:28 hours
Hyper-V role detected

CPU: total 4 (initial active 4) (4 cores per cpu, 1 threads per core) family 6 model 190 stepping 0 microcode 0x7, cx8, cmov, fxsr, mmx, 3dnowpref, sse, sse2, sse3, ssse3, sse4.1, sse4.2, popcnt, lzcnt, tsc, tscinvbit, avx, avx2, aes, erms, clmul, bmi1, bmi2, adx, sha, fma, vzeroupper, clflush, clflushopt, clwb, hv, serialize, rdtscp, rdpid, fsrm, f16c, cet_ibt, cet_ss
Processor Information for the first 4 processors :
  Max Mhz: 800, Current Mhz: 800, Mhz Limit: 800

Memory: 4k page, system-wide physical 7966M (930M free)
TotalPageFile size 19818M (AvailPageFile size 2059M)
current process WorkingSet (physical memory assigned to process): 840M, peak: 894M
current process commit charge ("private bytes"): 2294M, peak: 2656M

vm_info: OpenJDK 64-Bit Server VM (21.0.10+-14961533-b1163.108) for windows-amd64 JRE (21.0.10+-14961533-b1163.108), built on 2026-03-02T19:58:50Z by "builder" with MS VC++ 16.10 / 16.11 (VS2019)

END.
